variant,seed,split_seed,fault_id,auroc,auprc,detected_run_ratio,detection_delay,prefault_run_alarm_rate,architecture
F0,42,42,1,0.9989360517222463,0.9996322805479043,1.0,7.2,0.0,tcn
F0,42,42,2,0.9974167261479895,0.9990994054917595,1.0,17.05,0.0,tcn
F0,42,42,3,0.5265518738774057,0.723378949547552,0.0,,0.0,tcn
F0,42,42,4,0.5013164172149427,0.7104904370357105,1.0,4.0,0.0,tcn
F0,42,42,5,0.4944564300850984,0.7053337882193931,0.0,,0.0,tcn
F0,42,42,6,0.9995637707583653,0.9998533350359919,1.0,3.0,0.0,tcn
F0,42,42,7,0.5125146823327527,0.7228819691976365,1.0,4.0,0.0,tcn
F0,42,42,8,0.9919914716727134,0.997270383045806,1.0,28.45,0.0,tcn
F0,42,42,9,0.5264484287684962,0.7259666799360917,0.0,,0.0,tcn
F0,42,42,10,0.9590670308279677,0.9851301101558964,1.0,39.7,0.0,tcn
F0,42,42,11,0.9436278675853295,0.9786786265178682,1.0,12.0,0.0,tcn
F0,42,42,12,0.7978175223964131,0.9143815615599891,1.0,28.15,0.0,tcn
F0,42,42,13,0.9887625635032465,0.9962770328255893,1.0,37.4,0.0,tcn
F0,42,42,14,0.996734105542673,0.9987373237678977,1.0,5.9,0.0,tcn
F0,42,42,15,0.5186057423823841,0.7198396556121675,0.0,,0.0,tcn
F0,42,42,16,0.5115604570631143,0.7156594081855191,0.0,,0.0,tcn
F0,42,42,17,0.9859995019594935,0.9951543809067228,1.0,33.1,0.0,tcn
F0,42,42,18,0.9351804657171845,0.9760122427342647,1.0,59.35,0.0,tcn
F0,42,42,19,0.7722944750788667,0.9017162828307711,1.0,123.55,0.0,tcn
F0,42,42,20,0.9857170365603646,0.9951560710546159,1.0,43.8,0.0,tcn
F0,42,42,21,0.5018395230892319,0.7081682007061538,0.0,,0.0,tcn
F0,42,42,22,0.5424520728470534,0.7363368070933443,0.0,,0.0,tcn
F0,42,42,23,0.5203011049349158,0.7212395260481783,0.0,,0.0,tcn
F0,42,42,24,0.856634793307026,0.940805798569329,1.0,37.5,0.0,tcn
F0,42,42,25,0.6314349730454067,0.8032690986855374,0.55,517.0909090909091,0.0,tcn
F0,42,42,26,0.5377597638745579,0.7351326135931643,0.1,1265.0,0.0,tcn
F0,42,42,27,0.7892589428473863,0.9064860634130343,1.0,32.45,0.0,tcn
F0,42,42,28,0.5675240267561167,0.7640739254488005,0.0,,0.0,tcn
F1,42,42,1,0.9989958843855672,0.9996531087917763,1.0,6.65,0.0,tcn
F1,42,42,2,0.9977501913880906,0.9992142599968542,1.0,15.3,0.0,tcn
F1,42,42,3,0.5470850453475743,0.7373922540967208,0.0,,0.0,tcn
F1,42,42,4,0.71047098112747,0.834956218440667,1.0,4.0,0.0,tcn
F1,42,42,5,0.4946663775812737,0.7053645041578223,0.0,,0.0,tcn
F1,42,42,6,0.9995947072101226,0.9998669045497232,1.0,3.0,0.0,tcn
F1,42,42,7,0.9992813176869717,0.9997598970378285,1.0,4.0,0.0,tcn
F1,42,42,8,0.992189609198463,0.997336451833853,1.0,26.6,0.0,tcn
F1,42,42,9,0.542969323047071,0.7372779370153629,0.0,,0.0,tcn
F1,42,42,10,0.9593085465723349,0.985245147348868,1.0,38.45,0.0,tcn
F1,42,42,11,0.9580455546802863,0.984048862957625,1.0,11.3,0.0,tcn
F1,42,42,12,0.8027730624190222,0.9166813061140523,1.0,26.55,0.0,tcn
F1,42,42,13,0.988855662560298,0.996312239618507,1.0,36.5,0.0,tcn
F1,42,42,14,0.9965150108668986,0.9986515623413289,1.0,5.9,0.0,tcn
F1,42,42,15,0.5187780717942649,0.7205006250799372,0.0,,0.0,tcn
F1,42,42,16,0.5117017914664951,0.7155132325477896,0.0,,0.0,tcn
F1,42,42,17,0.9841942931214935,0.994442095075278,1.0,32.6,0.0,tcn
F1,42,42,18,0.9369361047315081,0.9765205945732887,1.0,59.7,0.0,tcn
F1,42,42,19,0.9539849311927454,0.9822382825179578,1.0,32.8,0.0,tcn
F1,42,42,20,0.9846354565391856,0.994720157392425,1.0,43.85,0.0,tcn
F1,42,42,21,0.5016603887674607,0.7079150337281841,0.0,,0.0,tcn
F1,42,42,22,0.5619393746632987,0.7505479648962748,0.0,,0.0,tcn
F1,42,42,23,0.5503225397846838,0.7412136532957277,0.0,,0.0,tcn
F1,42,42,24,0.9662841586135735,0.9875271198024322,1.0,17.4,0.0,tcn
F1,42,42,25,0.9237834990797346,0.9715911230155424,1.0,21.4,0.0,tcn
F1,42,42,26,0.9260007439788259,0.9728329485096957,1.0,32.1,0.0,tcn
F1,42,42,27,0.7969422131243535,0.9107486970438692,1.0,24.45,0.0,tcn
F1,42,42,28,0.5687638486696525,0.7647901344843873,0.05,1212.0,0.0,tcn
F0-C,42,42,1,0.9989279092530748,0.9996301100515428,1.0,7.2,0.0,tcn
F0-C,42,42,2,0.9974472434567463,0.9991106986156233,1.0,16.75,0.0,tcn
F0-C,42,42,3,0.5272837622768834,0.7240025343258696,0.0,,0.0,tcn
F0-C,42,42,4,0.5011126613238261,0.710285446898758,1.0,4.0,0.0,tcn
F0-C,42,42,5,0.4948623115243368,0.7054417563715308,0.0,,0.0,tcn
F0-C,42,42,6,0.999587137980643,0.9998631336171546,1.0,3.0,0.0,tcn
F0-C,42,42,7,0.5118856503928233,0.7228485647687082,1.0,4.0,0.0,tcn
F0-C,42,42,8,0.9919438188118775,0.9972505248322521,1.0,28.45,0.0,tcn
F0-C,42,42,9,0.5263566888442625,0.7258022849035407,0.0,,0.0,tcn
F0-C,42,42,10,0.9591596491033422,0.9851818239283572,1.0,39.45,0.0,tcn
F0-C,42,42,11,0.9424195553632428,0.9782176003526305,1.0,12.25,0.0,tcn
F0-C,42,42,12,0.7993977007540876,0.915162582133056,1.0,27.75,0.0,tcn
F0-C,42,42,13,0.9887514685414687,0.9962747129571562,1.0,37.45,0.0,tcn
F0-C,42,42,14,0.9965833712411194,0.9986734155029141,1.0,5.9,0.0,tcn
F0-C,42,42,15,0.5188824260736533,0.7200111772833067,0.0,,0.0,tcn
F0-C,42,42,16,0.5116321490078022,0.7157638545867423,0.0,,0.0,tcn
F0-C,42,42,17,0.9849908743939377,0.9947732749581674,1.0,32.95,0.0,tcn
F0-C,42,42,18,0.9354155433017867,0.9761319551887924,1.0,59.6,0.0,tcn
F0-C,42,42,19,0.7704532784995667,0.9007351562892669,1.0,123.55,0.0,tcn
F0-C,42,42,20,0.9846655670326772,0.9947313352821402,1.0,43.55,0.0,tcn
F0-C,42,42,21,0.5017404943914968,0.7081043462508135,0.0,,0.0,tcn
F0-C,42,42,22,0.5421409269717288,0.7360166263846554,0.0,,0.0,tcn
F0-C,42,42,23,0.5198162027123483,0.7210243760165875,0.0,,0.0,tcn
F0-C,42,42,24,0.855523127447826,0.9402996901479286,1.0,36.5,0.0,tcn
F0-C,42,42,25,0.6304910291070158,0.8024209070168333,0.55,528.6363636363636,0.0,tcn
F0-C,42,42,26,0.5371213813473968,0.7347432692821634,0.1,1118.0,0.0,tcn
F0-C,42,42,27,0.7881981936169452,0.9059852519750888,1.0,35.2,0.0,tcn
F0-C,42,42,28,0.5677225710971314,0.7641281904513959,0.05,1212.0,0.0,tcn
F0,43,42,1,0.998921397126898,0.9996283463602518,1.0,7.2,0.0,tcn
F0,43,42,2,0.9974474345366435,0.9991099492144473,1.0,16.65,0.0,tcn
F0,43,42,3,0.5212238112673035,0.7198077444128488,0.0,,0.0,tcn
F0,43,42,4,0.5007994474709034,0.7097621077433725,1.0,4.0,0.0,tcn
F0,43,42,5,0.4944005238054733,0.7050457477555627,0.0,,0.0,tcn
F0,43,42,6,0.9995971789210519,0.9998667612638477,1.0,3.0,0.0,tcn
F0,43,42,7,0.51163475632382,0.7217199931299085,1.0,4.0,0.0,tcn
F0,43,42,8,0.9920524693070211,0.9972921030468357,1.0,29.5,0.0,tcn
F0,43,42,9,0.5283626887530373,0.7269344967707269,0.0,,0.0,tcn
F0,43,42,10,0.9603108746651479,0.9856066349518096,1.0,38.85,0.0,tcn
F0,43,42,11,0.940841186100725,0.9775402480899287,1.0,11.5,0.0,tcn
F0,43,42,12,0.8003436417855985,0.9154118653279699,1.0,25.65,0.0,tcn
F0,43,42,13,0.9887136809508136,0.996263090765178,1.0,37.9,0.0,tcn
F0,43,42,14,0.9964568979226534,0.9986207011081657,1.0,5.95,0.0,tcn
F0,43,42,15,0.5182685233468816,0.7196562012679285,0.0,,0.0,tcn
F0,43,42,16,0.5121962846671326,0.7157356389788324,0.0,,0.0,tcn
F0,43,42,17,0.9842474256606741,0.9944856521612243,1.0,33.05,0.0,tcn
F0,43,42,18,0.9336901781234475,0.9754866929745446,1.0,59.45,0.0,tcn
F0,43,42,19,0.7731265078361249,0.9021591243119629,1.0,128.65,0.0,tcn
F0,43,42,20,0.9843417667370581,0.9945920485389059,1.0,43.45,0.0,tcn
F0,43,42,21,0.5030442972512849,0.7089503869637991,0.0,,0.0,tcn
F0,43,42,22,0.5429547393362008,0.7366609725301664,0.0,,0.0,tcn
F0,43,42,23,0.5196641709166534,0.7210886868628309,0.0,,0.0,tcn
F0,43,42,24,0.8565029697514359,0.940580260779165,1.0,35.7,0.0,tcn
F0,43,42,25,0.6301819635370245,0.8017961110117232,0.4,635.625,0.0,tcn
F0,43,42,26,0.5363966461163319,0.7338393365221204,0.1,1097.5,0.0,tcn
F0,43,42,27,0.7867833486813638,0.905400159965039,1.0,32.3,0.0,tcn
F0,43,42,28,0.567521773862489,0.7640214048434939,0.0,,0.0,tcn
F1,43,42,1,0.9989746128782919,0.9996469945423898,1.0,6.95,0.0,tcn
F1,43,42,2,0.997736399734214,0.9992090606657617,1.0,15.55,0.0,tcn
F1,43,42,3,0.5389641682045516,0.7317667566589786,0.0,,0.0,tcn
F1,43,42,4,0.6220470820866911,0.7816599077031154,1.0,4.0,0.0,tcn
F1,43,42,5,0.4943470984825791,0.704863345344972,0.0,,0.0,tcn
F1,43,42,6,0.9995986520854213,0.9998681531966929,1.0,3.0,0.0,tcn
F1,43,42,7,0.9992864182874557,0.9997612378465439,1.0,4.0,0.0,tcn
F1,43,42,8,0.9924085004666048,0.9974186347680992,1.0,26.3,0.0,tcn
F1,43,42,9,0.5421669847222377,0.736482517445114,0.0,,0.0,tcn
F1,43,42,10,0.9603320198131362,0.9856312935652065,1.0,38.45,0.0,tcn
F1,43,42,11,0.9500859951995799,0.9809219364647664,1.0,11.05,0.0,tcn
F1,43,42,12,0.8042237132618079,0.917135161227502,1.0,26.05,0.0,tcn
F1,43,42,13,0.9888418832341567,0.9963087559289916,1.0,36.45,0.0,tcn
F1,43,42,14,0.9962836994054334,0.998552767210606,1.0,5.9,0.0,tcn
F1,43,42,15,0.5191362294881894,0.7205218465288616,0.0,,0.0,tcn
F1,43,42,16,0.5125430083865583,0.7157256339886,0.0,,0.0,tcn
F1,43,42,17,0.9841772654370984,0.9944332701055615,1.0,32.7,0.0,tcn
F1,43,42,18,0.9354913003171926,0.9759903032020242,1.0,59.5,0.0,tcn
F1,43,42,19,0.9516594611053787,0.9810643273189366,1.0,35.9,0.0,tcn
F1,43,42,20,0.98632499115485,0.9954063767997854,1.0,43.75,0.0,tcn
F1,43,42,21,0.502888465431181,0.7086429026277341,0.0,,0.0,tcn
F1,43,42,22,0.5603732098587365,0.7495331818700136,0.0,,0.0,tcn
F1,43,42,23,0.550440932272655,0.7415639075372773,0.0,,0.0,tcn
F1,43,42,24,0.968076626737132,0.988151927540992,1.0,17.7,0.0,tcn
F1,43,42,25,0.9207250834895874,0.9702537819580636,1.0,21.55,0.0,tcn
F1,43,42,26,0.9242219288221218,0.9720849332348234,1.0,30.7,0.0,tcn
F1,43,42,27,0.7936388731710263,0.9095323772004588,1.0,25.65,0.0,tcn
F1,43,42,28,0.5687778159937572,0.7648494635601651,0.05,1212.0,0.0,tcn
F0-C,43,42,1,0.9989191812164763,0.9996281244157766,1.0,7.15,0.0,tcn
F0-C,43,42,2,0.9974958486351347,0.9991253067574194,1.0,16.95,0.0,tcn
F0-C,43,42,3,0.5203356842324567,0.7193334565133065,0.0,,0.0,tcn
F0-C,43,42,4,0.50097395581,0.7097787326088165,1.0,4.0,0.0,tcn
F0-C,43,42,5,0.49464393493914416,0.7052067907822994,0.0,,0.0,tcn
F0-C,43,42,6,0.9995954530381087,0.9998658316474928,1.0,3.0,0.0,tcn
F0-C,43,42,7,0.510736628413704,0.7202942356370573,1.0,4.0,0.0,tcn
F0-C,43,42,8,0.9917879931556414,0.9971927345517398,1.0,28.85,0.0,tcn
F0-C,43,42,9,0.5278774875828887,0.7265181052483389,0.0,,0.0,tcn
F0-C,43,42,10,0.9594880014152241,0.9852900722403846,1.0,38.75,0.0,tcn
F0-C,43,42,11,0.9401447954150687,0.9772413557121117,1.0,11.4,0.0,tcn
F0-C,43,42,12,0.799380127567405,0.9149345264510704,1.0,27.65,0.0,tcn
F0-C,43,42,13,0.9887089409365873,0.996262381576891,1.0,37.55,0.0,tcn
F0-C,43,42,14,0.9961410767537128,0.9984927633197053,1.0,5.9,0.0,tcn
F0-C,43,42,15,0.5183075991858763,0.7196191379231232,0.0,,0.0,tcn
F0-C,43,42,16,0.5121200129687775,0.7155863790311715,0.0,,0.0,tcn
F0-C,43,42,17,0.9848295228303494,0.994704989423649,1.0,33.05,0.0,tcn
F0-C,43,42,18,0.9336369962733256,0.9754665742221094,1.0,59.45,0.0,tcn
F0-C,43,42,19,0.7725508364984793,0.9019029603126327,1.0,128.65,0.0,tcn
F0-C,43,42,20,0.9842590630428056,0.9945649653568092,1.0,43.35,0.0,tcn
F0-C,43,42,21,0.5030412368909944,0.7089390310987407,0.0,,0.0,tcn
F0-C,43,42,22,0.5424725522973352,0.7362258274931913,0.0,,0.0,tcn
F0-C,43,42,23,0.5191323986444423,0.7208612514721657,0.0,,0.0,tcn
F0-C,43,42,24,0.854592432742958,0.9397512222681509,1.0,35.7,0.0,tcn
F0-C,43,42,25,0.6303616680165537,0.8020719109569986,0.5,606.8,0.0,tcn
F0-C,43,42,26,0.5370838772946538,0.7343253023347175,0.0,,0.0,tcn
F0-C,43,42,27,0.7867434160647649,0.9053818844079125,1.0,30.8,0.0,tcn
F0-C,43,42,28,0.567326071064463,0.7638637356756968,0.0,,0.0,tcn
F0,44,42,1,0.9989402246606482,0.999634351398708,1.0,7.25,0.0,tcn
F0,44,42,2,0.9974783432509964,0.9991209804364416,1.0,16.85,0.0,tcn
F0,44,42,3,0.5242850005978952,0.7216956210653996,0.0,,0.0,tcn
F0,44,42,4,0.5011229796382796,0.710123324036489,1.0,4.0,0.0,tcn
F0,44,42,5,0.49445625749680405,0.7047550863759404,0.0,,0.0,tcn
F0,44,42,6,0.9996014011703952,0.9998686214046436,1.0,3.0,0.0,tcn
F0,44,42,7,0.510905761860206,0.7204380373161218,1.0,4.0,0.0,tcn
F0,44,42,8,0.9917461774774742,0.9971789000093463,1.0,29.2,0.0,tcn
F0,44,42,9,0.5271047204131271,0.726355537126874,0.0,,0.0,tcn
F0,44,42,10,0.9589856123001211,0.9851003215332972,1.0,39.55,0.0,tcn
F0,44,42,11,0.9386588595118956,0.9766882072204933,1.0,11.95,0.0,tcn
F0,44,42,12,0.7987016614088875,0.9145587114585451,1.0,26.85,0.0,tcn
F0,44,42,13,0.9887078376042773,0.9962616359530292,1.0,37.55,0.0,tcn
F0,44,42,14,0.9967706387862605,0.9987546118479962,1.0,5.9,0.0,tcn
F0,44,42,15,0.5182927843299691,0.7197730867685317,0.0,,0.0,tcn
F0,44,42,16,0.5118925292691255,0.7155908883355325,0.0,,0.0,tcn
F0,44,42,17,0.9840591626509069,0.9944081475669605,1.0,33.15,0.0,tcn
F0,44,42,18,0.9341110408430199,0.9756121488305012,1.0,59.25,0.0,tcn
F0,44,42,19,0.7743913211510653,0.902849705939475,1.0,129.95,0.0,tcn
F0,44,42,20,0.9851752325935459,0.9949307383620686,1.0,43.8,0.0,tcn
F0,44,42,21,0.5018613616723313,0.708012848107973,0.0,,0.0,tcn
F0,44,42,22,0.5423046701159671,0.7362966970317362,0.0,,0.0,tcn
F0,44,42,23,0.5191433425914626,0.7209129868842952,0.0,,0.0,tcn
F0,44,42,24,0.8518938637464727,0.9384334923499438,1.0,37.45,0.0,tcn
F0,44,42,25,0.6323424330511515,0.8033047472272888,0.5,663.6,0.0,tcn
F0,44,42,26,0.5349577898343029,0.7330249138986834,0.0,,0.0,tcn
F0,44,42,27,0.7834431303078605,0.9038623645616619,1.0,35.3,0.0,tcn
F0,44,42,28,0.567620161517988,0.7639252407407833,0.0,,0.0,tcn
F1,44,42,1,0.9989927346491958,0.9996526752885616,1.0,6.75,0.0,tcn
F1,44,42,2,0.9977341838237923,0.9992107273448319,1.0,14.3,0.0,tcn
F1,44,42,3,0.5400786540332035,0.7324178414867617,0.0,,0.0,tcn
F1,44,42,4,0.5984786156939467,0.7666754901076823,1.0,4.0,0.0,tcn
F1,44,42,5,0.49419959096574245,0.704531441501831,0.0,,0.0,tcn
F1,44,42,6,0.9995920752386341,0.9998663442556578,1.0,3.0,0.0,tcn
F1,44,42,7,0.9992889547189955,0.999761906099587,1.0,4.0,0.0,tcn
F1,44,42,8,0.9924043891668793,0.9974157792396487,1.0,28.05,0.0,tcn
F1,44,42,9,0.5409266357980175,0.735723852705679,0.0,,0.0,tcn
F1,44,42,10,0.9595732477048838,0.985355024732554,1.0,38.45,0.0,tcn
F1,44,42,11,0.9477639214032908,0.9800328310026462,1.0,11.05,0.0,tcn
F1,44,42,12,0.8021988950650842,0.9162590240432172,1.0,26.95,0.0,tcn
F1,44,42,13,0.9888326189410722,0.9963058837479408,1.0,36.5,0.0,tcn
F1,44,42,14,0.9965704178732437,0.9986745307927616,1.0,5.9,0.0,tcn
F1,44,42,15,0.5186739085947738,0.7204420611085018,0.0,,0.0,tcn
F1,44,42,16,0.5126010072992521,0.7158224273714705,0.0,,0.0,tcn
F1,44,42,17,0.9844199369066506,0.9945241341705756,1.0,32.9,0.0,tcn
F1,44,42,18,0.9347489826536437,0.9756786561381233,1.0,59.3,0.0,tcn
F1,44,42,19,0.9492643146580471,0.9802092710552888,1.0,35.35,0.0,tcn
F1,44,42,20,0.9857697345468756,0.995169563530679,1.0,43.75,0.0,tcn
F1,44,42,21,0.5013755872624908,0.7078801618334191,0.0,,0.0,tcn
F1,44,42,22,0.55894044347795,0.7484057165823259,0.0,,0.0,tcn
F1,44,42,23,0.5478617173274949,0.7398015290628553,0.0,,0.0,tcn
F1,44,42,24,0.9667906775200048,0.9876748542953163,1.0,17.6,0.0,tcn
F1,44,42,25,0.9239929688761667,0.9716422056171278,1.0,21.45,0.0,tcn
F1,44,42,26,0.921441512908988,0.9708845827843602,1.0,34.65,0.0,tcn
F1,44,42,27,0.7896854516697301,0.9076467995690648,1.0,26.5,0.0,tcn
F1,44,42,28,0.5683094329365035,0.7646099482967852,0.0,,0.0,tcn
F0-C,44,42,1,0.998935164125304,0.9996332253523998,1.0,7.25,0.0,tcn
F0-C,44,42,2,0.9975170893230717,0.9991358833548035,1.0,16.3,0.0,tcn
F0-C,44,42,3,0.5231041391604072,0.7208734266310984,0.0,,0.0,tcn
F0-C,44,42,4,0.5016232822841814,0.7102187441796485,1.0,4.0,0.0,tcn
F0-C,44,42,5,0.49439031952257145,0.7045964869674266,0.0,,0.0,tcn
F0-C,44,42,6,0.9995766470778953,0.9998575748178036,1.0,3.0,0.0,tcn
F0-C,44,42,7,0.5109719001601373,0.7206892188652102,1.0,4.0,0.0,tcn
F0-C,44,42,8,0.9918529818942552,0.9972180173636297,1.0,29.4,0.0,tcn
F0-C,44,42,9,0.5262729742757147,0.7257661328045992,0.0,,0.0,tcn
F0-C,44,42,10,0.9595807460498854,0.9853364001114752,1.0,39.0,0.0,tcn
F0-C,44,42,11,0.9392972266293876,0.9769542391222638,1.0,11.65,0.0,tcn
F0-C,44,42,12,0.797773475398155,0.9141084060734248,1.0,27.75,0.0,tcn
F0-C,44,42,13,0.9887117547421715,0.9962627165027201,1.0,37.35,0.0,tcn
F0-C,44,42,14,0.9966583793466054,0.9987067858221073,1.0,5.9,0.0,tcn
F0-C,44,42,15,0.5186148741523141,0.7198397499728478,0.0,,0.0,tcn
F0-C,44,42,16,0.5117533922845636,0.715554292895701,0.0,,0.0,tcn
F0-C,44,42,17,0.9844785213867716,0.9945713740709159,1.0,33.15,0.0,tcn
F0-C,44,42,18,0.9343453910912388,0.9757095967372135,1.0,59.45,0.0,tcn
F0-C,44,42,19,0.7727111956793753,0.902003749083853,1.0,129.95,0.0,tcn
F0-C,44,42,20,0.9837193332174526,0.9943461439169121,1.0,43.9,0.0,tcn
F0-C,44,42,21,0.5019468391070282,0.7081250142836618,0.0,,0.0,tcn
F0-C,44,42,22,0.5411333842468802,0.7354517259341765,0.0,,0.0,tcn
F0-C,44,42,23,0.5191886778380604,0.7208470655017294,0.0,,0.0,tcn
F0-C,44,42,24,0.8631674883102249,0.9439800809884932,1.0,35.5,0.0,tcn
F0-C,44,42,25,0.6328010340504377,0.8035010263225044,0.65,635.0769230769231,0.0,tcn
F0-C,44,42,26,0.5363005298460636,0.734148394621705,0.15,1042.3333333333333,0.0,tcn
F0-C,44,42,27,0.7829387841647775,0.903589065686135,1.0,32.2,0.0,tcn
F0-C,44,42,28,0.5675662061024755,0.7638688166116372,0.05,1322.0,0.0,tcn
F0,45,42,1,0.9989347049171637,0.9996335282994296,1.0,7.0,0.0,tcn
F0,45,42,2,0.9975527996903273,0.9991464626169321,1.0,16.25,0.0,tcn
F0,45,42,3,0.5249424233122406,0.7221777118905144,0.0,,0.0,tcn
F0,45,42,4,0.5009059591039708,0.7099245051235593,1.0,4.0,0.0,tcn
F0,45,42,5,0.4940151464719871,0.7048687581591857,0.0,,0.0,tcn
F0,45,42,6,0.9996062921993789,0.9998701371790799,1.0,3.0,0.0,tcn
F0,45,42,7,0.5125184916029631,0.7224977332674094,1.0,4.0,0.0,tcn
F0,45,42,8,0.9918808703134573,0.9972293576562171,1.0,28.35,0.0,tcn
F0,45,42,9,0.5270268584369171,0.7262969231326752,0.0,,0.0,tcn
F0,45,42,10,0.9591185792531611,0.9851343140702933,1.0,39.65,0.0,tcn
F0,45,42,11,0.9395133102558129,0.9770217551045465,1.0,11.95,0.0,tcn
F0,45,42,12,0.8009447822243919,0.9156418635233218,1.0,27.95,0.0,tcn
F0,45,42,13,0.9887539310065966,0.9962766851463447,1.0,37.35,0.0,tcn
F0,45,42,14,0.9966742143226094,0.9987115628939187,1.0,5.95,0.0,tcn
F0,45,42,15,0.5188863154741432,0.7198209497254534,0.0,,0.0,tcn
F0,45,42,16,0.511553864806658,0.7155160289732236,0.0,,0.0,tcn
F0,45,42,17,0.9838848762110459,0.9943455556177371,1.0,33.0,0.0,tcn
F0,45,42,18,0.936059966419249,0.9763672529981354,1.0,59.3,0.0,tcn
F0,45,42,19,0.7733429674584771,0.9022324768576772,1.0,137.85,0.0,tcn
F0,45,42,20,0.9841035733173565,0.9945054985827332,1.0,43.8,0.0,tcn
F0,45,42,21,0.501677699989768,0.7081974946743748,0.0,,0.0,tcn
F0,45,42,22,0.5419114307692877,0.7362304336527846,0.0,,0.0,tcn
F0,45,42,23,0.5186601570060368,0.7204943947554608,0.0,,0.0,tcn
F0,45,42,24,0.8601800065090442,0.9424324527563513,1.0,35.5,0.0,tcn
F0,45,42,25,0.6326613515635883,0.8035984071096705,0.6,590.8333333333334,0.0,tcn
F0,45,42,26,0.5360744977372441,0.7334965648233369,0.0,,0.0,tcn
F0,45,42,27,0.7835351352784035,0.9037236331237517,1.0,32.15,0.0,tcn
F0,45,42,28,0.5665588729491271,0.7629957210208517,0.0,,0.0,tcn
F1,45,42,1,0.9989929473026299,0.9996532909939223,1.0,6.7,0.0,tcn
F1,45,42,2,0.9977612154653905,0.9992173271937403,1.0,14.85,0.0,tcn
F1,45,42,3,0.5424475054211216,0.7343240260141671,0.0,,0.0,tcn
F1,45,42,4,0.6871687167690486,0.8250556180605976,1.0,4.0,0.0,tcn
F1,45,42,5,0.49438039261371414,0.7049779827334671,0.0,,0.0,tcn
F1,45,42,6,0.9995983069088327,0.9998677244961398,1.0,3.0,0.0,tcn
F1,45,42,7,0.999279191152631,0.9997589692702943,1.0,4.0,0.0,tcn
F1,45,42,8,0.9922205394863526,0.997349337280281,1.0,27.75,0.0,tcn
F1,45,42,9,0.5403453276034019,0.735323717171543,0.0,,0.0,tcn
F1,45,42,10,0.9596102648120821,0.985373362341641,1.0,38.4,0.0,tcn
F1,45,42,11,0.9519533173319329,0.9816650842779108,1.0,11.9,0.0,tcn
F1,45,42,12,0.8038418585786861,0.9171624263544135,1.0,27.2,0.0,tcn
F1,45,42,13,0.9888362309675176,0.996306522201651,1.0,36.35,0.0,tcn
F1,45,42,14,0.9963579925022714,0.9985855633694407,1.0,5.9,0.0,tcn
F1,45,42,15,0.5189221491187519,0.7203768229741838,0.0,,0.0,tcn
F1,45,42,16,0.5116698533862439,0.7154357129556121,0.0,,0.0,tcn
F1,45,42,17,0.9834571315332374,0.9941512997708465,1.0,32.6,0.0,tcn
F1,45,42,18,0.9384262844575612,0.9771481908219792,1.0,59.0,0.0,tcn
F1,45,42,19,0.9477955204708208,0.9796789350932721,1.0,35.0,0.0,tcn
F1,45,42,20,0.9860554144029863,0.9952959371832931,1.0,43.5,0.0,tcn
F1,45,42,21,0.5019233455254636,0.7080794595621647,0.0,,0.0,tcn
F1,45,42,22,0.5577569254135031,0.7478815309196198,0.0,,0.0,tcn
F1,45,42,23,0.5488066937137179,0.7403251071729394,0.0,,0.0,tcn
F1,45,42,24,0.9683495566329996,0.9882953014366962,1.0,17.5,0.0,tcn
F1,45,42,25,0.9248103131368046,0.9718960916121415,1.0,21.5,0.0,tcn
F1,45,42,26,0.9229825815263956,0.9715719915116776,1.0,32.55,0.0,tcn
F1,45,42,27,0.7908349236111881,0.9080992300274805,1.0,25.9,0.0,tcn
F1,45,42,28,0.5685750124201934,0.7645737383282794,0.0,,0.0,tcn
F0-C,45,42,1,0.9989296166444152,0.9996312467547622,1.0,7.2,0.0,tcn
F0-C,45,42,2,0.9974958239796642,0.9991258011103001,1.0,16.8,0.0,tcn
F0-C,45,42,3,0.5240571994590589,0.7218785485105035,0.0,,0.0,tcn
F0-C,45,42,4,0.5012477116641333,0.7100351859765408,1.0,4.0,0.0,tcn
F0-C,45,42,5,0.4939215265681188,0.7048719915221,0.0,,0.0,tcn
F0-C,45,42,6,0.9995950770421818,0.9998661425186762,1.0,3.0,0.0,tcn
F0-C,45,42,7,0.5116532910738567,0.7221533752229063,1.0,4.0,0.0,tcn
F0-C,45,42,8,0.9918567850005979,0.9972183170179142,1.0,29.35,0.0,tcn
F0-C,45,42,9,0.5259239082865804,0.7255046233604298,0.0,,0.0,tcn
F0-C,45,42,10,0.9596154178054412,0.9853272838693156,1.0,38.85,0.0,tcn
F0-C,45,42,11,0.9381364131714455,0.9764646908479728,1.0,11.7,0.0,tcn
F0-C,45,42,12,0.7983949843376122,0.9144757951650021,1.0,28.25,0.0,tcn
F0-C,45,42,13,0.9887512959531743,0.9962760784152607,1.0,37.55,0.0,tcn
F0-C,45,42,14,0.9965746678599915,0.9986681408196817,1.0,5.9,0.0,tcn
F0-C,45,42,15,0.5188936504766519,0.7199847301413929,0.0,,0.0,tcn
F0-C,45,42,16,0.5116601268030854,0.7155603364460883,0.0,,0.0,tcn
F0-C,45,42,17,0.9834108901980944,0.9941625788668512,1.0,33.15,0.0,tcn
F0-C,45,42,18,0.9354081343328661,0.9760834293074284,1.0,59.05,0.0,tcn
F0-C,45,42,19,0.7723826615333976,0.9017078230481449,1.0,129.85,0.0,tcn
F0-C,45,42,20,0.9838937059514608,0.9944253783256415,1.0,43.65,0.0,tcn
F0-C,45,42,21,0.5018187077081631,0.7082039528853297,0.0,,0.0,tcn
F0-C,45,42,22,0.5406737939468355,0.7351493383841234,0.0,,0.0,tcn
F0-C,45,42,23,0.5192485783039256,0.7208447094284335,0.0,,0.0,tcn
F0-C,45,42,24,0.8616492444947416,0.9431197364262365,1.0,34.7,0.0,tcn
F0-C,45,42,25,0.6312341080082201,0.802470696188582,0.5,592.4,0.0,tcn
F0-C,45,42,26,0.537056250839827,0.7344488884586562,0.1,1097.5,0.0,tcn
F0-C,45,42,27,0.7822222838608988,0.9030346929579388,1.0,30.0,0.0,tcn
F0-C,45,42,28,0.5665039775437973,0.7628934900066464,0.0,,0.0,tcn
F0,46,42,1,0.9989480527725693,0.999636813892873,1.0,7.2,0.0,tcn
F0,46,42,2,0.997374025954814,0.9990832922106664,1.0,17.45,0.0,tcn
F0,46,42,3,0.5249213798680685,0.722305499261764,0.0,,0.0,tcn
F0,46,42,4,0.5011981541681922,0.7101767580983569,1.0,4.0,0.0,tcn
F0,46,42,5,0.49396395555111755,0.704838581225143,0.0,,0.0,tcn
F0,46,42,6,0.9995950431409097,0.999866595972969,1.0,3.0,0.0,tcn
F0,46,42,7,0.5115072443936541,0.7213269735589531,1.0,4.0,0.0,tcn
F0,46,42,8,0.9918440566138916,0.9972088625858906,1.0,29.05,0.0,tcn
F0,46,42,9,0.5270511440754754,0.726305935737011,0.0,,0.0,tcn
F0,46,42,10,0.9590170603528938,0.9850991084452072,1.0,39.45,0.0,tcn
F0,46,42,11,0.9421872145358793,0.9781276502019705,1.0,11.7,0.0,tcn
F0,46,42,12,0.7999554907116678,0.9151084130764406,1.0,27.6,0.0,tcn
F0,46,42,13,0.9887858351855756,0.9962835790038449,1.0,37.45,0.0,tcn
F0,46,42,14,0.9962428946015615,0.9985387249119302,1.0,6.0,0.0,tcn
F0,46,42,15,0.5181786942216207,0.7198437959585055,0.0,,0.0,tcn
F0,46,42,16,0.511740312557401,0.7156977428543109,0.0,,0.0,tcn
F0,46,42,17,0.9848362044628868,0.9947055052768513,1.0,33.15,0.0,tcn
F0,46,42,18,0.9339422587369742,0.9755065425328151,1.0,59.75,0.0,tcn
F0,46,42,19,0.7711893829845201,0.9010084241642822,1.0,129.95,0.0,tcn
F0,46,42,20,0.9833329727470755,0.9941922296850285,1.0,43.75,0.0,tcn
F0,46,42,21,0.5020711458260138,0.7084131293418545,0.0,,0.0,tcn
F0,46,42,22,0.5413878225397847,0.73593939051809,0.0,,0.0,tcn
F0,46,42,23,0.5192568163130455,0.7210849460303559,0.0,,0.0,tcn
F0,46,42,24,0.8564349853731421,0.940696915891404,1.0,34.9,0.0,tcn
F0,46,42,25,0.6327362764568609,0.8037749965913306,0.5,725.3,0.0,tcn
F0,46,42,26,0.5375206243011715,0.7351070045043213,0.05,1132.0,0.0,tcn
F0,46,42,27,0.7890464743293404,0.9063416616457771,1.0,32.45,0.0,tcn
F0,46,42,28,0.5676906237710789,0.7637696820758252,0.05,1212.0,0.0,tcn
F1,46,42,1,0.9990016845850299,0.9996557444673484,1.0,6.65,0.0,tcn
F1,46,42,2,0.99777641864496,0.9992229887440892,1.0,14.65,0.0,tcn
F1,46,42,3,0.5419586706509907,0.7341727454526464,0.0,,0.0,tcn
F1,46,42,4,0.7195371520959,0.8458667217124914,1.0,4.0,0.0,tcn
F1,46,42,5,0.49383711240059225,0.7046040505264284,0.0,,0.0,tcn
F1,46,42,6,0.9995915482279497,0.9998660818802654,1.0,3.0,0.0,tcn
F1,46,42,7,0.9992827353765322,0.9997598916442141,1.0,4.0,0.0,tcn
F1,46,42,8,0.9925103830350638,0.9974526717803414,1.0,27.5,0.0,tcn
F1,46,42,9,0.5421391117127046,0.7364171381005984,0.0,,0.0,tcn
F1,46,42,10,0.9608847615631075,0.9858359570816123,1.0,38.4,0.0,tcn
F1,46,42,11,0.9584899541284969,0.9842338329338723,1.0,12.15,0.0,tcn
F1,46,42,12,0.8051869346962878,0.9176033393859869,1.0,27.4,0.0,tcn
F1,46,42,13,0.9888848269001047,0.9963195342737989,1.0,36.5,0.0,tcn
F1,46,42,14,0.9962502696692099,0.9985433916672525,1.0,5.95,0.0,tcn
F1,46,42,15,0.51879125014331,0.7204342971976772,0.0,,0.0,tcn
F1,46,42,16,0.5117156324313129,0.7154878835703896,0.0,,0.0,tcn
F1,46,42,17,0.9849007370752941,0.9947068620342929,1.0,32.7,0.0,tcn
F1,46,42,18,0.936805067069044,0.9765152743446882,1.0,59.1,0.0,tcn
F1,46,42,19,0.9479546314685168,0.9796636772330228,1.0,35.25,0.0,tcn
F1,46,42,20,0.9860365899511698,0.9952804426952564,1.0,43.4,0.0,tcn
F1,46,42,21,0.5018144361478786,0.7080384962314217,0.0,,0.0,tcn
F1,46,42,22,0.560328457097632,0.7496295522734095,0.0,,0.0,tcn
F1,46,42,23,0.5494133138308561,0.7408803463649639,0.0,,0.0,tcn
F1,46,42,24,0.9671673946194367,0.9878205407488133,1.0,17.5,0.0,tcn
F1,46,42,25,0.9232121547771823,0.9711562898039671,1.0,21.6,0.0,tcn
F1,46,42,26,0.9240173531366074,0.9720178416275197,1.0,32.8,0.0,tcn
F1,46,42,27,0.7969968743027125,0.9106386076491132,1.0,25.95,0.0,tcn
F1,46,42,28,0.5693248561661483,0.7651540999760862,0.05,1212.0,0.0,tcn
F0-C,46,42,1,0.9989381751746532,0.9996337411238412,1.0,7.25,0.0,tcn
F0-C,46,42,2,0.9973462669768325,0.9990715703554666,1.0,18.1,0.0,tcn
F0-C,46,42,3,0.5242836907760187,0.7218011786086331,0.0,,0.0,tcn
F0-C,46,42,4,0.5010269897272982,0.7100433204092007,1.0,4.0,0.0,tcn
F0-C,46,42,5,0.49428419004929863,0.7049607171893771,0.0,,0.0,tcn
F0-C,46,42,6,0.999587476993364,0.9998637817908528,1.0,3.0,0.0,tcn
F0-C,46,42,7,0.5111518172931006,0.7215497463122192,1.0,4.0,0.0,tcn
F0-C,46,42,8,0.9918340557386224,0.9972070451820072,1.0,29.0,0.0,tcn
F0-C,46,42,9,0.5262908864751183,0.7257738211073992,0.0,,0.0,tcn
F0-C,46,42,10,0.9598282006807376,0.9854253832581971,1.0,38.85,0.0,tcn
F0-C,46,42,11,0.9430190623771079,0.9784494314403851,1.0,11.7,0.0,tcn
F0-C,46,42,12,0.8002056451165526,0.9153105544385668,1.0,28.1,0.0,tcn
F0-C,46,42,13,0.9887627823205483,0.9962766435095107,1.0,37.45,0.0,tcn
F0-C,46,42,14,0.9963397782733527,0.998580495035462,1.0,5.95,0.0,tcn
F0-C,46,42,15,0.5179704787722562,0.7195350315529063,0.0,,0.0,tcn
F0-C,46,42,16,0.5113847467698251,0.715558750066857,0.0,,0.0,tcn
F0-C,46,42,17,0.9847055088950775,0.9946621836769421,1.0,32.85,0.0,tcn
F0-C,46,42,18,0.934260677976131,0.9756768770789118,1.0,59.45,0.0,tcn
F0-C,46,42,19,0.771274894320489,0.9011765748910106,1.0,129.95,0.0,tcn
F0-C,46,42,20,0.9853882435319454,0.9950216604407444,1.0,43.8,0.0,tcn
F0-C,46,42,21,0.5021629812901961,0.7083095287143218,0.0,,0.0,tcn
F0-C,46,42,22,0.5411383060952022,0.7357204796929475,0.0,,0.0,tcn
F0-C,46,42,23,0.5194586922245276,0.7210315919864981,0.0,,0.0,tcn
F0-C,46,42,24,0.8564302977517909,0.9407886291796562,1.0,36.25,0.0,tcn
F0-C,46,42,25,0.6333921335488222,0.8040095357632518,0.55,591.2727272727273,0.0,tcn
F0-C,46,42,26,0.5370383232307543,0.7346189050211048,0.05,1063.0,0.0,tcn
F0-C,46,42,27,0.7900890802153409,0.9068244693579406,1.0,31.4,0.0,tcn
F0-C,46,42,28,0.5675964244636511,0.7638625735377104,0.05,1212.0,0.0,tcn
F0,42,42,1,0.9988669177826349,0.9996104985982068,1.0,7.35,0.0,transformer
F0,42,42,2,0.99725832091314,0.9990522825369005,1.0,16.3,0.0,transformer
F0,42,42,3,0.5252613726440157,0.7215695190893902,0.0,,0.0,transformer
F0,42,42,4,0.5012171666179721,0.7115025939086566,0.95,4.0,0.0,transformer
F0,42,42,5,0.4953388093133575,0.7054175588733204,0.0,,0.0,transformer
F0,42,42,6,0.9995652377588671,0.9998580602716387,1.0,3.0,0.0,transformer
F0,42,42,7,0.5153722174760441,0.729468904262579,1.0,4.0,0.0,transformer
F0,42,42,8,0.9929900644617279,0.9976404214474074,1.0,26.05,0.0,transformer
F0,42,42,9,0.533515811553307,0.7317257218569434,0.0,,0.0,transformer
F0,42,42,10,0.9658475441302105,0.987663544706335,1.0,43.45,0.0,transformer
F0,42,42,11,0.9451446844654509,0.979257416527662,1.0,12.85,0.0,transformer
F0,42,42,12,0.7905463282456769,0.9116531256617515,1.0,26.4,0.0,transformer
F0,42,42,13,0.9886154042449323,0.9962254243051505,1.0,37.4,0.0,transformer
F0,42,42,14,0.9968178016196179,0.9987797611245601,1.0,6.25,0.0,transformer
F0,42,42,15,0.5162570036946222,0.7189229655518894,0.0,,0.0,transformer
F0,42,42,16,0.5104499777484378,0.7158513696412634,0.0,,0.0,transformer
F0,42,42,17,0.9897115926324522,0.9966025462197636,1.0,33.4,0.0,transformer
F0,42,42,18,0.9531468331897153,0.9826517343687592,1.0,60.6,0.0,transformer
F0,42,42,19,0.7492736929826832,0.8879635579179144,1.0,131.1,0.0,transformer
F0,42,42,20,0.9863189320729456,0.9953991110460088,1.0,43.15,0.0,transformer
F0,42,42,21,0.5014090755554569,0.7079175021984517,0.0,,0.0,transformer
F0,42,42,22,0.548940871866752,0.7429173340229951,0.0,,0.0,transformer
F0,42,42,23,0.5166541139501886,0.7201315477750516,0.0,,0.0,transformer
F0,42,42,24,0.9027400857270713,0.9621061154768774,1.0,32.5,0.0,transformer
F0,42,42,25,0.6747856699939224,0.8385930731929596,0.95,332.10526315789474,0.0,transformer
F0,42,42,26,0.541283258688896,0.7406257236002609,0.05,1132.0,0.0,transformer
F0,42,42,27,0.765715782213297,0.8950569610688502,1.0,33.6,0.0,transformer
F0,42,42,28,0.5616834354686203,0.7610980478638014,0.0,,0.0,transformer
F1,42,42,1,0.9989232031401207,0.9996299483953811,1.0,6.7,0.0,transformer
F1,42,42,2,0.9977736110032435,0.9992262699467217,1.0,14.35,0.0,transformer
F1,42,42,3,0.5404051818402597,0.7346601614646378,0.0,,0.0,transformer
F1,42,42,4,0.6077236559378386,0.7885070071946286,1.0,4.0,0.0,transformer
F1,42,42,5,0.49532125461827786,0.7058063875962154,0.0,,0.0,transformer
F1,42,42,6,0.9995649665486902,0.9998575620554867,1.0,3.0,0.0,transformer
F1,42,42,7,0.999256452644854,0.9997464334302381,1.0,4.0,0.0,transformer
F1,42,42,8,0.9927326151194742,0.9975488072991253,1.0,26.35,0.0,transformer
F1,42,42,9,0.5409788283473808,0.7369420360747231,0.0,,0.0,transformer
F1,42,42,10,0.9714257734729326,0.9898079923149647,1.0,42.0,0.0,transformer
F1,42,42,11,0.9395375866485696,0.9769476433875482,1.0,12.6,0.0,transformer
F1,42,42,12,0.7857447678009416,0.9092356050407565,1.0,28.35,0.0,transformer
F1,42,42,13,0.9887942334552546,0.9962915402981859,1.0,36.4,0.0,transformer
F1,42,42,14,0.9921022178828593,0.9968578521125313,1.0,6.35,0.0,transformer
F1,42,42,15,0.5165724488676359,0.7194524833668837,0.0,,0.0,transformer
F1,42,42,16,0.5118856750482939,0.7168229103152113,0.0,,0.0,transformer
F1,42,42,17,0.9881197584010434,0.9959727576978726,1.0,33.6,0.0,transformer
F1,42,42,18,0.9509845206791596,0.9817431604324671,1.0,59.75,0.0,transformer
F1,42,42,19,0.9457611267056962,0.9785136217049051,1.0,38.2,0.0,transformer
F1,42,42,20,0.985596492882582,0.9951138626656819,1.0,43.85,0.0,transformer
F1,42,42,21,0.5018032240726152,0.7082894758691544,0.0,,0.0,transformer
F1,42,42,22,0.5581584089331701,0.7500466898696739,0.0,,0.0,transformer
F1,42,42,23,0.5384288948555128,0.7355725626362156,0.0,,0.0,transformer
F1,42,42,24,0.9815618285236674,0.993246756064867,1.0,16.85,0.0,transformer
F1,42,42,25,0.9493819613180321,0.9805492433221437,1.0,25.15,0.0,transformer
F1,42,42,26,0.9559190419130673,0.983791655630264,1.0,31.3,0.0,transformer
F1,42,42,27,0.7671621645777319,0.8960617847269197,1.0,30.2,0.0,transformer
F1,42,42,28,0.561037033749641,0.7610088993213611,0.05,1212.0,0.0,transformer
F0-C,42,42,1,0.9988669177826349,0.9996104985982068,1.0,7.35,0.0,transformer
F0-C,42,42,2,0.99725832091314,0.9990522825369005,1.0,16.3,0.0,transformer
F0-C,42,42,3,0.5252613726440157,0.7215695190893902,0.0,,0.0,transformer
F0-C,42,42,4,0.5012171666179721,0.7115025939086566,0.95,4.0,0.0,transformer
F0-C,42,42,5,0.4953388093133575,0.7054175588733204,0.0,,0.0,transformer
F0-C,42,42,6,0.9995652377588671,0.9998580602716387,1.0,3.0,0.0,transformer
F0-C,42,42,7,0.5153722174760441,0.729468904262579,1.0,4.0,0.0,transformer
F0-C,42,42,8,0.9929900644617279,0.9976404214474074,1.0,26.05,0.0,transformer
F0-C,42,42,9,0.533515811553307,0.7317257218569434,0.0,,0.0,transformer
F0-C,42,42,10,0.9658475441302105,0.987663544706335,1.0,43.45,0.0,transformer
F0-C,42,42,11,0.9451446844654509,0.979257416527662,1.0,12.85,0.0,transformer
F0-C,42,42,12,0.7905463282456769,0.9116531256617515,1.0,26.4,0.0,transformer
F0-C,42,42,13,0.9886154042449323,0.9962254243051505,1.0,37.4,0.0,transformer
F0-C,42,42,14,0.9968178016196179,0.9987797611245601,1.0,6.25,0.0,transformer
F0-C,42,42,15,0.5162570036946222,0.7189229655518894,0.0,,0.0,transformer
F0-C,42,42,16,0.5104499777484378,0.7158513696412634,0.0,,0.0,transformer
F0-C,42,42,17,0.9897115926324522,0.9966025462197636,1.0,33.4,0.0,transformer
F0-C,42,42,18,0.9531468331897153,0.9826517343687592,1.0,60.6,0.0,transformer
F0-C,42,42,19,0.7492736929826832,0.8879635579179144,1.0,131.1,0.0,transformer
F0-C,42,42,20,0.9863189320729456,0.9953991110460088,1.0,43.15,0.0,transformer
F0-C,42,42,21,0.5014090755554569,0.7079175021984517,0.0,,0.0,transformer
F0-C,42,42,22,0.548940871866752,0.7429173340229951,0.0,,0.0,transformer
F0-C,42,42,23,0.5166541139501886,0.7201315477750516,0.0,,0.0,transformer
F0-C,42,42,24,0.9027400857270713,0.9621061154768774,1.0,32.5,0.0,transformer
F0-C,42,42,25,0.6747856699939224,0.8385930731929596,0.95,332.10526315789474,0.0,transformer
F0-C,42,42,26,0.541283258688896,0.7406257236002609,0.05,1132.0,0.0,transformer
F0-C,42,42,27,0.765715782213297,0.8950569610688502,1.0,33.6,0.0,transformer
F0-C,42,42,28,0.5616834354686203,0.7610980478638014,0.0,,0.0,transformer
F0,43,42,1,0.998855949180144,0.9996055124375522,1.0,7.45,0.0,transformer
F0,43,42,2,0.9972146807301471,0.9990380825574602,1.0,16.9,0.0,transformer
F0,43,42,3,0.5196213258725879,0.7198346340426925,0.0,,0.0,transformer
F0,43,42,4,0.502437350449161,0.7121658987829914,1.0,4.0,0.0,transformer
F0,43,42,5,0.4952591721432631,0.70541630995804,0.0,,0.0,transformer
F0,43,42,6,0.9995681316947308,0.9998580829060407,1.0,3.0,0.0,transformer
F0,43,42,7,0.515358435067969,0.7284042785623112,1.0,4.0,0.0,transformer
F0,43,42,8,0.9930175768850031,0.9976524161766035,1.0,26.2,0.0,transformer
F0,43,42,9,0.5322989346371146,0.7310895825961933,0.0,,0.0,transformer
F0,43,42,10,0.9679374928345038,0.988459668751686,1.0,43.3,0.0,transformer
F0,43,42,11,0.9436394063455785,0.9787024068558364,1.0,12.05,0.0,transformer
F0,43,42,12,0.7858038823736808,0.9091841499087328,1.0,25.9,0.0,transformer
F0,43,42,13,0.9884936339574866,0.9961882132756216,1.0,37.55,0.0,transformer
F0,43,42,14,0.9958713366593563,0.9983938388238347,1.0,6.05,0.0,transformer
F0,43,42,15,0.5163011708882996,0.7191895229445598,0.0,,0.0,transformer
F0,43,42,16,0.5118276977091369,0.7167991381916966,0.0,,0.0,transformer
F0,43,42,17,0.9897223146802371,0.996606822142025,1.0,33.4,0.0,transformer
F0,43,42,18,0.9489067055483438,0.9811056175175675,1.0,60.5,0.0,transformer
F0,43,42,19,0.7525363421636901,0.8903381866408722,1.0,125.1,0.0,transformer
F0,43,42,20,0.9864907283102743,0.9954654316767851,1.0,43.15,0.0,transformer
F0,43,42,21,0.5018399977070412,0.7083039498321254,0.0,,0.0,transformer
F0,43,42,22,0.5473714648678035,0.7427058562539903,0.0,,0.0,transformer
F0,43,42,23,0.5162844791346916,0.7202150468114004,0.0,,0.0,transformer
F0,43,42,24,0.8936227978041837,0.9580625617198986,1.0,33.25,0.0,transformer
F0,43,42,25,0.6715756047678749,0.8363023541604359,1.0,373.9,0.0,transformer
F0,43,42,26,0.5385872107142813,0.7386553246740262,0.15,1042.6666666666667,0.0,transformer
F0,43,42,27,0.7665433523303734,0.8957823628353291,1.0,33.1,0.0,transformer
F0,43,42,28,0.5606995712413659,0.7602956639917972,0.0,,0.0,transformer
F1,43,42,1,0.9989262542546097,0.9996308992290935,1.0,6.6,0.0,transformer
F1,43,42,2,0.9976770848357761,0.9991933910551638,1.0,15.35,0.0,transformer
F1,43,42,3,0.5385414748162859,0.7314646543850034,0.0,,0.0,transformer
F1,43,42,4,0.6268434124897218,0.7875665245029801,1.0,4.0,0.0,transformer
F1,43,42,5,0.49483871315702205,0.704881088173975,0.05,4.0,0.0,transformer
F1,43,42,6,0.9995765916030863,0.9998608919622116,1.0,3.0,0.0,transformer
F1,43,42,7,0.9989969445708037,0.999639792747192,1.0,4.0,0.0,transformer
F1,43,42,8,0.9930001793685488,0.9976453733504905,1.0,25.5,0.0,transformer
F1,43,42,9,0.543908539298971,0.738573180406274,0.0,,0.0,transformer
F1,43,42,10,0.9704313597861878,0.9893972621231241,1.0,43.1,0.0,transformer
F1,43,42,11,0.9478449022965338,0.9801985945656164,1.0,12.25,0.0,transformer
F1,43,42,12,0.7950795385482119,0.9137755634917958,1.0,27.4,0.0,transformer
F1,43,42,13,0.9888309855161438,0.9963037741551223,1.0,36.25,0.0,transformer
F1,43,42,14,0.9944214162348878,0.9977913421251358,1.0,5.95,0.0,transformer
F1,43,42,15,0.516821401318328,0.7198210336469101,0.0,,0.0,transformer
F1,43,42,16,0.5111106642307062,0.7163042919818263,0.0,,0.0,transformer
F1,43,42,17,0.9886627026833782,0.996176948602131,1.0,33.1,0.0,transformer
F1,43,42,18,0.9499635407228244,0.9813230728725464,1.0,60.55,0.0,transformer
F1,43,42,19,0.9636222677115656,0.9857916076251078,1.0,35.85,0.0,transformer
F1,43,42,20,0.9864083050720002,0.9954238706357731,1.0,43.55,0.0,transformer
F1,43,42,21,0.5025292352242846,0.7085008334628138,0.0,,0.0,transformer
F1,43,42,22,0.5622694775135945,0.7525696214438412,0.0,,0.0,transformer
F1,43,42,23,0.5406439854828589,0.7372391430003811,0.0,,0.0,transformer
F1,43,42,24,0.9863047181941347,0.9950401254300371,1.0,16.5,0.0,transformer
F1,43,42,25,0.9635481718584924,0.9863761245585221,1.0,22.4,0.0,transformer
F1,43,42,26,0.962811318463619,0.9863480305464316,1.0,30.7,0.0,transformer
F1,43,42,27,0.7779774531885071,0.9013945207464313,1.0,27.15,0.0,transformer
F1,43,42,28,0.565488243038836,0.7640604155717148,0.0,,0.0,transformer
F0-C,43,42,1,0.998855949180144,0.9996055124375522,1.0,7.45,0.0,transformer
F0-C,43,42,2,0.9972146807301471,0.9990380825574602,1.0,16.9,0.0,transformer
F0-C,43,42,3,0.5196213258725879,0.7198346340426925,0.0,,0.0,transformer
F0-C,43,42,4,0.502437350449161,0.7121658987829914,1.0,4.0,0.0,transformer
F0-C,43,42,5,0.4952591721432631,0.70541630995804,0.0,,0.0,transformer
F0-C,43,42,6,0.9995681316947308,0.9998580829060407,1.0,3.0,0.0,transformer
F0-C,43,42,7,0.515358435067969,0.7284042785623112,1.0,4.0,0.0,transformer
F0-C,43,42,8,0.9930175768850031,0.9976524161766035,1.0,26.2,0.0,transformer
F0-C,43,42,9,0.5322989346371146,0.7310895825961933,0.0,,0.0,transformer
F0-C,43,42,10,0.9679374928345038,0.988459668751686,1.0,43.3,0.0,transformer
F0-C,43,42,11,0.9436394063455785,0.9787024068558364,1.0,12.05,0.0,transformer
F0-C,43,42,12,0.7858038823736808,0.9091841499087328,1.0,25.9,0.0,transformer
F0-C,43,42,13,0.9884936339574866,0.9961882132756216,1.0,37.55,0.0,transformer
F0-C,43,42,14,0.9958713366593563,0.9983938388238347,1.0,6.05,0.0,transformer
F0-C,43,42,15,0.5163011708882996,0.7191895229445598,0.0,,0.0,transformer
F0-C,43,42,16,0.5118276977091369,0.7167991381916966,0.0,,0.0,transformer
F0-C,43,42,17,0.9897223146802371,0.996606822142025,1.0,33.4,0.0,transformer
F0-C,43,42,18,0.9489067055483438,0.9811056175175675,1.0,60.5,0.0,transformer
F0-C,43,42,19,0.7525363421636901,0.8903381866408722,1.0,125.1,0.0,transformer
F0-C,43,42,20,0.9864907283102743,0.9954654316767851,1.0,43.15,0.0,transformer
F0-C,43,42,21,0.5018399977070412,0.7083039498321254,0.0,,0.0,transformer
F0-C,43,42,22,0.5473714648678035,0.7427058562539903,0.0,,0.0,transformer
F0-C,43,42,23,0.5162844791346916,0.7202150468114004,0.0,,0.0,transformer
F0-C,43,42,24,0.8936227978041837,0.9580625617198986,1.0,33.25,0.0,transformer
F0-C,43,42,25,0.6715756047678749,0.8363023541604359,1.0,373.9,0.0,transformer
F0-C,43,42,26,0.5385872107142813,0.7386553246740262,0.15,1042.6666666666667,0.0,transformer
F0-C,43,42,27,0.7665433523303734,0.8957823628353291,1.0,33.1,0.0,transformer
F0-C,43,42,28,0.5606995712413659,0.7602956639917972,0.0,,0.0,transformer
F0,44,42,1,0.998870375712389,0.999611913529359,1.0,7.45,0.0,transformer
F0,44,42,2,0.9973359424985114,0.9990788635698773,1.0,16.0,0.0,transformer
F0,44,42,3,0.5196799226804442,0.7191386003643251,0.0,,0.0,transformer
F0,44,42,4,0.5014490112539896,0.7115320250575139,1.0,4.0,0.0,transformer
F0,44,42,5,0.49509666485448955,0.705367138878208,0.0,,0.0,transformer
F0,44,42,6,0.9995633177140927,0.9998574451012191,1.0,3.0,0.0,transformer
F0,44,42,7,0.5154839622327501,0.7295279166518303,1.0,4.0,0.0,transformer
F0,44,42,8,0.9929338777261245,0.9976236011482468,1.0,26.1,0.0,transformer
F0,44,42,9,0.5318395323350333,0.7307941349825509,0.0,,0.0,transformer
F0,44,42,10,0.9635637387062534,0.9867502505081571,1.0,43.6,0.0,transformer
F0,44,42,11,0.9425023422697086,0.9782727227712729,1.0,12.85,0.0,transformer
F0,44,42,12,0.781981957742989,0.9073885479447799,1.0,27.0,0.0,transformer
F0,44,42,13,0.9885751665168847,0.9962144929418346,1.0,37.55,0.0,transformer
F0,44,42,14,0.9944508148016652,0.9978244635247746,1.0,6.25,0.0,transformer
F0,44,42,15,0.5159040359772628,0.7189409497327637,0.0,,0.0,transformer
F0,44,42,16,0.5109164715802554,0.7162112202480273,0.0,,0.0,transformer
F0,44,42,17,0.9895898562462786,0.9965568423915114,1.0,33.65,0.0,transformer
F0,44,42,18,0.9493272724022688,0.9810550716137107,1.0,60.4,0.0,transformer
F0,44,42,19,0.748000262580762,0.8874917112807346,1.0,125.55,0.0,transformer
F0,44,42,20,0.9858370994564701,0.9952037694566578,1.0,43.15,0.0,transformer
F0,44,42,21,0.5015965434262968,0.7076418702306134,0.0,,0.0,transformer
F0,44,42,22,0.5459517196574369,0.7408564746062823,0.0,,0.0,transformer
F0,44,42,23,0.5179544773718254,0.7210685774968463,0.0,,0.0,transformer
F0,44,42,24,0.9003681493233923,0.9610185609411452,1.0,33.15,0.0,transformer
F0,44,42,25,0.6743170280542272,0.8377629121082536,0.9,283.44444444444446,0.0,transformer
F0,44,42,26,0.5401229537500355,0.7387956698188574,0.25,914.8,0.0,transformer
F0,44,42,27,0.7626014048687157,0.8935158466020541,1.0,39.3,0.0,transformer
F0,44,42,28,0.5603425292074868,0.7599299267500972,0.0,,0.0,transformer
