architecture,seed,fault_id,auroc_F0,auroc_F0-C,auroc_F1,auprc_F0,auprc_F0-C,auprc_F1,delta_auroc_f0,delta_auroc_f0c,delta_auprc_f0,delta_auprc_f0c
tcn,42,1,0.9989360517222464,0.9989279092530748,0.9989958843855672,0.9996322805479044,0.9996301100515428,0.9996531087917764,5.9832663320769086e-05,6.797513249234832e-05,2.0828243871950924e-05,2.299874023359294e-05
tcn,42,2,0.9974167261479896,0.9974472434567464,0.9977501913880906,0.9990994054917596,0.9991106986156232,0.9992142599968542,0.0003334652401010274,0.0003029479313442218,0.00011485450509463035,0.00010356138123102099
tcn,42,3,0.5265518738774057,0.5272837622768834,0.5470850453475743,0.723378949547552,0.7240025343258696,0.7373922540967208,0.020533171470168643,0.019801283070690845,0.014013304549168826,0.013389719770851238
tcn,42,4,0.5013164172149427,0.5011126613238261,0.71047098112747,0.7104904370357105,0.710285446898758,0.834956218440667,0.2091545639125273,0.20935831980364383,0.12446578140495657,0.12467077154190898
tcn,42,5,0.4944564300850984,0.4948623115243368,0.4946663775812737,0.7053337882193931,0.7054417563715308,0.7053645041578223,0.00020994749617531117,-0.00019593394306310907,3.071593842918219e-05,-7.725221370857849e-05
tcn,42,6,0.9995637707583652,0.999587137980643,0.9995947072101226,0.999853335035992,0.9998631336171546,0.9998669045497232,3.093645175733517e-05,7.569229479531536e-06,1.3569513731104266e-05,3.7709325685364448e-06
tcn,42,7,0.5125146823327527,0.5118856503928233,0.9992813176869716,0.7228819691976365,0.7228485647687082,0.9997598970378284,0.48676663535421894,0.4873956672941483,0.27687792784019194,0.27691133226912024
tcn,42,8,0.9919914716727134,0.9919438188118777,0.992189609198463,0.997270383045806,0.997250524832252,0.997336451833853,0.00019813752574959764,0.0002457903865853428,6.606878804704674e-05,8.592700160103828e-05
tcn,42,9,0.5264484287684962,0.5263566888442625,0.542969323047071,0.7259666799360917,0.7258022849035407,0.7372779370153629,0.016520894278574838,0.016612634202808563,0.011311257079271275,0.011475652111822221
tcn,42,10,0.9590670308279676,0.9591596491033422,0.9593085465723348,0.9851301101558964,0.9851818239283572,0.985245147348868,0.00024151574436714895,0.0001488974689926037,0.00011503719297167869,6.332342051085238e-05
tcn,42,11,0.9436278675853296,0.9424195553632428,0.9580455546802864,0.9786786265178682,0.9782176003526304,0.984048862957625,0.014417687094956833,0.01562599931704356,0.005370236439756759,0.005831262604994558
tcn,42,12,0.7978175223964131,0.7993977007540876,0.8027730624190222,0.9143815615599892,0.915162582133056,0.9166813061140524,0.004955540022609117,0.003375361664934684,0.002299744554063232,0.0015187239809963948
tcn,42,13,0.9887625635032464,0.9887514685414688,0.988855662560298,0.9962770328255892,0.9962747129571562,0.996312239618507,9.309905705157107e-05,0.00010419401882921786,3.5206792917796825e-05,3.752666135081739e-05
tcn,42,14,0.996734105542673,0.9965833712411194,0.9965150108668986,0.9987373237678976,0.998673415502914,0.9986515623413288,-0.00021909467577441166,-6.836037422075503e-05,-8.576142656879782e-05,-2.1853161585205783e-05
tcn,42,15,0.5186057423823841,0.5188824260736533,0.5187780717942649,0.7198396556121675,0.7200111772833067,0.7205006250799372,0.00017232941188083384,-0.0001043542793883745,0.0006609694677697231,0.0004894477966305155
tcn,42,16,0.5115604570631143,0.5116321490078022,0.5117017914664951,0.7156594081855191,0.7157638545867423,0.7155132325477896,0.0001413344033808217,6.964245869289787e-05,-0.00014617563772945097,-0.00025062203895265256
tcn,42,17,0.9859995019594936,0.9849908743939376,0.9841942931214936,0.9951543809067228,0.9947732749581674,0.994442095075278,-0.0018052088379999498,-0.0007965812724439747,-0.0007122858314447811,-0.000331179882889332
tcn,42,18,0.9351804657171844,0.9354155433017868,0.936936104731508,0.9760122427342648,0.9761319551887924,0.9765205945732888,0.001755639014323629,0.0015205614297212344,0.0005083518390239794,0.0003886393844964031
tcn,42,19,0.7722944750788667,0.7704532784995667,0.9539849311927454,0.9017162828307712,0.9007351562892668,0.9822382825179578,0.18169045611387868,0.18353165269317873,0.08052199968718654,0.08150312622869094
tcn,42,20,0.9857170365603646,0.9846655670326772,0.9846354565391856,0.995156071054616,0.9947313352821402,0.994720157392425,-0.001081580021178974,-3.0110493491553036e-05,-0.0004359136621909787,-1.1177889715163758e-05
tcn,42,21,0.5018395230892319,0.5017404943914968,0.5016603887674607,0.7081682007061538,0.7081043462508135,0.7079150337281841,-0.00017913432177119049,-8.010562403615307e-05,-0.0002531669779697321,-0.00018931252262943676
tcn,42,22,0.5424520728470534,0.5421409269717288,0.5619393746632987,0.7363368070933443,0.7360166263846554,0.7505479648962748,0.01948730181624525,0.01979844769156991,0.014211157802930585,0.014531338511619474
tcn,42,23,0.5203011049349158,0.5198162027123483,0.5503225397846838,0.7212395260481783,0.7210243760165875,0.7412136532957277,0.030021434849768047,0.03050633707233552,0.019974127247549434,0.020189277279140216
tcn,42,24,0.856634793307026,0.855523127447826,0.9662841586135736,0.940805798569329,0.9402996901479286,0.9875271198024322,0.10964936530654767,0.11076103116574765,0.04672132123310324,0.04722742965450366
tcn,42,25,0.6314349730454067,0.6304910291070158,0.9237834990797346,0.8032690986855374,0.8024209070168333,0.9715911230155424,0.2923485260343278,0.29329246997271874,0.16832202433000498,0.16917021599870907
tcn,42,26,0.5377597638745579,0.5371213813473968,0.926000743978826,0.7351326135931643,0.7347432692821634,0.9728329485096956,0.3882409801042681,0.3888793626314292,0.2377003349165313,0.2380896792275322
tcn,42,27,0.7892589428473863,0.7881981936169452,0.7969422131243535,0.9064860634130344,0.9059852519750888,0.9107486970438692,0.007683270276967247,0.00874401950740833,0.004262633630834789,0.004763445068780348
tcn,42,28,0.5675240267561167,0.5677225710971314,0.5687638486696525,0.7640739254488005,0.7641281904513959,0.7647901344843873,0.0012398219135357769,0.0010412775725210377,0.000716209035586779,0.0006619440329913573
tcn,43,1,0.998921397126898,0.9989191812164764,0.998974612878292,0.9996283463602518,0.9996281244157766,0.9996469945423898,5.3215751394053434e-05,5.543166181565251e-05,1.8648182138036873e-05,1.887012661316856e-05
tcn,43,2,0.9974474345366436,0.9974958486351349,0.997736399734214,0.9991099492144472,0.9991253067574194,0.9992090606657617,0.00028896519757037886,0.00024055109907916705,9.911145131447086e-05,8.375390834225449e-05
tcn,43,3,0.5212238112673035,0.5203356842324567,0.5389641682045516,0.7198077444128488,0.7193334565133065,0.7317667566589786,0.01774035693724807,0.018628483972094934,0.01195901224612983,0.012433300145672121
tcn,43,4,0.5007994474709034,0.50097395581,0.6220470820866911,0.7097621077433725,0.7097787326088165,0.7816599077031154,0.12124763461578769,0.12107312627669109,0.07189779995974299,0.07188117509429892
tcn,43,5,0.4944005238054733,0.4946439349391441,0.4943470984825791,0.7050457477555627,0.7052067907822994,0.704863345344972,-5.3425322894207206e-05,-0.00029683645656503055,-0.00018240241059075402,-0.0003434454373274498
tcn,43,6,0.999597178921052,0.9995954530381088,0.9995986520854212,0.9998667612638475,0.9998658316474928,0.9998681531966928,1.473164369159008e-06,3.1990473123855168e-06,1.3919328452072222e-06,2.3215491999906135e-06
tcn,43,7,0.51163475632382,0.510736628413704,0.9992864182874556,0.7217199931299085,0.7202942356370573,0.999761237846544,0.4876516619636355,0.4885497898737515,0.2780412447166355,0.2794670022094867
tcn,43,8,0.9920524693070212,0.9917879931556414,0.9924085004666048,0.9972921030468356,0.9971927345517398,0.9974186347680992,0.000356031159583603,0.000620507310963414,0.0001265317212636452,0.00022590021635937596
tcn,43,9,0.5283626887530373,0.5278774875828887,0.5421669847222377,0.7269344967707269,0.7265181052483389,0.736482517445114,0.013804295969200409,0.014289497139349017,0.009548020674387092,0.009964412196775019
tcn,43,10,0.960310874665148,0.959488001415224,0.9603320198131362,0.9856066349518096,0.9852900722403846,0.9856312935652064,2.114514798823297e-05,0.0008440183979122606,2.4658613396844054e-05,0.00034122132482183876
tcn,43,11,0.940841186100725,0.9401447954150688,0.95008599519958,0.9775402480899288,0.9772413557121116,0.9809219364647664,0.009244809098855056,0.009941199784511245,0.0033816883748376547,0.0036805807526548717
tcn,43,12,0.8003436417855985,0.799380127567405,0.8042237132618079,0.91541186532797,0.9149345264510704,0.917135161227502,0.00388007147620939,0.004843585694402908,0.001723295899532018,0.0022006347764316203
tcn,43,13,0.9887136809508136,0.9887089409365872,0.9888418832341568,0.996263090765178,0.996262381576891,0.9963087559289916,0.00012820228334320394,0.00013294229756954934,4.566516381354635e-05,4.637435210064211e-05
tcn,43,14,0.9964568979226534,0.9961410767537128,0.9962836994054334,0.9986207011081656,0.9984927633197052,0.998552767210606,-0.0001731985172199746,0.00014262265172060307,-6.793389755954671e-05,6.000389090088376e-05
tcn,43,15,0.5182685233468816,0.5183075991858763,0.5191362294881894,0.7196562012679285,0.7196191379231232,0.7205218465288616,0.0008677061413078224,0.0008286303023130603,0.0008656452609331344,0.0009027086057384892
tcn,43,16,0.5121962846671326,0.5121200129687775,0.5125430083865583,0.7157356389788324,0.7155863790311715,0.7157256339886,0.0003467237194256789,0.00042299541778079153,-1.0004990232403976e-05,0.0001392549574285029
tcn,43,17,0.984247425660674,0.9848295228303494,0.9841772654370984,0.9944856521612244,0.994704989423649,0.9944332701055616,-7.016022357564378e-05,-0.0006522573932510323,-5.2382055662825167e-05,-0.00027171931808744887
tcn,43,18,0.9336901781234476,0.9336369962733256,0.9354913003171926,0.9754866929745446,0.9754665742221094,0.9759903032020242,0.0018011221937450639,0.0018543040438669944,0.0005036102274795784,0.000523728979914817
tcn,43,19,0.7731265078361249,0.7725508364984793,0.9516594611053788,0.9021591243119628,0.9019029603126328,0.9810643273189366,0.1785329532692539,0.17910862460689947,0.07890520300697379,0.07916136700630372
tcn,43,20,0.984341766737058,0.9842590630428056,0.98632499115485,0.994592048538906,0.9945649653568092,0.9954063767997854,0.0019832244177919733,0.002065928112044313,0.000814328260879349,0.0008414114429762254
tcn,43,21,0.5030442972512849,0.5030412368909944,0.502888465431181,0.7089503869637991,0.7089390310987407,0.7086429026277341,-0.00015583182010381336,-0.00015277145981340556,-0.00030748433606497816,-0.0002961284710065737
tcn,43,22,0.5429547393362008,0.5424725522973352,0.5603732098587365,0.7366609725301664,0.7362258274931913,0.7495331818700136,0.017418470522535756,0.017900657561401356,0.01287220933984723,0.013307354376822289
tcn,43,23,0.5196641709166534,0.5191323986444423,0.550440932272655,0.7210886868628309,0.7208612514721657,0.7415639075372773,0.030776761356001603,0.03130853362821273,0.020475220674446404,0.02070265606511157
tcn,43,24,0.8565029697514359,0.854592432742958,0.968076626737132,0.940580260779165,0.9397512222681508,0.988151927540992,0.1115736569856961,0.11348419399417398,0.047571666761827,0.04840070527284124
tcn,43,25,0.6301819635370245,0.6303616680165537,0.9207250834895874,0.8017961110117232,0.8020719109569986,0.9702537819580636,0.2905431199525629,0.2903634154730337,0.16845767094634034,0.16818187100106496
tcn,43,26,0.5363966461163319,0.5370838772946538,0.9242219288221218,0.7338393365221204,0.7343253023347175,0.9720849332348234,0.38782528270579,0.38713805152746805,0.23824559671270296,0.23775963090010588
tcn,43,27,0.7867833486813638,0.7867434160647649,0.7936388731710263,0.905400159965039,0.9053818844079125,0.9095323772004588,0.0068555244896625345,0.006895457106261382,0.004132217235419788,0.004150492792546312
tcn,43,28,0.567521773862489,0.567326071064463,0.5687778159937572,0.7640214048434939,0.7638637356756968,0.7648494635601651,0.0012560421312681758,0.0014517449292942297,0.0008280587166712428,0.0009857278844683792
tcn,44,1,0.9989402246606482,0.998935164125304,0.9989927346491958,0.999634351398708,0.9996332253523998,0.9996526752885616,5.250998854755551e-05,5.757052389177009e-05,1.8323889853566477e-05,1.9449936161763937e-05
tcn,44,2,0.9974783432509964,0.9975170893230716,0.9977341838237924,0.9991209804364416,0.9991358833548036,0.999210727344832,0.00025584057279604,0.00021709450072082692,8.974690839036459e-05,7.48439900283282e-05
tcn,44,3,0.5242850005978952,0.5231041391604072,0.5400786540332035,0.7216956210653996,0.7208734266310984,0.7324178414867617,0.015793653435308364,0.01697451487279633,0.010722220421362061,0.011544414855663265
tcn,44,4,0.5011229796382796,0.5016232822841814,0.5984786156939467,0.710123324036489,0.7102187441796485,0.7666754901076823,0.0973556360556671,0.09685533340976527,0.05655216607119329,0.05645674592803385
tcn,44,5,0.494456257496804,0.4943903195225714,0.4941995909657424,0.7047550863759404,0.7045964869674266,0.704531441501831,-0.0002566665310616001,-0.0001907285568290007,-0.0002236448741094188,-6.504546559560342e-05
tcn,44,6,0.9996014011703952,0.9995766470778952,0.999592075238634,0.9998686214046436,0.9998575748178036,0.9998663442556578,-9.32593176117269e-06,1.542816073885067e-05,-2.2771489858186555e-06,8.76943785421691e-06
tcn,44,7,0.510905761860206,0.5109719001601373,0.9992889547189956,0.7204380373161218,0.7206892188652102,0.999761906099587,0.4883831928587896,0.4883170545588583,0.27932386878346527,0.27907268723437684
tcn,44,8,0.9917461774774742,0.9918529818942552,0.9924043891668792,0.9971789000093464,0.9972180173636296,0.9974157792396487,0.0006582116894050527,0.0005514072726240382,0.00023687923030235591,0.00019776187601916462
tcn,44,9,0.5271047204131271,0.5262729742757147,0.5409266357980175,0.726355537126874,0.7257661328045992,0.735723852705679,0.013821915384890415,0.014653661522302741,0.00936831557880502,0.009957719901079742
tcn,44,10,0.9589856123001212,0.9595807460498854,0.9595732477048838,0.9851003215332972,0.9853364001114752,0.985355024732554,0.0005876354047625876,-7.498345001577533e-06,0.0002547031992568005,1.8624621078822123e-05
tcn,44,11,0.9386588595118956,0.9392972266293876,0.9477639214032908,0.9766882072204932,0.9769542391222638,0.9800328310026462,0.00910506189139515,0.00846669477390316,0.0033446237821529445,0.0030785918803823975
tcn,44,12,0.7987016614088875,0.797773475398155,0.8021988950650842,0.9145587114585452,0.9141084060734248,0.9162590240432172,0.0034972336561966966,0.00442541966692922,0.0017003125846720701,0.0021506179697924344
tcn,44,13,0.9887078376042772,0.9887117547421715,0.9888326189410722,0.9962616359530292,0.99626271650272,0.9963058837479408,0.00012478133679505454,0.00012086419890067202,4.4247794911633775e-05,4.316724522079873e-05
tcn,44,14,0.9967706387862604,0.9966583793466054,0.9965704178732436,0.9987546118479962,0.9987067858221071,0.9986745307927616,-0.0002002209130167465,-8.796147336176396e-05,-8.008105523460429e-05,-3.225502934556257e-05
tcn,44,15,0.5182927843299691,0.5186148741523141,0.5186739085947738,0.7197730867685317,0.7198397499728478,0.7204420611085018,0.00038112426480474415,5.903444245969336e-05,0.000668974339970152,0.0006023111356540101
tcn,44,16,0.5118925292691255,0.5117533922845636,0.5126010072992521,0.7155908883355325,0.715554292895701,0.7158224273714705,0.0007084780301265248,0.0008476150146884409,0.00023153903593797764,0.0002681344757694548
tcn,44,17,0.9840591626509068,0.9844785213867716,0.9844199369066506,0.9944081475669604,0.994571374070916,0.9945241341705756,0.00036077425574387867,-5.858448012097117e-05,0.00011598660361522573,-4.723990034039005e-05
tcn,44,18,0.93411104084302,0.9343453910912388,0.9347489826536436,0.9756121488305012,0.9757095967372136,0.9756786561381232,0.000637941810623599,0.00040359156240477034,6.650730762203239e-05,-3.0940599090367726e-05
tcn,44,19,0.7743913211510653,0.7727111956793753,0.9492643146580472,0.902849705939475,0.902003749083853,0.9802092710552888,0.17487299350698182,0.17655311897867187,0.07735956511581377,0.07820552197143582
tcn,44,20,0.985175232593546,0.9837193332174526,0.9857697345468756,0.9949307383620686,0.994346143916912,0.995169563530679,0.0005945019533295515,0.002050401329422913,0.00023882516861040148,0.0008234196137669736
tcn,44,21,0.5018613616723313,0.5019468391070282,0.5013755872624908,0.708012848107973,0.7081250142836618,0.7078801618334191,-0.00048577440984054476,-0.0005712518445374348,-0.00013268627455398363,-0.0002448524502427496
tcn,44,22,0.5423046701159671,0.5411333842468802,0.55894044347795,0.7362966970317362,0.7354517259341765,0.7484057165823259,0.016635773361982964,0.017807059231069844,0.012109019550589739,0.012953990648149394
tcn,44,23,0.5191433425914626,0.5191886778380604,0.5478617173274949,0.7209129868842952,0.7208470655017294,0.7398015290628553,0.028718374736032337,0.02867303948943445,0.018888542178560175,0.018954463561125956
tcn,44,24,0.8518938637464727,0.8631674883102249,0.9667906775200048,0.9384334923499438,0.9439800809884932,0.9876748542953164,0.11489681377353211,0.10362318920977986,0.04924136194537265,0.043694773306823254
tcn,44,25,0.6323424330511515,0.6328010340504377,0.9239929688761668,0.8033047472272888,0.8035010263225044,0.9716422056171278,0.2916505358250153,0.291191934825729,0.16833745838983893,0.16814117929462336
tcn,44,26,0.5349577898343029,0.5363005298460636,0.921441512908988,0.7330249138986834,0.734148394621705,0.9708845827843602,0.38648372307468515,0.38514098306292444,0.23785966888567678,0.23673618816265518
tcn,44,27,0.7834431303078605,0.7829387841647775,0.7896854516697301,0.903862364561662,0.903589065686135,0.9076467995690648,0.0062423213618696405,0.006746667504952675,0.0037844350074027755,0.004057733882929848
tcn,44,28,0.567620161517988,0.5675662061024755,0.5683094329365035,0.7639252407407833,0.7638688166116372,0.7646099482967852,0.0006892714185154913,0.0007432268340279435,0.0006847075560019178,0.0007411316851479999
tcn,45,1,0.9989347049171636,0.9989296166444152,0.99899294730263,0.9996335282994296,0.9996312467547622,0.9996532909939224,5.8242385466367175e-05,6.333065821484407e-05,1.9762694492775346e-05,2.2044239160190493e-05
tcn,45,2,0.9975527996903272,0.9974958239796642,0.9977612154653904,0.999146462616932,0.9991258011103,0.9992173271937403,0.00020841577506325315,0.0002653914857262407,7.086457680838265e-05,9.152608344031865e-05
tcn,45,3,0.5249424233122406,0.5240571994590589,0.5424475054211216,0.7221777118905144,0.7218785485105035,0.7343240260141671,0.01750508210888102,0.018390305962062703,0.012146314123652746,0.012445477503663649
tcn,45,4,0.5009059591039708,0.5012477116641333,0.6871687167690486,0.7099245051235593,0.7100351859765408,0.8250556180605976,0.18626275766507772,0.18592100510491527,0.11513111293703826,0.11502043208405677
tcn,45,5,0.4940151464719871,0.4939215265681188,0.4943803926137141,0.7048687581591857,0.7048719915221,0.7049779827334671,0.00036524614172700476,0.0004588660455953075,0.00010922457428141907,0.00010599121136711798
tcn,45,6,0.9996062921993788,0.9995950770421818,0.9995983069088328,0.99987013717908,0.9998661425186762,0.9998677244961398,-7.985290546019819e-06,3.2298666510222063e-06,-2.4126829402115746e-06,1.5819774635827955e-06
tcn,45,7,0.5125184916029631,0.5116532910738567,0.999279191152631,0.7224977332674094,0.7221533752229063,0.9997589692702944,0.48676069954966783,0.48762590007877427,0.277261236002885,0.27760559404738805
tcn,45,8,0.9918808703134572,0.991856785000598,0.9922205394863526,0.9972293576562172,0.9972183170179142,0.997349337280281,0.0003396691728954071,0.0003637544857545416,0.00011997962406373741,0.00013102026236677666
tcn,45,9,0.5270268584369171,0.5259239082865804,0.5403453276034019,0.7262969231326752,0.7255046233604298,0.735323717171543,0.013318469166484825,0.014421419316821504,0.009026794038867747,0.009819093811113233
tcn,45,10,0.9591185792531612,0.9596154178054412,0.959610264812082,0.9851343140702932,0.9853272838693156,0.985373362341641,0.0004916855589207625,-5.1529933592364685e-06,0.00023904827134779705,4.607847232540596e-05
tcn,45,11,0.9395133102558128,0.9381364131714456,0.9519533173319328,0.9770217551045464,0.9764646908479728,0.9816650842779108,0.01244000707612003,0.013816904160487198,0.004643329173364408,0.005200393429937944
tcn,45,12,0.8009447822243919,0.7983949843376122,0.8038418585786861,0.9156418635233218,0.914475795165002,0.9171624263544136,0.002897076354294148,0.005446874241073818,0.0015205628310918096,0.0026866311894115924
tcn,45,13,0.9887539310065966,0.9887512959531743,0.9888362309675176,0.9962766851463448,0.9962760784152608,0.996306522201651,8.229996092101732e-05,8.493501434325701e-05,2.983705530612557e-05,3.0443786390166316e-05
tcn,45,14,0.9966742143226094,0.9965746678599916,0.9963579925022714,0.9987115628939188,0.9986681408196816,0.9985855633694408,-0.00031622182033796964,-0.0002166753577201863,-0.00012599952447800433,-8.257745024076169e-05
tcn,45,15,0.5188863154741432,0.5188936504766519,0.5189221491187519,0.7198209497254534,0.7199847301413929,0.7203768229741838,3.583364460868488e-05,2.8498642099972216e-05,0.0005558732487304097,0.00039209283279095786
tcn,45,16,0.511553864806658,0.5116601268030854,0.5116698533862439,0.7155160289732236,0.7155603364460883,0.7154357129556121,0.0001159885795859461,9.726583158564672e-06,-8.031601761149254e-05,-0.00012462349047615007
tcn,45,17,0.983884876211046,0.9834108901980944,0.9834571315332374,0.9943455556177372,0.9941625788668512,0.9941512997708464,-0.0004277446778085947,4.6241335143082374e-05,-0.00019425584689081177,-1.127909600484589e-05
tcn,45,18,0.936059966419249,0.935408134332866,0.9384262844575612,0.9763672529981354,0.9760834293074284,0.9771481908219792,0.0023663180383121096,0.003018150124695196,0.0007809378238438081,0.001064761514550816
tcn,45,19,0.7733429674584771,0.7723826615333976,0.9477955204708208,0.9022324768576772,0.9017078230481448,0.979678935093272,0.17445255301234375,0.1754128589374232,0.07744645823559482,0.07797111204512719
tcn,45,20,0.9841035733173564,0.9838937059514608,0.9860554144029864,0.9945054985827332,0.9944253783256416,0.9952959371832932,0.0019518410856299573,0.0021617084515256346,0.0007904386005600506,0.0008705588576516377
tcn,45,21,0.501677699989768,0.5018187077081631,0.5019233455254636,0.7081974946743748,0.7082039528853297,0.7080794595621647,0.00024564553569561554,0.00010463781730052357,-0.00011803511221009089,-0.00012449332316499806
tcn,45,22,0.5419114307692877,0.5406737939468355,0.5577569254135031,0.7362304336527846,0.7351493383841234,0.7478815309196198,0.015845494644215363,0.017083131466667623,0.01165109726683522,0.0127321925354964
tcn,45,23,0.5186601570060368,0.5192485783039256,0.5488066937137179,0.7204943947554608,0.7208447094284335,0.7403251071729394,0.030146536707681082,0.029558115409792363,0.01983071241747858,0.01948039774450594
tcn,45,24,0.8601800065090442,0.8616492444947416,0.9683495566329996,0.9424324527563512,0.9431197364262364,0.9882953014366962,0.10816955012395535,0.10670031213825804,0.04586284868034496,0.04517556501045983
tcn,45,25,0.6326613515635883,0.6312341080082201,0.9248103131368046,0.8035984071096705,0.802470696188582,0.9718960916121416,0.29214896157321635,0.2935762051285845,0.16829768450247118,0.1694253954235596
tcn,45,26,0.5360744977372441,0.537056250839827,0.9229825815263956,0.7334965648233369,0.7344488884586562,0.9715719915116776,0.3869080837891514,0.38592633068656856,0.2380754266883407,0.23712310305302142
tcn,45,27,0.7835351352784035,0.7822222838608988,0.7908349236111881,0.9037236331237516,0.9030346929579388,0.9080992300274804,0.0072997883327846624,0.008612639750289364,0.004375596903728796,0.005064537069541575
tcn,45,28,0.5665588729491271,0.5665039775437973,0.5685750124201934,0.7629957210208517,0.7628934900066464,0.7645737383282794,0.0020161394710662695,0.0020710348763960384,0.0015780173074276815,0.0016802483216329378
tcn,46,1,0.9989480527725692,0.9989381751746532,0.99900168458503,0.999636813892873,0.9996337411238412,0.9996557444673484,5.3631812460874784e-05,6.350941037680524e-05,1.8930574475439776e-05,2.2003343507215334e-05
tcn,46,2,0.997374025954814,0.9973462669768324,0.99777641864496,0.9990832922106664,0.9990715703554666,0.9992229887440892,0.0004023926901460806,0.00043015166812765404,0.0001396965334228284,0.00015141838862264834
tcn,46,3,0.5249213798680685,0.5242836907760187,0.5419586706509907,0.722305499261764,0.7218011786086331,0.7341727454526464,0.017037290782922154,0.01767497987497202,0.011867246190882419,0.012371566844013304
tcn,46,4,0.5011981541681922,0.5010269897272982,0.7195371520959,0.7101767580983569,0.7100433204092007,0.8458667217124914,0.21833899792770772,0.21851016236860177,0.13568996361413455,0.13582340130329074
tcn,46,5,0.4939639555511175,0.4942841900492986,0.4938371124005922,0.704838581225143,0.7049607171893771,0.7046040505264284,-0.00012684315052530204,-0.00044707764870638433,-0.00023453069871459675,-0.00035666666294875693
tcn,46,6,0.9995950431409096,0.999587476993364,0.9995915482279496,0.999866595972969,0.9998637817908528,0.9998660818802654,-3.4949129600336803e-06,4.0712345855675736e-06,-5.14092703629565e-07,2.300089412599071e-06
tcn,46,7,0.5115072443936541,0.5111518172931006,0.9992827353765322,0.7213269735589531,0.7215497463122192,0.999759891644214,0.4877754909828781,0.4881309180834317,0.2784329180852608,0.27821014533199473
tcn,46,8,0.9918440566138916,0.9918340557386224,0.9925103830350638,0.9972088625858906,0.9972070451820072,0.9974526717803414,0.0006663264211721476,0.0006763272964414035,0.00024380919445077254,0.0002456265983341588
tcn,46,9,0.5270511440754754,0.5262908864751183,0.5421391117127046,0.726305935737011,0.7257738211073992,0.7364171381005984,0.015087967637229194,0.015848225237586222,0.010111202363587424,0.010643316993199203
tcn,46,10,0.9590170603528938,0.9598282006807376,0.9608847615631076,0.9850991084452072,0.9854253832581972,0.9858359570816124,0.0018677012102138457,0.00105656088237005,0.0007368486364052185,0.00041057382341525006
tcn,46,11,0.9421872145358792,0.943019062377108,0.9584899541284968,0.9781276502019703,0.9784494314403852,0.9842338329338725,0.016302739592617632,0.015470891751388827,0.00610618273190211,0.005784401493487246
tcn,46,12,0.7999554907116678,0.8002056451165526,0.8051869346962878,0.9151084130764406,0.9153105544385668,0.9176033393859868,0.005231443984619943,0.004981289579735204,0.002494926309546175,0.0022927849474200235
tcn,46,13,0.9887858351855756,0.9887627823205484,0.9888848269001048,0.9962835790038448,0.9962766435095108,0.9963195342737988,9.89917145292063e-05,0.00012204457955644621,3.595526995403553e-05,4.2890764287983885e-05
tcn,46,14,0.9962428946015616,0.9963397782733528,0.99625026966921,0.9985387249119302,0.998580495035462,0.9985433916672524,7.375067648474065e-06,-8.950860414280726e-05,4.666755322180194e-06,-3.710336820961224e-05
tcn,46,15,0.5181786942216207,0.5179704787722562,0.51879125014331,0.7198437959585055,0.7195350315529063,0.7204342971976772,0.0006125559216892951,0.0008207713710537412,0.0005905012391717035,0.0008992656447708303
tcn,46,16,0.511740312557401,0.5113847467698251,0.5117156324313129,0.7156977428543109,0.715558750066857,0.7154878835703896,-2.4680126088139076e-05,0.00033088566148775644,-0.0002098592839212543,-7.086649646736998e-05
tcn,46,17,0.9848362044628868,0.9847055088950776,0.984900737075294,0.9947055052768512,0.994662183676942,0.9947068620342928,6.453261240724206e-05,0.0001952281802164446,1.35675744161734e-06,4.4678357350780296e-05
tcn,46,18,0.9339422587369742,0.934260677976131,0.936805067069044,0.9755065425328152,0.9756768770789118,0.9765152743446882,0.002862808332069755,0.002544389092912991,0.0010087318118729982,0.0008383972657763916
tcn,46,19,0.7711893829845201,0.771274894320489,0.9479546314685168,0.9010084241642822,0.9011765748910106,0.9796636772330228,0.17676524848399666,0.17667973714802776,0.07865525306874066,0.07848710234201228
tcn,46,20,0.9833329727470757,0.9853882435319454,0.9860365899511698,0.9941922296850284,0.9950216604407444,0.9952804426952564,0.0027036172040941775,0.0006483464192243993,0.0010882130102279897,0.0002587822545120355
tcn,46,21,0.5020711458260138,0.5021629812901961,0.5018144361478786,0.7084131293418545,0.7083095287143218,0.7080384962314217,-0.00025670967813518075,-0.00034854514231752454,-0.00037463311043284264,-0.0002710324829001687
tcn,46,22,0.5413878225397847,0.5411383060952022,0.560328457097632,0.73593939051809,0.7357204796929475,0.7496295522734095,0.018940634557847336,0.019190151002429823,0.013690161755319563,0.013909072580462034
tcn,46,23,0.5192568163130455,0.5194586922245276,0.5494133138308561,0.7210849460303559,0.7210315919864981,0.7408803463649639,0.030156497517810577,0.029954621606328558,0.019795400334608027,0.019848754378465783
tcn,46,24,0.8564349853731421,0.8564302977517909,0.9671673946194368,0.940696915891404,0.9407886291796562,0.9878205407488132,0.11073240924629468,0.11073709686764588,0.047123624857409174,0.04703191156915698
tcn,46,25,0.6327362764568609,0.6333921335488222,0.9232121547771824,0.8037749965913306,0.8040095357632518,0.9711562898039672,0.2904758783203215,0.28982002122836026,0.16738129321263662,0.16714675404071533
tcn,46,26,0.5375206243011715,0.5370383232307543,0.9240173531366074,0.7351070045043213,0.7346189050211048,0.9720178416275196,0.38649672883543584,0.3869790299058531,0.23691083712319827,0.23739893660641476
tcn,46,27,0.7890464743293404,0.7900890802153409,0.7969968743027125,0.9063416616457772,0.9068244693579406,0.9106386076491132,0.007950399973372102,0.006907794087371633,0.004296946003335966,0.0038141382911726085
tcn,46,28,0.5676906237710789,0.5675964244636511,0.5693248561661483,0.7637696820758252,0.7638625735377104,0.7651540999760862,0.0016342323950693238,0.0017284317024971463,0.0013844179002610035,0.001291526438375823
transformer,42,1,0.9988669177826348,0.9988669177826348,0.9989232031401208,0.9996104985982068,0.9996104985982068,0.9996299483953812,5.628535748603003e-05,5.628535748603003e-05,1.9449797174386774e-05,1.9449797174386774e-05
transformer,42,2,0.99725832091314,0.99725832091314,0.9977736110032436,0.9990522825369004,0.9990522825369004,0.9992262699467216,0.0005152900901035373,0.0005152900901035373,0.00017398740982121907,0.00017398740982121907
transformer,42,3,0.5252613726440157,0.5252613726440157,0.5404051818402597,0.7215695190893902,0.7215695190893902,0.7346601614646378,0.015143809196243918,0.015143809196243918,0.013090642375247596,0.013090642375247596
transformer,42,4,0.5012171666179721,0.5012171666179721,0.6077236559378386,0.7115025939086566,0.7115025939086566,0.7885070071946286,0.1065064893198665,0.1065064893198665,0.07700441328597207,0.07700441328597207
transformer,42,5,0.4953388093133575,0.4953388093133575,0.4953212546182778,0.7054175588733204,0.7054175588733204,0.7058063875962154,-1.7554695079691207e-05,-1.7554695079691207e-05,0.00038882872289502934,0.00038882872289502934
transformer,42,6,0.9995652377588672,0.9995652377588672,0.9995649665486902,0.9998580602716388,0.9998580602716388,0.9998575620554868,-2.7121017698306105e-07,-2.7121017698306105e-07,-4.982161520006301e-07,-4.982161520006301e-07
transformer,42,7,0.5153722174760441,0.5153722174760441,0.999256452644854,0.729468904262579,0.729468904262579,0.999746433430238,0.48388423516880985,0.48388423516880985,0.2702775291676589,0.2702775291676589
transformer,42,8,0.992990064461728,0.992990064461728,0.9927326151194742,0.9976404214474074,0.9976404214474074,0.9975488072991252,-0.00025744934225380156,-0.00025744934225380156,-9.161414828218195e-05,-9.161414828218195e-05
transformer,42,9,0.533515811553307,0.533515811553307,0.5409788283473808,0.7317257218569434,0.7317257218569434,0.7369420360747231,0.007463016794073796,0.007463016794073796,0.005216314217779683,0.005216314217779683
transformer,42,10,0.9658475441302103,0.9658475441302103,0.9714257734729326,0.987663544706335,0.987663544706335,0.9898079923149647,0.00557822934272223,0.00557822934272223,0.0021444476086297515,0.0021444476086297515
transformer,42,11,0.9451446844654507,0.9451446844654507,0.9395375866485696,0.979257416527662,0.979257416527662,0.9769476433875482,-0.005607097816881179,-0.005607097816881179,-0.0023097731401137134,-0.0023097731401137134
transformer,42,12,0.7905463282456769,0.7905463282456769,0.7857447678009416,0.9116531256617516,0.9116531256617516,0.9092356050407564,-0.004801560444735342,-0.004801560444735342,-0.002417520620995206,-0.002417520620995206
transformer,42,13,0.9886154042449324,0.9886154042449324,0.9887942334552546,0.9962254243051504,0.9962254243051504,0.996291540298186,0.00017882921032219556,0.00017882921032219556,6.611599303563143e-05,6.611599303563143e-05
transformer,42,14,0.996817801619618,0.996817801619618,0.9921022178828592,0.99877976112456,0.99877976112456,0.9968578521125312,-0.004715583736758733,-0.004715583736758733,-0.0019219090120288218,-0.0019219090120288218
transformer,42,15,0.5162570036946222,0.5162570036946222,0.5165724488676359,0.7189229655518894,0.7189229655518894,0.7194524833668837,0.00031544517301362873,0.00031544517301362873,0.0005295178149943292,0.0005295178149943292
transformer,42,16,0.5104499777484378,0.5104499777484378,0.5118856750482939,0.7158513696412634,0.7158513696412634,0.7168229103152113,0.0014356972998560424,0.0014356972998560424,0.0009715406739478905,0.0009715406739478905
transformer,42,17,0.9897115926324522,0.9897115926324522,0.9881197584010434,0.9966025462197636,0.9966025462197636,0.9959727576978726,-0.0015918342314088507,-0.0015918342314088507,-0.0006297885218909949,-0.0006297885218909949
transformer,42,18,0.9531468331897152,0.9531468331897152,0.9509845206791596,0.9826517343687592,0.9826517343687592,0.9817431604324672,-0.002162312510555542,-0.002162312510555542,-0.0009085739362919565,-0.0009085739362919565
transformer,42,19,0.7492736929826832,0.7492736929826832,0.9457611267056962,0.8879635579179144,0.8879635579179144,0.9785136217049052,0.19648743372301303,0.19648743372301303,0.09055006378699082,0.09055006378699082
transformer,42,20,0.9863189320729456,0.9863189320729456,0.985596492882582,0.9953991110460088,0.9953991110460088,0.995113862665682,-0.0007224391903636329,-0.0007224391903636329,-0.0002852483803267303,-0.0002852483803267303
transformer,42,21,0.5014090755554569,0.5014090755554569,0.5018032240726152,0.7079175021984517,0.7079175021984517,0.7082894758691544,0.00039414851715835475,0.00039414851715835475,0.00037197367070263,0.00037197367070263
transformer,42,22,0.548940871866752,0.548940871866752,0.5581584089331701,0.7429173340229951,0.7429173340229951,0.7500466898696739,0.009217537066418147,0.009217537066418147,0.007129355846678842,0.007129355846678842
transformer,42,23,0.5166541139501886,0.5166541139501886,0.5384288948555128,0.7201315477750516,0.7201315477750516,0.7355725626362156,0.021774780905324254,0.021774780905324254,0.015441014861164004,0.015441014861164004
transformer,42,24,0.9027400857270712,0.9027400857270712,0.9815618285236674,0.9621061154768774,0.9621061154768774,0.993246756064867,0.07882174279659615,0.07882174279659615,0.0311406405879896,0.0311406405879896
transformer,42,25,0.6747856699939224,0.6747856699939224,0.949381961318032,0.8385930731929596,0.8385930731929596,0.9805492433221435,0.27459629132410956,0.27459629132410956,0.14195617012918393,0.14195617012918393
transformer,42,26,0.541283258688896,0.541283258688896,0.9559190419130672,0.7406257236002609,0.7406257236002609,0.983791655630264,0.41463578322417116,0.41463578322417116,0.24316593203000314,0.24316593203000314
transformer,42,27,0.765715782213297,0.765715782213297,0.7671621645777319,0.8950569610688502,0.8950569610688502,0.8960617847269197,0.0014463823644349505,0.0014463823644349505,0.0010048236580694203,0.0010048236580694203
transformer,42,28,0.5616834354686203,0.5616834354686203,0.561037033749641,0.7610980478638014,0.7610980478638014,0.7610088993213611,-0.0006464017189793392,-0.0006464017189793392,-8.914854244035375e-05,-8.914854244035375e-05
transformer,43,1,0.998855949180144,0.998855949180144,0.9989262542546096,0.9996055124375522,0.9996055124375522,0.9996308992290937,7.030507446559309e-05,7.030507446559309e-05,2.5386791541404108e-05,2.5386791541404108e-05
transformer,43,2,0.9972146807301472,0.9972146807301472,0.997677084835776,0.9990380825574602,0.9990380825574602,0.9991933910551638,0.00046240410562881085,0.00046240410562881085,0.0001553084977036212,0.0001553084977036212
transformer,43,3,0.5196213258725879,0.5196213258725879,0.5385414748162859,0.7198346340426925,0.7198346340426925,0.7314646543850034,0.01892014894369798,0.01892014894369798,0.011630020342310865,0.011630020342310865
transformer,43,4,0.502437350449161,0.502437350449161,0.6268434124897218,0.7121658987829914,0.7121658987829914,0.7875665245029801,0.1244060620405607,0.1244060620405607,0.07540062571998873,0.07540062571998873
transformer,43,5,0.4952591721432631,0.4952591721432631,0.494838713157022,0.70541630995804,0.70541630995804,0.704881088173975,-0.00042045898624110123,-0.00042045898624110123,-0.0005352217840650653,-0.0005352217840650653
transformer,43,6,0.9995681316947308,0.9995681316947308,0.9995765916030864,0.9998580829060408,0.9998580829060408,0.9998608919622116,8.459908355629153e-06,8.459908355629153e-06,2.8090561707827533e-06,2.8090561707827533e-06
transformer,43,7,0.515358435067969,0.515358435067969,0.9989969445708036,0.7284042785623112,0.7284042785623112,0.999639792747192,0.4836385095028346,0.4836385095028346,0.2712355141848808,0.2712355141848808
transformer,43,8,0.9930175768850033,0.9930175768850033,0.9930001793685488,0.9976524161766036,0.9976524161766036,0.9976453733504904,-1.7397516454464856e-05,-1.7397516454464856e-05,-7.0428261131905145e-06,-7.0428261131905145e-06
transformer,43,9,0.5322989346371146,0.5322989346371146,0.543908539298971,0.7310895825961933,0.7310895825961933,0.738573180406274,0.011609604661856343,0.011609604661856343,0.007483597810080678,0.007483597810080678
transformer,43,10,0.9679374928345038,0.9679374928345038,0.9704313597861878,0.988459668751686,0.988459668751686,0.989397262123124,0.002493866951683965,0.002493866951683965,0.0009375933714379503,0.0009375933714379503
transformer,43,11,0.9436394063455784,0.9436394063455784,0.9478449022965338,0.9787024068558364,0.9787024068558364,0.9801985945656164,0.004205495950955429,0.004205495950955429,0.0014961877097799947,0.0014961877097799947
transformer,43,12,0.7858038823736808,0.7858038823736808,0.7950795385482119,0.9091841499087328,0.9091841499087328,0.9137755634917958,0.009275656174531077,0.009275656174531077,0.004591413583063031,0.004591413583063031
transformer,43,13,0.9884936339574866,0.9884936339574866,0.9888309855161438,0.9961882132756216,0.9961882132756216,0.9963037741551224,0.00033735155865721733,0.00033735155865721733,0.00011556087950082006,0.00011556087950082006
transformer,43,14,0.9958713366593565,0.9958713366593565,0.9944214162348878,0.9983938388238348,0.9983938388238348,0.9977913421251358,-0.0014499204244686759,-0.0014499204244686759,-0.000602496698699051,-0.000602496698699051
transformer,43,15,0.5163011708882996,0.5163011708882996,0.516821401318328,0.7191895229445598,0.7191895229445598,0.7198210336469101,0.0005202304300283567,0.0005202304300283567,0.0006315107023502353,0.0006315107023502353
transformer,43,16,0.5118276977091369,0.5118276977091369,0.5111106642307062,0.7167991381916966,0.7167991381916966,0.7163042919818263,-0.000717033478430773,-0.000717033478430773,-0.000494846209870281,-0.000494846209870281
transformer,43,17,0.9897223146802372,0.9897223146802372,0.9886627026833782,0.996606822142025,0.996606822142025,0.996176948602131,-0.001059611996859,-0.001059611996859,-0.0004298735398939879,-0.0004298735398939879
transformer,43,18,0.9489067055483438,0.9489067055483438,0.9499635407228244,0.9811056175175676,0.9811056175175676,0.9813230728725464,0.0010568351744806304,0.0010568351744806304,0.00021745535497874613,0.00021745535497874613
transformer,43,19,0.7525363421636901,0.7525363421636901,0.9636222677115656,0.8903381866408722,0.8903381866408722,0.9857916076251078,0.21108592554787542,0.21108592554787542,0.09545342098423559,0.09545342098423559
transformer,43,20,0.9864907283102744,0.9864907283102744,0.9864083050720002,0.9954654316767853,0.9954654316767853,0.9954238706357732,-8.242323827423181e-05,-8.242323827423181e-05,-4.156104101205038e-05,-4.156104101205038e-05
transformer,43,21,0.5018399977070412,0.5018399977070412,0.5025292352242846,0.7083039498321254,0.7083039498321254,0.7085008334628138,0.0006892375172433685,0.0006892375172433685,0.00019688363068837145,0.00019688363068837145
transformer,43,22,0.5473714648678035,0.5473714648678035,0.5622694775135945,0.7427058562539903,0.7427058562539903,0.7525696214438412,0.014898012645790937,0.014898012645790937,0.009863765189850882,0.009863765189850882
transformer,43,23,0.5162844791346916,0.5162844791346916,0.5406439854828589,0.7202150468114004,0.7202150468114004,0.7372391430003811,0.024359506348167304,0.024359506348167304,0.01702409618898071,0.01702409618898071
transformer,43,24,0.8936227978041837,0.8936227978041837,0.9863047181941348,0.9580625617198986,0.9580625617198986,0.9950401254300372,0.09268192038995104,0.09268192038995104,0.036977563710138606,0.036977563710138606
transformer,43,25,0.6715756047678749,0.6715756047678749,0.9635481718584924,0.8363023541604359,0.8363023541604359,0.986376124558522,0.2919725670906175,0.2919725670906175,0.15007377039808611,0.15007377039808611
transformer,43,26,0.5385872107142813,0.5385872107142813,0.962811318463619,0.7386553246740262,0.7386553246740262,0.9863480305464316,0.4242241077493377,0.4242241077493377,0.24769270587240544,0.24769270587240544
transformer,43,27,0.7665433523303734,0.7665433523303734,0.7779774531885071,0.8957823628353291,0.8957823628353291,0.9013945207464312,0.011434100858133678,0.011434100858133678,0.005612157911102145,0.005612157911102145
transformer,43,28,0.5606995712413659,0.5606995712413659,0.565488243038836,0.7602956639917972,0.7602956639917972,0.7640604155717148,0.004788671797470112,0.004788671797470112,0.0037647515799176245,0.0037647515799176245
transformer,44,1,0.998870375712389,0.998870375712389,0.9989194154434472,0.999611913529359,0.999611913529359,0.9996275333080604,4.903973105818693e-05,4.903973105818693e-05,1.561977870145892e-05,1.561977870145892e-05
transformer,44,2,0.9973359424985114,0.9973359424985114,0.9976478681030944,0.9990788635698772,0.9990788635698772,0.9991815742153632,0.00031192560458292995,0.00031192560458292995,0.00010271064548605935,0.00010271064548605935
transformer,44,3,0.5196799226804442,0.5196799226804442,0.5354963485248015,0.7191386003643251,0.7191386003643251,0.7302742337125284,0.015816425844357385,0.015816425844357385,0.011135633348203333,0.011135633348203333
transformer,44,4,0.5014490112539896,0.5014490112539896,0.5802199545353122,0.7115320250575139,0.7115320250575139,0.7723968988636691,0.07877094328132261,0.07877094328132261,0.06086487380615524,0.06086487380615524
transformer,44,5,0.4950966648544895,0.4950966648544895,0.495535788031988,0.705367138878208,0.705367138878208,0.7055893922203027,0.0004391231774985016,0.0004391231774985016,0.0002222533420946915,0.0002222533420946915
transformer,44,6,0.9995633177140928,0.9995633177140928,0.9995569319472029,0.9998574451012192,0.9998574451012192,0.9998553864780072,-6.385766889938083e-06,-6.385766889938083e-06,-2.058623212009003e-06,-2.058623212009003e-06
transformer,44,7,0.5154839622327501,0.5154839622327501,0.9992548377115286,0.7295279166518303,0.7295279166518303,0.9997451209964636,0.4837708754787785,0.4837708754787785,0.27021720434463337,0.27021720434463337
transformer,44,8,0.9929338777261244,0.9929338777261244,0.9927544074735662,0.9976236011482468,0.9976236011482468,0.997556328762134,-0.00017947025255815596,-0.00017947025255815596,-6.72723861128155e-05,-6.72723861128155e-05
transformer,44,9,0.5318395323350333,0.5318395323350333,0.5403701494984461,0.7307941349825509,0.7307941349825509,0.7364505655191146,0.008530617163412746,0.008530617163412746,0.005656430536563728,0.005656430536563728
transformer,44,10,0.9635637387062534,0.9635637387062534,0.9719623535619142,0.9867502505081572,0.9867502505081572,0.990029379228659,0.008398614855660735,0.008398614855660735,0.003279128720501734,0.003279128720501734
transformer,44,11,0.9425023422697086,0.9425023422697086,0.9363317097705932,0.9782727227712728,0.9782727227712728,0.9757386639405142,-0.006170632499115425,-0.006170632499115425,-0.0025340588307585232,-0.0025340588307585232
transformer,44,12,0.781981957742989,0.781981957742989,0.7865030159804433,0.90738854794478,0.90738854794478,0.9093651101683092,0.004521058237454301,0.004521058237454301,0.0019765622235292657,0.0019765622235292657
transformer,44,13,0.9885751665168848,0.9885751665168848,0.9887105558699129,0.9962144929418346,0.9962144929418346,0.9962653656864172,0.000135389353028037,0.000135389353028037,5.0872744582597385e-05,5.0872744582597385e-05
transformer,44,14,0.9944508148016652,0.9944508148016652,0.992034369109654,0.9978244635247746,0.9978244635247746,0.9968331006685412,-0.00241644569201116,-0.00241644569201116,-0.0009913628562333576,-0.0009913628562333576
transformer,44,15,0.5159040359772628,0.5159040359772628,0.5163790945031861,0.7189409497327637,0.7189409497327637,0.7190109495101313,0.0004750585259233331,0.0004750585259233331,6.99997773676575e-05,6.99997773676575e-05
transformer,44,16,0.5109164715802554,0.5109164715802554,0.512882671395586,0.7162112202480273,0.7162112202480273,0.717820662696148,0.001966199815330527,0.001966199815330527,0.0016094424481206682,0.0016094424481206682
transformer,44,17,0.9895898562462786,0.9895898562462786,0.9879953222408372,0.9965568423915114,0.9965568423915114,0.995917790732202,-0.0015945340054414059,-0.0015945340054414059,-0.000639051659309442,-0.000639051659309442
transformer,44,18,0.9493272724022688,0.9493272724022688,0.9420084870293732,0.9810550716137107,0.9810550716137107,0.9783288308567608,-0.007318785372895542,-0.007318785372895542,-0.002726240756949938,-0.002726240756949938
transformer,44,19,0.748000262580762,0.748000262580762,0.9395598813578754,0.8874917112807346,0.8874917112807346,0.9760621303824776,0.19155961877711336,0.19155961877711336,0.08857041910174301,0.08857041910174301
transformer,44,20,0.98583709945647,0.98583709945647,0.9855940951380644,0.9952037694566578,0.9952037694566578,0.9951100997655972,-0.0002430043184056263,-0.0002430043184056263,-9.366969106061607e-05,-9.366969106061607e-05
transformer,44,21,0.5015965434262968,0.5015965434262968,0.5016890199327152,0.7076418702306134,0.7076418702306134,0.7080451966466164,9.24765064184152e-05,9.24765064184152e-05,0.00040332641600293595,0.00040332641600293595
transformer,44,22,0.5459517196574369,0.5459517196574369,0.5572427109183054,0.7408564746062823,0.7408564746062823,0.749490298533298,0.01129099126086841,0.01129099126086841,0.008633823927015616,0.008633823927015616
transformer,44,23,0.5179544773718254,0.5179544773718254,0.5386476998295074,0.7210685774968463,0.7210685774968463,0.7359225463891335,0.020693222457682015,0.020693222457682015,0.014853968892287184,0.014853968892287184
transformer,44,24,0.9003681493233923,0.9003681493233923,0.9812129320408935,0.9610185609411452,0.9610185609411452,0.9931175722867888,0.08084478271750128,0.08084478271750128,0.032099011345643524,0.032099011345643524
transformer,44,25,0.6743170280542272,0.6743170280542272,0.9443961073942988,0.8377629121082536,0.8377629121082536,0.9784754463996472,0.2700790793400716,0.2700790793400716,0.14071253429139363,0.14071253429139363
transformer,44,26,0.5401229537500355,0.5401229537500355,0.9559997207767952,0.7387956698188574,0.7387956698188574,0.9837007181292344,0.4158767670267597,0.4158767670267597,0.24490504831037707,0.24490504831037707
transformer,44,27,0.7626014048687157,0.7626014048687157,0.7643708386188498,0.8935158466020541,0.8935158466020541,0.8947663705716656,0.001769433750134053,0.001769433750134053,0.001250523969611561,0.001250523969611561
transformer,44,28,0.5603425292074868,0.5603425292074868,0.5616401466260837,0.7599299267500972,0.7599299267500972,0.7611859453896881,0.001297617418596908,0.001297617418596908,0.0012560186395909057,0.0012560186395909057
transformer,45,1,0.9988565809765786,0.9988565809765786,0.9989281157426412,0.9996071925719956,0.9996071925719956,0.9996308237747352,7.153476606258646e-05,7.153476606258646e-05,2.3631202739626822e-05,2.3631202739626822e-05
transformer,45,2,0.9972401837325672,0.9972401837325672,0.9976548425193452,0.9990440219292392,0.9990440219292392,0.9991826241838034,0.0004146587867780438,0.0004146587867780438,0.00013860225456419073,0.00013860225456419073
transformer,45,3,0.5219927876584576,0.5219927876584576,0.5373239784313943,0.7208374691250736,0.7208374691250736,0.7322747573643632,0.015331190772936765,0.015331190772936765,0.011437288239289578,0.011437288239289578
transformer,45,4,0.5013271700820657,0.5013271700820657,0.6313711215403752,0.711319466082054,0.711319466082054,0.8026150306768829,0.1300439514583095,0.1300439514583095,0.0912955645948289,0.0912955645948289
transformer,45,5,0.4956837824943693,0.4956837824943693,0.4961967796257053,0.7056704581499982,0.7056704581499982,0.7058362774546474,0.0005129971313360127,0.0005129971313360127,0.00016581930464920625,0.00016581930464920625
transformer,45,6,0.9995648771726092,0.9995648771726092,0.9995582109497412,0.999857851917114,0.999857851917114,0.999855709227856,-6.666222868045857e-06,-6.666222868045857e-06,-2.142689257911279e-06,-2.142689257911279e-06
transformer,45,7,0.5134117716311689,0.5134117716311689,0.9992798815058084,0.7273669084355489,0.7273669084355489,0.9997570496014696,0.48586810987463946,0.48586810987463946,0.27239014116592075,0.27239014116592075
transformer,45,8,0.9927117997384056,0.9927117997384056,0.9926727300632784,0.9975338535922796,0.9975338535922796,0.9975242933802706,-3.906967512723458e-05,-3.906967512723458e-05,-9.560212009041003e-06,-9.560212009041003e-06
transformer,45,9,0.5329317419459824,0.5329317419459824,0.5418234323127201,0.7315727581230346,0.7315727581230346,0.737541369103294,0.008891690366737759,0.008891690366737759,0.00596861098025947,0.00596861098025947
transformer,45,10,0.9617998616828098,0.9617998616828098,0.972176107246366,0.9860794004566756,0.9860794004566756,0.9901329097681336,0.010376245563556208,0.010376245563556208,0.004053509311457981,0.004053509311457981
transformer,45,11,0.9402944849410548,0.9402944849410548,0.9424581226831562,0.9774214752953664,0.9774214752953664,0.9781425458690964,0.0021636377421013764,0.0021636377421013764,0.0007210705737300538,0.0007210705737300538
transformer,45,12,0.781484117562215,0.781484117562215,0.7858360423531674,0.9071970958381368,0.9071970958381368,0.909334381296212,0.004351924790952366,0.004351924790952366,0.002137285458075233,0.002137285458075233
transformer,45,13,0.9885981608251692,0.9885981608251692,0.9887937249361732,0.996223441755284,0.996223441755284,0.9962916217644214,0.00019556411100407622,0.00019556411100407622,6.818000913744182e-05,6.818000913744182e-05
transformer,45,14,0.9956056893731224,0.9956056893731224,0.9908746466562868,0.9982944087093591,0.9982944087093591,0.9963553119923786,-0.004731042716835665,-0.004731042716835665,-0.0019390967169805595,-0.0019390967169805595
transformer,45,15,0.5159648795148789,0.5159648795148789,0.5165017338959712,0.718774611116633,0.718774611116633,0.7192088623839822,0.0005368543810922999,0.0005368543810922999,0.00043425126734919495,0.00043425126734919495
transformer,45,16,0.5112232472734132,0.5112232472734132,0.5127867677787517,0.7158697738106342,0.7158697738106342,0.7179991823023119,0.0015635205053384782,0.0015635205053384782,0.0021294084916776423,0.0021294084916776423
transformer,45,17,0.989228952549314,0.989228952549314,0.9896591473645152,0.9964041319221012,0.9964041319221012,0.9965775213586464,0.0004301948152012347,0.0004301948152012347,0.00017338943654521266,0.00017338943654521266
transformer,45,18,0.9404146248855062,0.9404146248855062,0.943065356105126,0.9774032802906732,0.9774032802906732,0.9787029872568268,0.002650731219619784,0.002650731219619784,0.0012997069661535576,0.0012997069661535576
transformer,45,19,0.748708235173741,0.748708235173741,0.9461596823882276,0.8881395827362585,0.8881395827362585,0.9789901686861974,0.1974514472144866,0.1974514472144866,0.09085058594993889,0.09085058594993889
transformer,45,20,0.9844753716504002,0.9844753716504002,0.9860464089923432,0.9946594557054192,0.9946594557054192,0.9952871702934742,0.0015710373419429713,0.0015710373419429713,0.000627714588054995,0.000627714588054995
transformer,45,21,0.5011328449084604,0.5011328449084604,0.5014371519726226,0.7078556118746563,0.7078556118746563,0.7079846011517079,0.00030430706416217923,0.00030430706416217923,0.00012898927705162766,0.00012898927705162766
transformer,45,22,0.5472481936785839,0.5472481936785839,0.5586055543844207,0.7424949286155849,0.7424949286155849,0.7506978624093068,0.011357360705836816,0.011357360705836816,0.008202933793721945,0.008202933793721945
transformer,45,23,0.5142234173961604,0.5142234173961604,0.5396602969258326,0.7179738058315784,0.7179738058315784,0.7364549971242939,0.02543687952967222,0.02543687952967222,0.018481191292715415,0.018481191292715415
transformer,45,24,0.8827328924935187,0.8827328924935187,0.9792267612943628,0.9533355621324976,0.9533355621324976,0.9923720418943508,0.0964938688008441,0.0964938688008441,0.039036479761853204,0.039036479761853204
transformer,45,25,0.6694162601595949,0.6694162601595949,0.9394968373195064,0.8349756243117368,0.8349756243117368,0.9770971988853878,0.2700805771599115,0.2700805771599115,0.14212157457365104,0.14212157457365104
transformer,45,26,0.5389465888540014,0.5389465888540014,0.95852506660059,0.738445874765716,0.738445874765716,0.9848153160503552,0.41957847774658863,0.41957847774658863,0.24636944128463922,0.24636944128463922
transformer,45,27,0.7681866764302331,0.7681866764302331,0.7702575757015406,0.8965836073519455,0.8965836073519455,0.8977777212258383,0.002070899271307547,0.002070899271307547,0.0011941138738927881,0.0011941138738927881
transformer,45,28,0.5607271699587884,0.5607271699587884,0.5616226504877468,0.7601689761102037,0.7601689761102037,0.7612238343152131,0.0008954805289584922,0.0008954805289584922,0.0010548582050093902,0.0010548582050093902
transformer,46,1,0.998864436825904,0.998864436825904,0.9989148788368536,0.9996098486995916,0.9996098486995916,0.9996269195688486,5.044201094961398e-05,5.044201094961398e-05,1.7070869257063137e-05,1.7070869257063137e-05
transformer,46,2,0.9973529917564434,0.9973529917564434,0.997556941809391,0.9990826221222594,0.9990826221222594,0.9991502129966326,0.00020395005294759905,0.00020395005294759905,6.759087437324673e-05,6.759087437324673e-05
transformer,46,3,0.5217314982266553,0.5217314982266553,0.5353077033552397,0.7205038166409627,0.7205038166409627,0.7310366102278085,0.013576205128584373,0.013576205128584373,0.010532793586845779,0.010532793586845779
transformer,46,4,0.5019698888901216,0.5019698888901216,0.6059725627759102,0.71147069770747,0.71147069770747,0.7902582025596495,0.10400267388578854,0.10400267388578854,0.07878750485217956,0.07878750485217956
transformer,46,5,0.4956099177863332,0.4956099177863332,0.4961564833409149,0.7053407858195689,0.7053407858195689,0.7054168192277436,0.0005465655545817127,0.0005465655545817127,7.603340817463611e-05,7.603340817463611e-05
transformer,46,6,0.9995685477557974,0.9995685477557974,0.9995638447247772,0.9998589865546872,0.9998589865546872,0.9998576361823954,-4.703031020181214e-06,-4.703031020181214e-06,-1.350372291764046e-06,-1.350372291764046e-06
transformer,46,7,0.5137281321385292,0.5137281321385292,0.9990316039986242,0.7265278983177748,0.7265278983177748,0.99965459130055,0.48530347186009504,0.48530347186009504,0.27312669298277525,0.27312669298277525
transformer,46,8,0.9927655825656236,0.9927655825656236,0.9926678575258976,0.997557568127412,0.997557568127412,0.997524214145236,-9.772503972604873e-05,-9.772503972604873e-05,-3.3353982176076435e-05,-3.3353982176076435e-05
transformer,46,9,0.5334020727854148,0.5334020727854148,0.537729372925088,0.7317410865519652,0.7317410865519652,0.7342295181088233,0.004327300139673196,0.004327300139673196,0.002488431556858073,0.002488431556858073
transformer,46,10,0.9676941402575756,0.9676941402575756,0.9701318204736562,0.9883585876583408,0.9883585876583408,0.9892879387203986,0.0024376802160805955,0.0024376802160805955,0.000929351062057715,0.000929351062057715
transformer,46,11,0.9433760551000456,0.9433760551000456,0.9366622595012938,0.9784797258915652,0.9784797258915652,0.9757897340148592,-0.006713795598751848,-0.006713795598751848,-0.0026899918767059328,-0.0026899918767059328
transformer,46,12,0.7866092317478633,0.7866092317478633,0.7855151791404856,0.90936120628666,0.90936120628666,0.9087425243513184,-0.0010940526073777157,-0.0010940526073777157,-0.0006186819353415363,-0.0006186819353415363
transformer,46,13,0.9885862275773905,0.9885862275773905,0.9887888863000645,0.996220481454552,0.996220481454552,0.9962862945274764,0.00020265872267399843,0.00020265872267399843,6.58130729244144e-05,6.58130729244144e-05
transformer,46,14,0.9972130935342262,0.9972130935342262,0.9916859441627556,0.9989344049810082,0.9989344049810082,0.9966956290122474,-0.0055271493714705855,-0.0055271493714705855,-0.0022387759687607645,-0.0022387759687607645
transformer,46,15,0.5159121383812943,0.5159121383812943,0.5168858198991838,0.718764270247583,0.718764270247583,0.7196982861042673,0.0009736815178894576,0.0009736815178894576,0.0009340158566842893,0.0009340158566842893
transformer,46,16,0.5104969402560964,0.5104969402560964,0.5118390176520842,0.715700586444558,0.715700586444558,0.7170520819492896,0.0013420773959877952,0.0013420773959877952,0.0013514955047315702,0.0013514955047315702
transformer,46,17,0.9894348349747712,0.9894348349747712,0.988426555667738,0.9964914166012578,0.9964914166012578,0.9960899112173568,-0.0010082793070332885,-0.0010082793070332885,-0.0004015053839010463,-0.0004015053839010463
transformer,46,18,0.953412468148214,0.953412468148214,0.957571118704996,0.982637566732257,0.982637566732257,0.9841383293425356,0.004158650556781995,0.004158650556781995,0.0015007626102786498,0.0015007626102786498
transformer,46,19,0.7476418983972711,0.7476418983972711,0.9360794041758972,0.8870873610990517,0.8870873610990517,0.9741444984101306,0.18843750577862606,0.18843750577862606,0.08705713731107889,0.08705713731107889
transformer,46,20,0.9859392100880324,0.9859392100880324,0.9860863508547436,0.9952411075432098,0.9952411075432098,0.9953040406400568,0.0001471407667111846,0.0001471407667111846,6.293309684701764e-05,6.293309684701764e-05
transformer,46,21,0.5010430527664055,0.5010430527664055,0.5009202068840539,0.7075714156769929,0.7075714156769929,0.7073579895756417,-0.00012284588235156324,-0.00012284588235156324,-0.00021342610135122175,-0.00021342610135122175
transformer,46,22,0.5492257658297367,0.5492257658297367,0.5536230628504929,0.7429927449024825,0.7429927449024825,0.7468900759446327,0.004397297020756197,0.004397297020756197,0.003897331042150287,0.003897331042150287
transformer,46,23,0.5149368511758811,0.5149368511758811,0.5395468601874556,0.719079954774627,0.719079954774627,0.736180625559557,0.024610009011574507,0.024610009011574507,0.01710067078492994,0.01710067078492994
transformer,46,24,0.8921784002051335,0.8921784002051335,0.9817398071202532,0.957370347547403,0.957370347547403,0.9932736164794338,0.08956140691511971,0.08956140691511971,0.035903268932030774,0.035903268932030774
transformer,46,25,0.6707097755242678,0.6707097755242678,0.951834900188491,0.8352689828837679,0.8352689828837679,0.9815263923282158,0.28112512466422324,0.28112512466422324,0.14625740944444787,0.14625740944444787
transformer,46,26,0.5404245302208267,0.5404245302208267,0.9428927832204728,0.7384968346909698,0.7384968346909698,0.9783747406074684,0.40246825299964606,0.40246825299964606,0.2398779059164986,0.2398779059164986
transformer,46,27,0.7615816114569041,0.7615816114569041,0.7581279193618178,0.8926187175061462,0.8926187175061462,0.8913769201106853,-0.0034536920950862804,-0.0034536920950862804,-0.0012417973954609307,-0.0012417973954609307
transformer,46,28,0.5606051161334304,0.5606051161334304,0.5614718453017151,0.7594294789224975,0.7594294789224975,0.7605293931851163,0.0008667291682846745,0.0008667291682846745,0.0010999142626187952,0.0010999142626187952
