mode,fault_id,channel,mean_delta_auroc,mean_delta_auprc,positive_seeds,max_abs_pre_fpr_shift,stable_material
conditional,1,1,-2.5074750830533788e-05,-1.2649943081899373e-05,0,0.0010000000000000009,False
conditional,1,2,1.8023255814236804e-06,2.385227831447345e-06,2,0.0007500000000000007,False
conditional,1,3,1.1320598006658856e-05,3.6034773006399234e-06,4,0.0004999999999999987,False
conditional,1,4,5.611295681069439e-05,2.7726683626760894e-05,5,0.0010000000000000009,False
conditional,1,5,0.0,0.0,0,0.0,False
conditional,1,6,5.083056478394354e-06,3.0278342942891e-06,5,0.0002500000000000002,False
conditional,1,7,2.436877076410493e-05,1.120376060697037e-05,5,0.0005000000000000004,False
conditional,1,8,-2.177740863786859e-05,-9.775303192260942e-06,2,0.0007500000000000007,False
conditional,1,9,0.0,0.0,0,0.0,False
conditional,1,10,-8.255813953450542e-06,-1.8685468234247437e-06,3,0.0012499999999999994,False
conditional,1,11,-2.0564784053145323e-05,-8.900367124575758e-06,1,0.0012499999999999994,False
conditional,2,1,-0.00022478820597999772,-0.00011468498052800147,0,0.0007499999999999989,False
conditional,2,2,2.4003322259202874e-05,1.7333253306106577e-05,4,0.0010000000000000009,False
conditional,2,3,1.2500000000104094e-05,6.3172015558832225e-06,3,0.0007499999999999989,False
conditional,2,4,0.00032809800664455044,0.0001543323473545355,5,0.001749999999999999,False
conditional,2,5,0.0,0.0,0,0.0,False
conditional,2,6,-4.152823920078319e-07,-5.5635329929693e-07,2,0.0005000000000000004,False
conditional,2,7,7.504568106317944e-05,4.0912547403015864e-05,5,0.0005000000000000004,False
conditional,2,8,1.4759136212671996e-05,8.116049554107718e-06,4,0.0009999999999999992,False
conditional,2,9,0.0,0.0,0,0.0,False
conditional,2,10,1.7196843853839462e-05,7.323375907897223e-06,3,0.0005000000000000004,False
conditional,2,11,-1.9485049833845025e-05,-8.666636732712618e-06,1,0.0007499999999999989,False
conditional,3,1,7.931478405314163e-05,9.627705026842293e-05,3,0.0007500000000000007,False
conditional,3,2,-0.0002532475083056651,-0.00026118107537642654,1,0.0007500000000000007,False
conditional,3,3,2.3210132890327807e-05,-2.9042095866382843e-05,3,0.0007499999999999989,False
conditional,3,4,0.0019112583056478227,0.0019885804143363827,5,0.0004999999999999987,False
conditional,3,5,0.0,0.0,0,0.0,False
conditional,3,6,-0.00017376661129571148,-0.00015397389456530685,0,0.0004999999999999987,False
conditional,3,7,-0.00022031976744190106,-0.0003035617480735775,1,0.0005000000000000004,False
conditional,3,8,-0.00017147425249171012,-0.00034918679115825135,2,0.0005000000000000004,False
conditional,3,9,0.0,0.0,0,0.0,False
conditional,3,10,0.0005876993355481641,0.0006220664859735381,4,0.0004999999999999987,False
conditional,3,11,-0.00017358388704320494,5.471161423098447e-05,2,0.0007500000000000007,False
conditional,4,1,0.0036730481727575313,0.002857983723860724,4,0.0005000000000000004,False
conditional,4,2,-0.004229630398671036,-0.0033998552591461896,1,0.0002500000000000002,False
conditional,4,3,0.0005162416943521597,0.000478294172317173,4,0.0002500000000000002,False
conditional,4,4,-0.0027734509966776733,-0.002295062315765395,2,0.0007500000000000007,False
conditional,4,5,0.0,0.0,0,0.0,False
conditional,4,6,-0.002777574750830536,-0.002303939988949999,1,0.0002500000000000002,False
conditional,4,7,-0.001167242524916845,-0.001022409960649906,1,0.0005000000000000004,False
conditional,4,8,-0.0005322549833886914,-0.0003799321867241412,1,0.0002500000000000002,False
conditional,4,9,0.0,0.0,0,0.0,False
conditional,4,10,0.41910146179401997,0.32686032404989335,5,0.0012499999999999994,True
conditional,4,11,-1.019933554808894e-05,-9.506586933638595e-06,3,0.0005000000000000004,False
conditional,5,1,2.8151993355463033e-05,-1.6247724599560697e-05,3,0.0007500000000000007,False
conditional,5,2,-8.439784053155819e-05,-0.00010624173323086073,2,0.0007499999999999989,False
conditional,5,3,1.79277408637879e-05,-4.402321915975005e-05,3,0.0005000000000000004,False
conditional,5,4,-0.0003131644518272636,-0.00047184926397128015,2,0.0014999999999999996,False
conditional,5,5,0.0,0.0,0,0.0,False
conditional,5,6,6.956395348836075e-05,1.1038158431841971e-05,4,0.0002500000000000002,False
conditional,5,7,-3.5049833887024205e-06,3.16292385800665e-05,1,0.0007500000000000007,False
conditional,5,8,-0.0001585423588039814,-6.924191616253239e-05,2,0.0009999999999999992,False
conditional,5,9,0.0,0.0,0,0.0,False
conditional,5,10,-0.00010581810631228316,-2.125441377993642e-05,1,0.0005000000000000004,False
conditional,5,11,0.0005165074750830389,0.0001702742715772976,4,0.0007500000000000007,False
conditional,6,1,-4.9667774086215035e-06,-1.944242670903762e-06,1,0.0005000000000000004,False
conditional,6,2,-5.54401993362319e-06,-1.7455123006770989e-06,1,0.0005000000000000004,False
conditional,6,3,-1.8687707641351636e-06,-8.091392778464268e-07,2,0.0017499999999999998,False
conditional,6,4,-4.476744186050485e-05,-1.5994919704120925e-05,0,0.0012500000000000002,False
conditional,6,5,0.0,0.0,0,0.0,False
conditional,6,6,2.225913621245468e-06,6.723167493838389e-07,4,0.0005000000000000004,False
conditional,6,7,-1.2981727574801205e-05,-3.792280247472135e-06,0,0.0005000000000000004,False
conditional,6,8,-1.0523255813943422e-05,-3.7725003418476176e-06,2,0.0009999999999999992,False
conditional,6,9,0.0,0.0,0,0.0,False
conditional,6,10,-1.4426910299003558e-05,-6.242778726694986e-06,2,0.0005000000000000004,False
conditional,6,11,6.345514950178987e-06,1.9909039278731557e-06,4,0.0009999999999999992,False
conditional,7,1,1.1013289036543305e-05,3.5701121352094132e-06,5,0.0012499999999999994,False
conditional,7,2,5.249169435295187e-06,2.3052282005942006e-06,3,0.0007500000000000007,False
conditional,7,3,-1.9975083056733568e-06,-8.053603001600961e-07,2,0.0007499999999999989,False
conditional,7,4,-2.1179401993376424e-05,-8.062330302971431e-06,1,0.0014999999999999996,False
conditional,7,5,0.0,0.0,0,0.0,False
conditional,7,6,-2.8903654484713217e-06,-1.0348842539364965e-06,1,0.0005000000000000004,False
conditional,7,7,2.699335548173032e-06,2.554961175960102e-07,3,0.0007500000000000007,False
conditional,7,8,1.5033222591442908e-06,1.0692437280912514e-06,3,0.0009999999999999992,False
conditional,7,9,0.0,0.0,0,0.0,False
conditional,7,10,3.8745847176002716e-06,2.141732070537472e-06,3,0.0012499999999999994,False
conditional,7,11,-8.55481727572993e-06,-3.268852861526561e-06,1,0.0005000000000000004,False
conditional,8,1,-0.00011626661129566784,-6.420502143922313e-05,0,0.0015000000000000005,False
conditional,8,2,1.5236710963484335e-05,-5.418143463220559e-07,3,0.0007500000000000007,False
conditional,8,3,3.1686046511936183e-06,7.310727377696225e-07,3,0.0004999999999999996,False
conditional,8,4,0.00017311877076415795,0.00010335026664005653,5,0.0005000000000000004,False
conditional,8,5,0.0,0.0,0,0.0,False
conditional,8,6,2.1096345515392302e-06,3.1378096305045846e-06,2,0.0005000000000000004,False
conditional,8,7,7.147840531569471e-05,3.924926479161872e-05,4,0.0002500000000000002,False
conditional,8,8,0.00011119186046513186,6.248411131084541e-05,4,0.0005000000000000004,False
conditional,8,9,0.0,0.0,0,0.0,False
conditional,8,10,4.10797342193181e-05,2.0108133304441722e-05,3,0.0002500000000000002,False
conditional,8,11,2.6150332226015926e-05,1.3447202915028989e-05,3,0.0005000000000000004,False
conditional,9,1,5.510382059799035e-05,0.0001548161458559072,4,0.0005000000000000004,False
conditional,9,2,-0.0005740199335548368,-0.00011179413846533759,0,0.0007499999999999989,False
conditional,9,3,-5.179401993358201e-05,7.517061645252454e-05,1,0.0010000000000000009,False
conditional,9,4,0.0030799003322258935,0.002673986353127189,5,0.0005000000000000004,False
conditional,9,5,0.0,0.0,0,0.0,False
conditional,9,6,-4.13538205980446e-05,-9.034142175494697e-05,2,0.0002500000000000002,False
conditional,9,7,0.00018261212624584022,0.0001946757236833463,2,0.0012499999999999994,False
conditional,9,8,2.1627906976728894e-05,0.00024094021924889742,3,0.0012499999999999994,False
conditional,9,9,0.0,0.0,0,0.0,False
conditional,9,10,0.00018527823920264642,0.00036357855128967833,2,0.0009999999999999992,False
conditional,9,11,-3.9264950166129074e-05,4.585405768671169e-05,2,0.0007499999999999989,False
conditional,10,1,0.00011587209302326152,5.1202577539122275e-05,3,0.0012500000000000011,False
conditional,10,2,-0.00043362126245845013,-0.0002201799310420194,1,0.0007500000000000007,False
conditional,10,3,4.001661129564571e-05,1.8285940434470405e-05,3,0.0009999999999999992,False
conditional,10,4,0.0006875498338870134,0.0003650809675331601,5,0.0014999999999999996,False
conditional,10,5,0.0,0.0,0,0.0,False
conditional,10,6,0.0004338372093023013,0.0002662418708913927,4,0.0002500000000000002,False
conditional,10,7,-4.625415282395462e-05,-2.781466541676991e-05,2,0.0012499999999999994,False
conditional,10,8,0.0002229526578072516,0.00014702816486809046,5,0.0005000000000000004,False
conditional,10,9,0.0,0.0,0,0.0,False
conditional,10,10,0.00012782807308973077,8.509098782949476e-05,4,0.0005000000000000004,False
conditional,10,11,0.00013582225913626455,8.029439068653055e-05,4,0.0014999999999999996,False
conditional,11,1,0.0002483928571429095,0.00014026406086025122,4,0.0005000000000000004,False
conditional,11,2,-0.00015247508305644698,-8.160014255913506e-05,1,0.0002500000000000002,False
conditional,11,3,1.5606312292382186e-05,1.0947343772960138e-05,3,0.0002500000000000002,False
conditional,11,4,-9.101328903649009e-05,-5.953526794897357e-05,2,0.0014999999999999996,False
conditional,11,5,0.0,0.0,0,0.0,False
conditional,11,6,-0.00022332225913617164,-0.00012538619919888472,1,0.0002500000000000002,False
conditional,11,7,-0.00028317691029895454,-0.0001580031044606578,1,0.0009999999999999992,False
conditional,11,8,-1.3160299003267539e-05,-4.1953631586544303e-07,3,0.0010000000000000009,False
conditional,11,9,0.0,0.0,0,0.0,False
conditional,11,10,0.023862034883721007,0.013306904396387442,5,0.0005000000000000004,True
conditional,11,11,-7.539867109631614e-05,-4.26343981116517e-05,2,0.0002500000000000002,False
conditional,12,1,0.0001545390365448318,5.9402089151028294e-05,4,0.0005000000000000004,False
conditional,12,2,-0.0005399543189368971,-0.00037794981923469086,0,0.0014999999999999996,False
conditional,12,3,-0.0001200415282392342,-0.00010358852681007225,1,0.0005000000000000004,False
conditional,12,4,0.0013491112956810491,0.0010618976691412429,5,0.0014999999999999996,False
conditional,12,5,0.0,0.0,0,0.0,False
conditional,12,6,-0.00018460963455151357,-0.00011398161091311643,0,0.0002500000000000002,False
conditional,12,7,-2.28114617940367e-05,-1.1058579861500384e-05,2,0.0014999999999999996,False
conditional,12,8,-0.00012278654485051722,-6.10288369156331e-05,2,0.0012500000000000011,False
conditional,12,9,0.0,0.0,0,0.0,False
conditional,12,10,0.0002488122923588021,0.0001917581499733867,4,0.0005000000000000004,False
conditional,12,11,5.5884551494989056e-05,-5.032520999015411e-05,2,0.0007500000000000007,False
conditional,13,1,-0.00011247093023256661,-5.702041131485647e-05,0,0.0005000000000000004,False
conditional,13,2,-1.8189368770737957e-06,-2.847434832031759e-06,2,0.0007499999999999989,False
conditional,13,3,2.8143687707582465e-05,9.423573590505718e-06,5,0.0007499999999999989,False
conditional,13,4,4.462209302320552e-05,4.9172102078687276e-05,3,0.0007499999999999989,False
conditional,13,5,0.0,0.0,0,0.0,False
conditional,13,6,-2.906976744432299e-07,-1.609703794924755e-07,2,0.0002500000000000002,False
conditional,13,7,-3.406561461796187e-05,-1.1573663954367319e-05,0,0.0005000000000000004,False
conditional,13,8,-2.6877076411935265e-05,-9.420866682630092e-06,2,0.0007499999999999989,False
conditional,13,9,0.0,0.0,0,0.0,False
conditional,13,10,4.624169435212267e-05,2.3286754029205882e-05,3,0.0009999999999999992,False
conditional,13,11,-2.9007475083075997e-05,-9.625116811950995e-06,1,0.0005000000000000004,False
conditional,14,1,1.0132890365466274e-05,5.0016393990048865e-06,3,0.0002500000000000002,False
conditional,14,2,1.248338870425414e-05,7.086943731482442e-06,3,0.0007499999999999989,False
conditional,14,3,1.5622923588010094e-05,6.303857883138697e-06,5,0.0007500000000000007,False
conditional,14,4,-3.739202657806473e-05,-8.29264514301542e-06,1,0.0012499999999999994,False
conditional,14,5,0.0,0.0,0,0.0,False
conditional,14,6,-1.23463455149464e-05,-8.703237717022639e-06,3,0.0005000000000000004,False
conditional,14,7,1.8073089700965105e-05,1.136162376995653e-05,3,0.0002500000000000002,False
conditional,14,8,-4.933554817254659e-06,-4.90593124502503e-07,2,0.0005000000000000004,False
conditional,14,9,0.0,0.0,0,0.0,False
conditional,14,10,0.00047610465116272317,0.0002982676291810593,5,0.0005000000000000004,False
conditional,14,11,2.815614617945883e-06,9.808988424842013e-07,3,0.0005000000000000004,False
conditional,15,1,3.2562292358795374e-05,-7.816289641495721e-05,4,0.0005000000000000004,False
conditional,15,2,-0.00019605481727575925,-0.0001775051594446575,0,0.0005000000000000004,False
conditional,15,3,-0.00015252906976745973,0.00019813659518759242,1,0.0007500000000000007,False
conditional,15,4,0.0007350415282391554,0.0005150324467844358,5,0.0012499999999999994,False
conditional,15,5,0.0,0.0,0,0.0,False
conditional,15,6,2.7296511627916686e-05,6.221552753304938e-05,2,0.0007500000000000007,False
conditional,15,7,-6.860880398671388e-05,-0.00010892312904304813,1,0.0005000000000000004,False
conditional,15,8,0.00010117524916941623,-8.772963516281428e-05,2,0.0009999999999999992,False
conditional,15,9,0.0,0.0,0,0.0,False
conditional,15,10,-6.0361295681077286e-05,-2.8149632719109972e-05,1,0.0005000000000000004,False
conditional,15,11,-0.00011892441860466008,-1.3988247072371784e-05,3,0.0007500000000000007,False
conditional,16,1,-0.00018890365448507307,-8.190486971775268e-05,0,0.0005000000000000004,False
conditional,16,2,1.98297342192566e-05,-0.00016010046548902145,3,0.0005000000000000004,False
conditional,16,3,-0.00016694352159469795,-0.0001608792118556801,0,0.0007499999999999989,False
conditional,16,4,0.000544514119601347,0.0009068792540745108,5,0.0012499999999999994,False
conditional,16,5,0.0,0.0,0,0.0,False
conditional,16,6,6.803986710963716e-05,-2.6260708676972834e-05,5,0.0002500000000000002,False
conditional,16,7,-3.491694352160124e-05,-0.0001215809345671781,2,0.0007499999999999989,False
conditional,16,8,-0.00012381644518275615,-0.0002457995438263083,1,0.0009999999999999992,False
conditional,16,9,0.0,0.0,0,0.0,False
conditional,16,10,-5.0963455149477535e-05,-5.2653886526488056e-05,2,0.0007499999999999989,False
conditional,16,11,0.00027044850498338937,-2.551990047949815e-07,5,0.0010000000000000009,False
conditional,17,1,-1.3633720930217308e-05,-1.8106470819789777e-06,1,0.0002500000000000002,False
conditional,17,2,6.0436046511647136e-05,2.2280056290391314e-05,4,0.0007499999999999989,False
conditional,17,3,-7.22591362101177e-07,1.2299679905236616e-06,1,0.0005000000000000004,False
conditional,17,4,-5.6208471760821334e-05,-4.305621928275549e-05,3,0.0007500000000000007,False
conditional,17,5,0.0,0.0,0,0.0,False
conditional,17,6,-4.268272425242969e-05,-2.7329844062684572e-05,2,0.0002500000000000002,False
conditional,17,7,-0.00011861710963456673,-6.27586196242147e-05,1,0.0002500000000000002,False
conditional,17,8,-2.258720930232716e-05,-1.8652079956615886e-05,2,0.0007499999999999989,False
conditional,17,9,0.0,0.0,0,0.0,False
conditional,17,10,-3.555647840529641e-05,-1.7984958760486336e-05,2,0.0005000000000000004,False
conditional,17,11,-5.779485049830502e-05,-1.4183651242305472e-05,1,0.0004999999999999987,False
conditional,18,1,9.137458471759618e-05,7.562634888227393e-05,3,0.0005000000000000004,False
conditional,18,2,-4.163621262458506e-05,-2.114245782238733e-05,3,0.0012499999999999994,False
conditional,18,3,7.610465116276721e-05,6.358570629738658e-05,3,0.0004999999999999987,False
conditional,18,4,0.0007118521594684513,0.00039699502058079263,5,0.0017499999999999998,False
conditional,18,5,0.0,0.0,0,0.0,False
conditional,18,6,-0.0010759759136212744,-0.0006462312358242128,0,0.0002500000000000002,False
conditional,18,7,-0.0004111669435215903,-0.00023747924377248708,1,0.0007500000000000007,False
conditional,18,8,0.00016909053156146658,0.000125348741166742,3,0.0007499999999999989,False
conditional,18,9,0.0,0.0,0,0.0,False
conditional,18,10,-5.616694352159612e-05,-2.194871573928392e-05,2,0.0004999999999999987,False
conditional,18,11,-7.436046511626327e-05,-5.743705124714449e-05,3,0.0017499999999999998,False
conditional,19,1,-0.0005072217607972717,-0.0002816312314712466,0,0.0010000000000000009,False
conditional,19,2,0.0006157475083056862,0.00041939831244290903,2,0.0007500000000000007,False
conditional,19,3,1.1258305647832146e-05,-4.450297019853444e-06,3,0.0002500000000000002,False
conditional,19,4,-0.004466785714285692,-0.002674927338810984,0,0.0012499999999999994,False
conditional,19,5,0.0,0.0,0,0.0,False
conditional,19,6,-1.9011627907050686e-05,-1.2814693929730226e-05,2,0.0,False
conditional,19,7,0.014326395348837239,0.008366209415068382,5,0.0009999999999999992,False
conditional,19,8,0.028946279069767433,0.017636186622968376,5,0.0007499999999999989,True
conditional,19,9,0.0,0.0,0,0.0,False
conditional,19,10,-0.0001639950166113069,-7.10329933417908e-05,0,0.0005000000000000004,False
conditional,19,11,1.122093023253612e-05,9.123939943633808e-06,1,0.0007500000000000007,False
conditional,20,1,1.8235049833914553e-05,3.291546682770985e-07,3,0.0005000000000000004,False
conditional,20,2,-2.188538205976087e-05,-4.877893711729975e-06,1,0.0012500000000000011,False
conditional,20,3,1.0016611295737832e-05,1.5670719129001752e-07,4,0.0005000000000000004,False
conditional,20,4,0.00013701411960140853,0.00010056708288630478,5,0.0019999999999999983,False
conditional,20,5,0.0,0.0,0,0.0,False
conditional,20,6,-0.00019400332225907312,-0.00010044659956824909,0,0.0005000000000000004,False
conditional,20,7,2.616694352162163e-05,4.2361772703802815e-05,4,0.0002500000000000002,False
conditional,20,8,1.1034053156167012e-05,1.494559695172093e-05,4,0.0005000000000000004,False
conditional,20,9,0.0,0.0,0,0.0,False
conditional,20,10,-2.098837209296711e-05,9.646587767253577e-07,2,0.0010000000000000009,False
conditional,20,11,-2.092607973418481e-05,-9.948807941695391e-07,1,0.0012499999999999994,False
conditional,21,1,0.0002860838870432092,2.638018214184967e-06,4,0.0004999999999999987,False
conditional,21,2,4.71345514952981e-06,2.1393549433024183e-05,2,0.0007499999999999989,False
conditional,21,3,5.276162790697203e-05,-0.000273252062376006,3,0.0005000000000000004,False
conditional,21,4,-0.0006526868770764027,-0.0005348799734440579,0,0.0010000000000000009,False
conditional,21,5,0.0,0.0,0,0.0,False
conditional,21,6,7.249169435217251e-05,3.860877292523046e-05,2,0.0005000000000000004,False
conditional,21,7,-6.24916943521514e-05,-0.00011688917878174276,3,0.0005000000000000004,False
conditional,21,8,0.00019294435215948534,-2.3468666677750605e-05,4,0.0007499999999999989,False
conditional,21,9,0.0,0.0,0,0.0,False
conditional,21,10,0.00018463455149502205,4.9948509805108895e-06,2,0.0007499999999999989,False
conditional,21,11,0.00046632890365451153,0.0003220810935271601,4,0.0005000000000000004,False
conditional,22,1,-0.00019621677740861988,-0.0002857854809480864,1,0.0007499999999999989,False
conditional,22,2,-0.0005305315614617667,-0.00018712231434165895,0,0.0014999999999999996,False
conditional,22,3,-0.00013416943521593616,-7.945241541675862e-05,1,0.0007499999999999989,False
conditional,22,4,0.003780548172757481,0.003312905287209533,5,0.0012499999999999994,False
conditional,22,5,0.0,0.0,0,0.0,False
conditional,22,6,-0.00014786129568105099,-0.00017603786389952525,0,0.0005000000000000004,False
conditional,22,7,2.7981727574744043e-05,9.314318597983818e-05,3,0.0007499999999999989,False
conditional,22,8,-0.00022277408637871865,-5.37096086104194e-05,1,0.0005000000000000004,False
conditional,22,9,0.0,0.0,0,0.0,False
conditional,22,10,0.0006074501661129661,0.0006510152358285337,5,0.0007499999999999989,False
conditional,22,11,2.5573089700992037e-05,3.960838101773057e-05,4,0.0012500000000000011,False
conditional,23,1,-9.614202657806103e-05,-5.638945938719608e-05,1,0.0002500000000000002,False
conditional,23,2,0.00025260382059799635,0.0006022960418619716,5,0.0005000000000000004,False
conditional,23,3,0.026542882059800644,0.022064181852411213,5,0.0002500000000000002,True
conditional,23,4,-0.038520452657807305,-0.03745749463094512,0,0.0017499999999999998,False
conditional,23,5,0.0,0.0,0,0.0,False
conditional,23,6,-0.00017559385382059922,-7.510128773151603e-05,0,0.0004999999999999987,False
conditional,23,7,-0.00016471760797340807,-0.0001433308092594343,1,0.0002500000000000002,False
conditional,23,8,-9.178571428569704e-05,-7.831238851832011e-05,1,0.0002500000000000002,False
conditional,23,9,0.0,0.0,0,0.0,False
conditional,23,10,-0.00012713455149502285,-0.00023966121137908303,2,0.0012499999999999994,False
conditional,23,11,-7.617524916943008e-05,8.091619099761526e-05,3,0.0005000000000000004,False
conditional,24,1,0.0027022259136212368,0.0015053293371335209,5,0.0007499999999999989,False
conditional,24,2,0.0003042607973421818,0.00017268345876675362,3,0.0009999999999999992,False
conditional,24,3,7.04194352158849e-05,3.8538207971505756e-05,5,0.0007499999999999989,False
conditional,24,4,0.00044456810631228195,0.0002282123747161746,4,0.0014999999999999996,False
conditional,24,5,0.0,0.0,0,0.0,False
conditional,24,6,-4.6403654485005494e-05,-2.7685615049644065e-05,1,0.0002500000000000002,False
conditional,24,7,0.00016666528239210886,0.00011212350421254679,4,0.0007500000000000007,False
conditional,24,8,3.058970099674152e-05,9.232765416933298e-06,3,0.0005000000000000004,False
conditional,24,9,0.0,0.0,0,0.0,False
conditional,24,10,-2.7130398671104673e-05,-1.4880103641257136e-05,2,0.0007499999999999989,False
conditional,24,11,2.7898671096338036e-05,2.079132421393126e-05,3,0.0014999999999999996,False
conditional,25,1,0.0064390656146178895,0.004311098390732293,5,0.0005000000000000004,False
conditional,25,2,0.021710460963455126,0.014165945354735188,5,0.0007500000000000007,True
conditional,25,3,0.0002625789036544646,0.00018442658063617668,5,0.0010000000000000009,False
conditional,25,4,0.002366034053156141,0.0015641935633608829,5,0.0017499999999999998,False
conditional,25,5,0.0,0.0,0,0.0,False
conditional,25,6,-0.00025720930232562276,-0.00016513000597642157,1,0.0002500000000000002,False
conditional,25,7,0.000672122093023253,0.0004372556189226939,4,0.0005000000000000004,False
conditional,25,8,0.0006500207641195743,0.0004407549830691915,4,0.0007500000000000007,False
conditional,25,9,0.0,0.0,0,0.0,False
conditional,25,10,0.0003899044850498079,0.00025513064011404294,4,0.0007500000000000007,False
conditional,25,11,0.00013298588039862836,7.816070808683851e-05,3,0.0010000000000000009,False
conditional,26,1,-0.0003257392026577488,-0.00021173022580573965,1,0.0005000000000000004,False
conditional,26,2,0.0003015780730897255,0.00018916712591008356,5,0.0007500000000000007,False
conditional,26,3,6.846345514945895e-05,4.5502100933458856e-05,4,0.0005000000000000004,False
conditional,26,4,0.08395022840531563,0.0533446405567221,5,0.0007500000000000007,True
conditional,26,5,0.0,0.0,0,0.0,False
conditional,26,6,5.110465116273666e-05,2.3143417379345443e-05,4,0.0005000000000000004,False
conditional,26,7,0.0004135631229235992,0.00022709304811019404,5,0.0010000000000000009,False
conditional,26,8,-0.00033048172757474956,-0.00018409515265147559,1,0.0009999999999999992,False
conditional,26,9,0.0,0.0,0,0.0,False
conditional,26,10,0.00026473837209302077,0.00015430234579782987,3,0.0007500000000000007,False
conditional,26,11,1.998754152821025e-05,1.1545416603642167e-05,3,0.0007500000000000007,False
conditional,27,1,0.0008460132890365513,0.0005613490323255865,5,0.0007500000000000007,False
conditional,27,2,-0.0008903571428571455,-0.0005971122549639051,0,0.0010000000000000009,False
conditional,27,3,-8.902823920267088e-05,-8.638318294758029e-05,1,0.0005000000000000004,False
conditional,27,4,0.00011347591362123043,0.00013073421450222612,3,0.0017499999999999998,False
conditional,27,5,0.0,0.0,0,0.0,False
conditional,27,6,-0.0011665863787375663,-0.0008491496544748012,0,0.0005000000000000004,False
conditional,27,7,-0.0009365365448505081,-0.0006324588753017002,0,0.0010000000000000009,False
conditional,27,8,3.546511627907645e-05,-1.727223408609646e-06,3,0.0010000000000000009,False
conditional,27,9,0.0,0.0,0,0.0,False
conditional,27,10,0.03336349252491695,0.021528108741098163,5,0.0005000000000000004,True
conditional,27,11,-3.170681063124903e-05,-4.171767465621645e-05,2,0.0004999999999999996,False
conditional,28,1,8.567691029901515e-05,3.813095152536139e-05,4,0.0010000000000000009,False
conditional,28,2,-0.00020585963455146405,-0.00021710639764382922,0,0.0007499999999999989,False
conditional,28,3,9.093853820600906e-05,8.477000659137257e-05,3,0.0010000000000000009,False
conditional,28,4,0.002273318106312305,0.002191143956754349,5,0.0012500000000000011,False
conditional,28,5,0.0,0.0,0,0.0,False
conditional,28,6,0.0001098089700996896,9.182817232569195e-05,5,0.0002500000000000002,False
conditional,28,7,-0.00016922757475081873,-0.00013529328552503995,1,0.0007500000000000007,False
conditional,28,8,-0.00018651162790697117,-0.00013956041815732512,2,0.0007499999999999989,False
conditional,28,9,0.0,0.0,0,0.0,False
conditional,28,10,-0.00013785714285714513,-9.65843439302505e-05,3,0.0009999999999999992,False
conditional,28,11,-5.833887043187325e-05,0.00010825861048939789,2,0.0009999999999999992,False
zero,1,1,0.00017901578073098445,9.320964493391149e-05,5,0.0017499999999999998,False
zero,1,2,0.00038156976744188056,0.00018126420292978728,5,0.004,False
zero,1,3,4.173588039873e-05,1.8142493152550897e-05,5,0.0022500000000000003,False
zero,1,4,0.00016729235880399428,7.800032997351547e-05,5,0.0017499999999999998,False
zero,1,5,0.0,0.0,0,0.0,False
zero,1,6,4.332225913623588e-05,3.1861687294698624e-05,5,0.0022500000000000003,False
zero,1,7,1.432308970104046e-05,8.112155733841497e-06,4,0.0012500000000000011,False
zero,1,8,-5.838870431928989e-06,-2.2864232642083595e-06,4,0.0012499999999999994,False
zero,1,9,0.0,0.0,0,0.0,False
zero,1,10,-3.3139534882931088e-06,4.4538609171862477e-07,3,0.0014999999999999996,False
zero,1,11,-1.8014950166089784e-05,-7.876622909197551e-06,1,0.0012499999999999994,False
zero,2,1,0.000680884551495109,0.0002908759880811074,5,0.0025000000000000005,False
zero,2,2,0.0006182765780731403,0.0003056783197840085,5,0.0012500000000000011,False
zero,2,3,0.00027294850498349454,0.00013942669481139535,5,0.0012500000000000011,False
zero,2,4,0.0005026744186047427,0.00022260270356644352,5,0.0012500000000000011,False
zero,2,5,0.0,0.0,0,0.0,False
zero,2,6,-2.0215946843804566e-05,-2.349701164474638e-05,3,0.0014999999999999996,False
zero,2,7,0.00014928571428574067,7.589369427216664e-05,5,0.0007499999999999989,False
zero,2,8,3.527408637882257e-05,1.8451426160415174e-05,4,0.0005000000000000004,False
zero,2,9,0.0,0.0,0,0.0,False
zero,2,10,1.7230066445295124e-05,7.6269649897042765e-06,3,0.0004999999999999987,False
zero,2,11,-1.3289036544805733e-05,-5.8985064388616945e-06,2,0.0009999999999999992,False
zero,3,1,0.007314833887043149,0.008606834578837597,5,0.0032499999999999994,False
zero,3,2,0.0036324294019933314,0.002520174871040659,5,0.0012500000000000011,False
zero,3,3,0.002922105481727555,0.002784244699742322,5,0.0009999999999999992,False
zero,3,4,0.003895224252491669,0.0035250510162202708,5,0.0014999999999999996,False
zero,3,5,0.0,0.0,0,0.0,False
zero,3,6,0.0014689285714285516,-0.00019665331135150234,5,0.0022499999999999994,False
zero,3,7,-0.00023784468438539096,0.00027738365579912385,1,0.0010000000000000009,False
zero,3,8,-0.00014372508305648957,-0.0002529073011577454,2,0.0005000000000000004,False
zero,3,9,0.0,0.0,0,0.0,False
zero,3,10,0.0005996220930232221,0.0007057241179356355,4,0.0007499999999999989,False
zero,3,11,-3.726744186047792e-05,0.00018011583055350667,2,0.0007500000000000007,False
zero,4,1,0.012835240863787423,0.009994118295961285,5,0.0027500000000000007,False
zero,4,2,0.01090123338870439,0.0091514129271018,5,0.0009999999999999992,False
zero,4,3,0.006659696843853901,0.005528975152207072,5,0.0012499999999999994,False
zero,4,4,0.005251121262458502,0.0038667773493365363,5,0.002749999999999999,False
zero,4,5,0.0,0.0,0,0.0,False
zero,4,6,0.008420352990033275,0.007084971206123702,5,0.0024999999999999988,False
zero,4,7,0.0003982142857142934,0.00033433874831849674,3,0.0010000000000000009,False
zero,4,8,4.5651993355533274e-05,2.8927314409377124e-05,3,0.0005000000000000004,False
zero,4,9,0.0,0.0,0,0.0,False
zero,4,10,0.4198081519933556,0.32728765575934293,5,0.0009999999999999992,True
zero,4,11,2.1951827242627786e-05,1.770027530225704e-05,3,0.0007500000000000007,False
zero,5,1,0.0007679651162790901,0.001400732401379745,4,0.0032499999999999994,False
zero,5,2,0.003351021594684411,0.0033992059512138574,5,0.0012499999999999994,False
zero,5,3,0.0006372591362126201,0.0003297705845257015,4,0.0007499999999999989,False
zero,5,4,0.0020859053156146333,0.0012792387221032485,5,0.0017499999999999998,False
zero,5,5,0.0,0.0,0,0.0,False
zero,5,6,-0.004097898671096367,-0.0027768252462304853,0,0.0007500000000000007,False
zero,5,7,-0.00042313538205981385,-0.0004000102381438886,1,0.0010000000000000009,False
zero,5,8,-9.484219269103588e-05,-0.00011627433118568397,2,0.0009999999999999992,False
zero,5,9,0.0,0.0,0,0.0,False
zero,5,10,-0.0002097840531561479,-0.00022577575104913982,1,0.0007500000000000007,False
zero,5,11,0.0005731270764119612,0.0002002871839018372,4,0.0005000000000000004,False
zero,6,1,-6.714285714291002e-05,-2.6672400431992928e-05,0,0.002,False
zero,6,2,-6.903654485053145e-05,-3.0478880818574083e-05,0,0.0012499999999999994,False
zero,6,3,-8.388704318944562e-05,-2.6021527108865962e-05,0,0.0012499999999999994,False
zero,6,4,-1.5307308970058388e-05,-6.8026579109536914e-06,1,0.0007500000000000007,False
zero,6,5,0.0,0.0,0,0.0,False
zero,6,6,-4.28571428572333e-06,-3.4692106294142987e-06,2,0.0002500000000000002,False
zero,6,7,-1.779900332226081e-05,-6.144882914060901e-06,1,0.0007500000000000007,False
zero,6,8,-1.5456810631220287e-05,-5.173164362437532e-06,2,0.0005000000000000004,False
zero,6,9,0.0,0.0,0,0.0,False
zero,6,10,-1.486710963451987e-05,-6.017763661514408e-06,1,0.0005000000000000004,False
zero,6,11,7.217607973464268e-06,2.389213360420861e-06,3,0.0007499999999999989,False
zero,7,1,-4.8787375415293435e-05,-3.657133008143632e-05,0,0.00375,False
zero,7,2,-5.6187707641042195e-06,-9.310942577833714e-07,3,0.0012499999999999994,False
zero,7,3,3.589700996680101e-05,1.7428619327319873e-05,5,0.0014999999999999996,False
zero,7,4,0.4158055149501661,0.2951578355298696,5,0.0025000000000000005,True
zero,7,5,0.0,0.0,0,0.0,False
zero,7,6,6.879152823922042e-05,2.521793569434383e-05,5,0.002,False
zero,7,7,-2.98089700996762e-05,-1.4196293082457955e-05,0,0.0012499999999999994,False
zero,7,8,-1.4850498338825346e-05,-5.059190371325961e-06,2,0.0007499999999999989,False
zero,7,9,0.0,0.0,0,0.0,False
zero,7,10,2.2840531561652e-06,4.320561340254159e-07,3,0.0010000000000000009,False
zero,7,11,-8.181063122880693e-06,-3.061653638303241e-06,1,0.0005000000000000004,False
zero,8,1,9.333471760797352e-05,0.00011128629627108478,3,0.0009999999999999992,False
zero,8,2,0.0005304983388705109,0.00026155970979881984,5,0.0012499999999999994,False
zero,8,3,-0.0003349626245847226,-0.00019222764637814028,0,0.0025000000000000005,False
zero,8,4,0.0004170598006645321,0.00019045607927934416,5,0.0012499999999999994,False
zero,8,5,0.0,0.0,0,0.0,False
zero,8,6,-6.556893687701404e-05,-1.1141521773994078e-05,3,0.001999999999999999,False
zero,8,7,0.00010204318936886114,7.484714738432707e-05,4,0.0015000000000000013,False
zero,8,8,9.822259136220702e-05,6.161528276533712e-05,5,0.0005000000000000004,False
zero,8,9,0.0,0.0,0,0.0,False
zero,8,10,2.7969269103045314e-05,1.837952519017083e-05,3,0.0005000000000000004,False
zero,8,11,3.469269102998052e-05,1.785200300974399e-05,3,0.0005000000000000004,False
zero,9,1,0.008238010797342188,0.006276877013028925,5,0.0025000000000000005,False
zero,9,2,0.006427429401993345,0.012108226387286859,5,0.0012500000000000011,False
zero,9,3,-0.0009575456810631211,-0.00047570664249683146,0,0.0014999999999999996,False
zero,9,4,0.0025670182724252476,0.0020832286147391965,5,0.0024999999999999988,False
zero,9,5,0.0,0.0,0,0.0,False
zero,9,6,-0.0029050498338870634,-0.002685054757314664,0,0.0005000000000000004,False
zero,9,7,-0.0005533471760797548,-8.755139157781144e-05,1,0.0014999999999999996,False
zero,9,8,3.0303156146183065e-05,4.508791981934212e-05,3,0.0009999999999999992,False
zero,9,9,0.0,0.0,0,0.0,False
zero,9,10,0.00043835132890364116,0.0007685128608703184,4,0.0012499999999999994,False
zero,9,11,-2.894518272427149e-05,6.184973379317338e-05,2,0.0009999999999999992,False
zero,10,1,0.006315739202657755,0.0039008266157923633,5,0.006500000000000001,False
zero,10,2,0.008293941029900354,0.005201775885661753,5,0.011000000000000001,False
zero,10,3,0.0023823380398670492,0.0014488534585134216,5,0.0007500000000000007,False
zero,10,4,0.0021801702657806787,0.0012198294195896685,5,0.002,False
zero,10,5,0.0,0.0,0,0.0,False
zero,10,6,0.0031084219269102986,0.0017108403556611363,5,0.0009999999999999992,False
zero,10,7,0.0009907724252491644,0.0006214533302985493,4,0.0012499999999999994,False
zero,10,8,0.00015781146179398852,0.00010592265686777402,5,0.0007500000000000007,False
zero,10,9,0.0,0.0,0,0.0,False
zero,10,10,-3.3176910298959863e-05,-1.2370302197295401e-05,1,0.0005000000000000004,False
zero,10,11,0.00016709717607972242,9.698602992322947e-05,5,0.0012499999999999994,False
zero,11,1,0.002148010797342259,0.0012860309706090422,5,0.003,False
zero,11,2,0.0028032184385382575,0.0016942696630696918,5,0.002,False
zero,11,3,0.001196420265780751,0.0006528446866973514,5,0.0019999999999999983,False
zero,11,4,0.0013774044850498601,0.000737816788778689,5,0.002,False
zero,11,5,0.0,0.0,0,0.0,False
zero,11,6,-0.0009595265780730333,-0.0005436439730737375,1,0.0017499999999999998,False
zero,11,7,-0.00036056478405308565,-0.00019140585446366653,0,0.0010000000000000009,False
zero,11,8,8.820598006686886e-06,1.3802144366859004e-05,2,0.0005000000000000004,False
zero,11,9,0.0,0.0,0,0.0,False
zero,11,10,0.023948455149501703,0.013356135317771823,5,0.0002500000000000002,True
zero,11,11,-7.497093023254298e-05,-4.245759640630897e-05,1,0.0002500000000000002,False
zero,12,1,0.019491117109634536,0.014330581607021853,5,0.002,False
zero,12,2,0.021387578903654458,0.016064579768424903,5,0.0017499999999999998,True
zero,12,3,0.005832225913621247,0.004191162946435312,5,0.0014999999999999996,False
zero,12,4,0.008354680232558098,0.00626254108574309,5,0.0024999999999999988,False
zero,12,5,0.0,0.0,0,0.0,False
zero,12,6,-0.0042378405315614655,-0.0023787190880277366,0,0.0009999999999999992,False
zero,12,7,-0.00047835548172761035,-0.00048563274423352176,2,0.002,False
zero,12,8,-5.379983388709153e-05,-2.5142038128400655e-05,2,0.0009999999999999992,False
zero,12,9,0.0,0.0,0,0.0,False
zero,12,10,0.00013945598006643857,0.00013829557108093748,4,0.0010000000000000009,False
zero,12,11,0.00043279069767441223,0.00024178749753651642,4,0.0009999999999999992,False
zero,13,1,0.0011836794019932872,0.0005710802213480859,5,0.0027500000000000007,False
zero,13,2,0.0013991445182724327,0.0005610640566132696,5,0.004,False
zero,13,3,-0.00023810215946844514,-3.588044880435959e-05,0,0.0017499999999999998,False
zero,13,4,0.00012328073089695746,8.251830509786728e-05,4,0.0012500000000000011,False
zero,13,5,0.0,0.0,0,0.0,False
zero,13,6,-0.0002314742524917257,-9.555572702761861e-05,0,0.002,False
zero,13,7,9.575581395351306e-05,5.2959062033930414e-05,5,0.0012499999999999994,False
zero,13,8,5.078903654531786e-06,5.41791531483149e-06,3,0.0007499999999999989,False
zero,13,9,0.0,0.0,0,0.0,False
zero,13,10,2.6602990033186556e-05,1.8223953428830875e-05,3,0.0007499999999999989,False
zero,13,11,-2.5386212624578518e-05,-4.533813339113734e-06,1,0.0005000000000000004,False
zero,14,1,0.00045148671096351123,0.0002819954866987162,5,0.0017499999999999998,False
zero,14,2,0.0006966112956810378,0.00044701972379850296,5,0.002999999999999999,False
zero,14,3,0.0002101661129568333,0.00012387353094953646,5,0.002,False
zero,14,4,2.8887043189373962e-05,5.2368641709787946e-05,2,0.0022499999999999985,False
zero,14,5,0.0,0.0,0,0.0,False
zero,14,6,0.00017720099667777322,0.00010569459971461192,4,0.0012499999999999994,False
zero,14,7,8.305647840489705e-06,5.9869522394118135e-06,3,0.0012499999999999994,False
zero,14,8,-1.156561461792549e-05,-3.604760798880946e-06,3,0.0005000000000000004,False
zero,14,9,0.0,0.0,0,0.0,False
zero,14,10,0.0004954069767442393,0.0003094615336975526,5,0.0005000000000000004,False
zero,14,11,4.526578073082988e-06,1.2716944926660645e-06,3,0.0007500000000000007,False
zero,15,1,0.0030094186046511597,0.0037147711365325352,5,0.002,False
zero,15,2,0.009068235049833872,0.009203544421090282,5,0.0014999999999999996,False
zero,15,3,0.004844310631229231,0.006211950992199911,5,0.0045000000000000005,False
zero,15,4,0.002425141196013292,0.002051482435318497,5,0.0007499999999999989,False
zero,15,5,0.0,0.0,0,0.0,False
zero,15,6,0.00029004568106312246,-3.3382035337559125e-05,2,0.0017499999999999998,False
zero,15,7,0.0005452450166112844,0.00018669291910806686,4,0.0009999999999999992,False
zero,15,8,2.8181063122900695e-05,-5.3678306732884985e-05,3,0.0007499999999999989,False
zero,15,9,0.0,0.0,0,0.0,False
zero,15,10,-9.253737541528028e-05,-0.0002303006975278299,1,0.0007500000000000007,False
zero,15,11,-0.00012583056478405742,-4.606745795354694e-05,2,0.0005000000000000004,False
zero,16,1,0.0026078073089701006,0.003247485420807128,5,0.0024999999999999988,False
zero,16,2,0.00425540697674418,0.0018671259407841978,5,0.0024999999999999988,False
zero,16,3,-0.002775490033222594,-0.00100016613473084,0,0.0017499999999999998,False
zero,16,4,0.0036918313953488322,0.0038694068467810096,5,0.0017500000000000016,False
zero,16,5,0.0,0.0,0,0.0,False
zero,16,6,0.002109725913621241,0.001606103696006822,5,0.002,False
zero,16,7,0.000220502491694341,0.0004159255005565576,3,0.0007499999999999989,False
zero,16,8,-2.9385382059810005e-05,1.0825902746880445e-05,1,0.0009999999999999992,False
zero,16,9,0.0,0.0,0,0.0,False
zero,16,10,-8.91320598006562e-05,-0.00011407675809165241,1,0.0007499999999999989,False
zero,16,11,0.00022727159468436398,-1.6269591643847114e-05,5,0.0007500000000000007,False
zero,17,1,1.2533222591337711e-05,0.00016575610207270053,2,0.00425,False
zero,17,2,0.000671698504983409,0.0004900222764068652,4,0.0055,False
zero,17,3,-0.00022463455149501765,-6.417020158000497e-06,0,0.0015000000000000005,False
zero,17,4,0.00018852990033222384,9.94704415909542e-05,4,0.0012500000000000002,False
zero,17,5,0.0,0.0,0,0.0,False
zero,17,6,0.0007743770764119917,0.00029669316229645747,5,0.002,False
zero,17,7,-0.0003290822259136128,-0.00014379572271174811,0,0.0010000000000000009,False
zero,17,8,9.551495016668632e-06,8.857139220319609e-06,2,0.0007499999999999998,False
zero,17,9,0.0,0.0,0,0.0,False
zero,17,10,-6.430647840531823e-05,-2.9726474011715353e-05,1,0.0007500000000000007,False
zero,17,11,-6.0448504983412475e-05,-1.6752462334368447e-05,1,0.0004999999999999987,False
zero,18,1,0.006720170265780712,0.004084862688785029,5,0.0025000000000000005,False
zero,18,2,0.008632807308970114,0.0053849308519048344,5,0.0017499999999999998,False
zero,18,3,0.0016615116279069752,0.0010459330268184797,5,0.002,False
zero,18,4,0.0036846220930232486,0.002243355909755018,5,0.002749999999999999,False
zero,18,5,0.0,0.0,0,0.0,False
zero,18,6,0.0016369975083056377,0.0008912650904150388,5,0.0024999999999999988,False
zero,18,7,4.737126245846213e-05,5.359524096570922e-05,2,0.0007499999999999989,False
zero,18,8,8.556893687705625e-05,6.616736022502234e-05,2,0.0012499999999999994,False
zero,18,9,0.0,0.0,0,0.0,False
zero,18,10,-0.0005522134551495083,-0.0003512167681907652,1,0.0005000000000000004,False
zero,18,11,6.023255813951689e-05,2.4402643589205297e-05,3,0.0019999999999999983,False
zero,19,1,0.005485390365448506,0.0035959537402377563,5,0.00375,False
zero,19,2,0.008296129568106348,0.005210341880817371,5,0.0017499999999999998,False
zero,19,3,0.001087479235880373,0.0007582613367270064,5,0.002,False
zero,19,4,0.002078442691029969,0.001254316452435389,5,0.0014999999999999996,False
zero,19,5,0.0,0.0,0,0.0,False
zero,19,6,0.0010019186046511751,0.0006152337571685429,5,0.0007500000000000007,False
zero,19,7,0.07627120431893689,0.045157317367839414,5,0.0010000000000000009,True
zero,19,8,0.07110468438538206,0.04274463161431179,5,0.0007500000000000007,True
zero,19,9,0.0,0.0,0,0.0,False
zero,19,10,-0.00014348006644515632,-6.372889328440934e-05,2,0.0005000000000000004,False
zero,19,11,-5.9593023256310215e-06,-5.542147180870316e-06,3,0.0005000000000000004,False
zero,20,1,-0.0003312624584717261,-0.00011287970500482026,0,0.0024999999999999988,False
zero,20,2,0.000443916112956888,0.00032353866491168225,5,0.0037500000000000007,False
zero,20,3,0.00020138704318946045,0.00012248252197666343,4,0.002,False
zero,20,4,8.309800664456635e-05,8.204028899845283e-05,3,0.0024999999999999996,False
zero,20,5,0.0,0.0,0,0.0,False
zero,20,6,0.0003841196013289583,0.00019821508041035775,5,0.0022499999999999985,False
zero,20,7,0.00036575581395354996,0.0002681464949738421,4,0.0009999999999999992,False
zero,20,8,1.7304817275731742e-05,1.2090071106674039e-05,4,0.0009999999999999992,False
zero,20,9,0.0,0.0,0,0.0,False
zero,20,10,-1.8463455149508868e-05,3.3756283507990757e-06,2,0.0007500000000000007,False
zero,20,11,-1.1702657807255434e-05,4.365128784677985e-06,1,0.0012499999999999994,False
zero,21,1,-0.009328629568106307,-0.0107767393722507,0,0.004749999999999999,False
zero,21,2,-0.012004983388704338,-0.013992869295226428,0,0.00275,False
zero,21,3,0.005061428571428583,0.004419342304233154,5,0.002749999999999999,False
zero,21,4,0.0023644310631229515,0.0015243913162948709,5,0.0017500000000000016,False
zero,21,5,0.0,0.0,0,0.0,False
zero,21,6,0.002643999169435218,0.0022063235108669586,5,0.0022500000000000003,False
zero,21,7,-0.00011689784053152686,-0.0002853606820106158,3,0.0009999999999999992,False
zero,21,8,8.57475083056558e-05,-0.00016399008987664221,2,0.0009999999999999992,False
zero,21,9,0.0,0.0,0,0.0,False
zero,21,10,9.251245847178292e-05,-0.00010582176659896802,3,0.0009999999999999992,False
zero,21,11,0.00045594269102988694,0.00026002992353333363,4,0.0005000000000000004,False
zero,22,1,0.007617915282392041,0.0017460270771279874,5,0.004,False
zero,22,2,0.0033819310631229226,0.005379663813627045,5,0.0024999999999999988,False
zero,22,3,0.0009875124584717509,-0.00011683187153097574,5,0.0015000000000000013,False
zero,22,4,0.005264364617940198,0.006896127954567755,5,0.0025000000000000005,False
zero,22,5,0.0,0.0,0,0.0,False
zero,22,6,-0.007348151993355456,-0.005561714228394199,0,0.0022500000000000003,False
zero,22,7,0.0004186254152823921,0.0006963463791342494,5,0.0007499999999999989,False
zero,22,8,-2.9754983388707857e-05,0.0002021904778181538,3,0.0009999999999999992,False
zero,22,9,0.0,0.0,0,0.0,False
zero,22,10,0.0005880730897010134,0.0005988048074082152,5,0.0005000000000000004,False
zero,22,11,-2.9190199335538124e-05,6.760794989046915e-06,4,0.0015000000000000013,False
zero,23,1,0.007730319767441873,0.006687534093568282,5,0.0014999999999999996,False
zero,23,2,0.014146524086378709,0.015360954397993587,5,0.006500000000000001,False
zero,23,3,0.02140235049833883,0.017087681158209623,5,0.0010000000000000009,True
zero,23,4,0.0016822134551494727,0.001961000843730143,5,0.0025000000000000005,False
zero,23,5,0.0,0.0,0,0.0,False
zero,23,6,0.0013078446843853841,0.0016148193796862165,5,0.0017499999999999998,False
zero,23,7,4.29360465115991e-05,0.0001460827061127823,3,0.0007499999999999989,False
zero,23,8,-1.7682724252465754e-05,0.0001047580907410417,1,0.0009999999999999992,False
zero,23,9,0.0,0.0,0,0.0,False
zero,23,10,-5.000415282392367e-05,-0.00016123009705939494,2,0.0010000000000000009,False
zero,23,11,-8.737956810633829e-05,6.401692950979143e-05,3,0.0005000000000000004,False
zero,24,1,0.06615494601328904,0.039005001288733056,5,0.0025000000000000005,True
zero,24,2,0.0038899792358803474,0.002181993257665771,5,0.002749999999999999,False
zero,24,3,0.0014528488372092863,0.0007791390003916154,5,0.0022500000000000003,False
zero,24,4,0.0012211918604651873,0.0006184801649844696,5,0.0024999999999999996,False
zero,24,5,0.0,0.0,0,0.0,False
zero,24,6,-0.002647790697674357,-0.0015223229105806092,0,0.0010000000000000009,False
zero,24,7,0.0003518770764119994,0.00019560838166603477,5,0.0014999999999999996,False
zero,24,8,6.227990033222942e-05,2.651082745304123e-05,3,0.0004999999999999987,False
zero,24,9,0.0,0.0,0,0.0,False
zero,24,10,9.99127906976316e-05,5.464223418205627e-05,4,0.0012499999999999994,False
zero,24,11,-2.774086378720675e-06,5.435217116289692e-06,2,0.0014999999999999996,False
zero,25,1,0.0084937167774086,0.005701836095205248,5,0.00375,False
zero,25,2,0.228231823089701,0.1751285274177316,5,0.003,True
zero,25,3,0.0032546553156146186,0.0022958140361576175,5,0.0032499999999999994,False
zero,25,4,0.005534667774086355,0.0036635148344296596,5,0.0022500000000000003,False
zero,25,5,0.0,0.0,0,0.0,False
zero,25,6,0.0029658388704318916,0.0022686254610758683,4,0.002749999999999999,False
zero,25,7,0.0012092691029900403,0.000790686303916388,4,0.0017499999999999998,False
zero,25,8,0.0001658305647840086,0.00011058278306161907,4,0.0007500000000000007,False
zero,25,9,0.0,0.0,0,0.0,False
zero,25,10,0.00026995847176078944,0.00019338023227988277,4,0.0005000000000000004,False
zero,25,11,0.00013868770764116078,7.197324309664577e-05,3,0.0010000000000000009,False
zero,26,1,0.005273970099667791,0.0032795536286395867,5,0.002,False
zero,26,2,0.008230402823920336,0.004929050608288366,5,0.0022500000000000003,False
zero,26,3,0.0020301619601329037,0.0011799061072182092,5,0.0014999999999999996,False
zero,26,4,0.3675607350498339,0.30374624667628375,5,0.002,True
zero,26,5,0.0,0.0,0,0.0,False
zero,26,6,-2.4431063122909437e-05,3.738748020043481e-05,1,0.0035000000000000005,False
zero,26,7,0.00043532807308976906,0.0002624399137817424,5,0.0014999999999999996,False
zero,26,8,-0.000198264119601288,-9.325683846199695e-05,0,0.0010000000000000009,False
zero,26,9,0.0,0.0,0,0.0,False
zero,26,10,0.00011156561461791447,5.817304901212239e-05,3,0.0005000000000000004,False
zero,26,11,6.26204318936896e-05,3.131327810648177e-05,3,0.0010000000000000009,False
zero,27,1,0.013792720099667788,0.010275628380983014,5,0.002,False
zero,27,2,0.014871719269103,0.01286345891444427,5,0.003000000000000001,False
zero,27,3,0.008244779900332233,0.0057500620057465476,5,0.0005000000000000004,False
zero,27,4,0.006893563122923574,0.005497177946136134,5,0.0012500000000000011,False
zero,27,5,0.0,0.0,0,0.0,False
zero,27,6,-0.0007066112956810588,-0.00013063504451595875,2,0.0009999999999999992,False
zero,27,7,-3.248754152824773e-05,-4.2745420115641865e-05,3,0.0007500000000000007,False
zero,27,8,0.0003924667774086288,0.0002214660890893727,5,0.0010000000000000009,False
zero,27,9,0.0,0.0,0,0.0,False
zero,27,10,0.03366117109634552,0.02178925595620096,5,0.0002500000000000002,True
zero,27,11,2.438953488375084e-05,2.2394645788903488e-07,3,0.0002500000000000002,False
zero,28,1,0.009533143687707657,0.01203528470245585,5,0.003000000000000001,False
zero,28,2,0.01239819352159468,0.01366604983521329,5,0.0045000000000000005,False
zero,28,3,0.0035674750830564815,0.0046449977844773786,5,0.0022500000000000003,False
zero,28,4,0.007981532392026569,0.00821420946958613,5,0.002,False
zero,28,5,0.0,0.0,0,0.0,False
zero,28,6,-0.0014296428571428875,-1.7765941852032618e-05,0,0.0017499999999999998,False
zero,28,7,-9.577657807307016e-05,-0.00026466440018515505,2,0.0012499999999999994,False
zero,28,8,-1.860465116254595e-06,9.248919309949866e-05,4,0.0012499999999999994,False
zero,28,9,0.0,0.0,0,0.0,False
zero,28,10,-9.612956810629569e-05,4.891267548070566e-05,2,0.0014999999999999996,False
zero,28,11,0.00031494601328905245,0.00033176339950236056,5,0.0012499999999999994,False
