seed,fault_id,f0_auroc,f0c_auroc,f1_auroc,f0_auprc,f0c_auprc,f1_auprc,f0_detected_run_ratio,f0c_detected_run_ratio,f1_detected_run_ratio,f0_detection_delay,f0c_detection_delay,f1_detection_delay,f0_prefault_fpr,f0c_prefault_fpr,f1_prefault_fpr,f0_threshold,f0c_threshold,f1_threshold,f1_minus_f0_auroc,f1_minus_f0_auprc,f1_minus_f0_detected_run_ratio,f1_minus_f0_detection_delay,f1_minus_f0_prefault_fpr,f1_minus_f0c_auroc,f1_minus_f0c_auprc,f1_minus_f0c_detected_run_ratio,f1_minus_f0c_detection_delay,f1_minus_f0c_prefault_fpr
42,1,0.9988985260959665,0.9989110664847093,0.998932418122264,0.9996207985231192,0.9996252443385598,0.9996329861218742,1.0,1.0,1.0,6.65,6.7,6.35,0.009585492227979275,0.009844559585492229,0.009844559585492229,0.8215875029563904,0.8246080875396729,0.8196030259132385,3.3892026297444033e-05,1.2187598754986873e-05,0.0,-0.3000000000000007,0.00025906735751295325,2.1351637554678504e-05,7.741783314418882e-06,0.0,-0.35000000000000053,0.0
43,1,0.9988819452919763,0.9988880475209541,0.9989437041639392,0.9996156402624289,0.9996219766375624,0.9996379326881407,1.0,1.0,1.0,7.35,6.4,6.45,0.009758203799654577,0.01001727115716753,0.010880829015544042,0.8208165168762207,0.8871942758560181,0.8420192003250122,6.175887196291363e-05,2.2292425711833985e-05,0.0,-0.8999999999999995,0.0011226252158894647,5.565664298512463e-05,1.595605057835847e-05,0.0,0.04999999999999982,0.0008635578583765114
44,1,0.9989127738760496,0.9989010964287783,0.9989366372896734,0.9996269841652483,0.9996215431839808,0.9996346173917299,1.0,1.0,1.0,6.55,7.05,6.4,0.009585492227979275,0.009153713298791019,0.009585492227979275,0.8282229900360107,0.8202648758888245,0.8198217749595642,2.3863413623814722e-05,7.633226481562616e-06,0.0,-0.14999999999999947,0.0,3.554086089507802e-05,1.307420774909751e-05,0.0,-0.6499999999999995,0.00043177892918825657
45,1,0.9988833968828088,0.9988902665133096,0.998933382767552,0.999615748508364,0.9996183195763053,0.99963437916661,1.0,1.0,1.0,7.35,6.95,6.4,0.009585492227979275,0.009585492227979275,0.009499136442141624,0.8191421627998352,0.8209508061408997,0.8455680012702942,4.998588474314225e-05,1.8630658246032716e-05,0.0,-0.9499999999999993,-8.635578583765166e-05,4.31162542423591e-05,1.6059590304706717e-05,0.0,-0.5499999999999998,-8.635578583765166e-05
46,1,0.9989264114332348,0.9988956475697719,0.998980283636534,0.999630571346461,0.9996193668042468,0.9996504822315861,1.0,1.0,1.0,6.4,7.05,6.05,0.009844559585492229,0.010103626943005182,0.010535405872193437,0.8233305811882019,0.8199812173843384,0.8454441428184509,5.3872203299221155e-05,1.99108851250962e-05,0.0,-0.35000000000000053,0.0006908462867012081,8.463606676212265e-05,3.111542733935657e-05,0.0,-1.0,0.00043177892918825483
42,2,0.997553268144269,0.9974443402750811,0.9977769025085709,0.9991475302645151,0.9991111165117946,0.9992276177033584,1.0,1.0,1.0,16.0,16.2,13.95,0.01070811744386874,0.01079447322970639,0.010362694300518135,0.8215875029563904,0.8246080875396729,0.8196030259132385,0.00022363436430183903,8.0087438843357e-05,0.0,-2.0500000000000007,-0.0003454231433506049,0.00033256223348976377,0.00011650119156381145,0.0,-2.25,-0.00043177892918825483
43,2,0.9974669647513065,0.9977236836752431,0.9978365009449209,0.9991172314445992,0.999220911831242,0.9992502746047779,1.0,1.0,1.0,16.6,13.55,13.25,0.01070811744386874,0.00846286701208981,0.010189982728842832,0.8208165168762207,0.8871942758560181,0.8420192003250122,0.00036953619361446144,0.000133043160178703,0.0,-3.3500000000000014,-0.0005181347150259082,0.0001128172696778229,2.936277353593475e-05,0.0,-0.3000000000000007,0.001727115716753021
44,2,0.9976192615933105,0.9974611152409024,0.9977679679824059,0.9991713991601514,0.9991160614761875,0.9992230469163265,1.0,1.0,1.0,15.5,16.6,14.0,0.0114853195164076,0.011053540587219343,0.010276338514680483,0.8282229900360107,0.8202648758888245,0.8198217749595642,0.0001487063890953655,5.1647756175055015e-05,0.0,-1.5,-0.0012089810017271163,0.00030685274150343833,0.0001069854401389847,0.0,-2.6000000000000014,-0.0007772020725388597
45,2,0.9975610376994474,0.9975510460699796,0.9980041180799799,0.9991526970079929,0.999148552798479,0.999303139212178,1.0,1.0,1.0,15.6,16.2,12.8,0.011139896373056995,0.011053540587219343,0.009153713298791019,0.8191421627998352,0.8209508061408997,0.8455680012702942,0.0004430803805325345,0.00015044220418503063,0.0,-2.799999999999999,-0.001986183074265976,0.0004530720100003327,0.00015458641369892057,0.0,-3.3999999999999986,-0.0018998272884283244
46,2,0.997580678863728,0.997401489067148,0.9979393543225354,0.999158664177444,0.9990928692411655,0.9992869188419035,1.0,1.0,1.0,15.8,17.9,12.2,0.010967184801381693,0.01079447322970639,0.010449050086355785,0.8233305811882019,0.8199812173843384,0.8454441428184509,0.0003586754588074115,0.00012825466445942624,0.0,-3.6000000000000014,-0.0005181347150259082,0.0005378652553874597,0.00019404960073798883,0.0,-5.699999999999999,-0.0003454231433506049
42,3,0.5199846458056729,0.5188562419638576,0.5387235092377884,0.7196272423219211,0.7189593202325946,0.7334969197623686,0.0,0.0,0.0,,,,0.011312607944732296,0.011139896373056995,0.011398963730569948,0.8215875029563904,0.8246080875396729,0.8196030259132385,0.018738863432115505,0.013869677440447536,0.0,,8.635578583765166e-05,0.019867267273930844,0.01453759952977407,0.0,,0.00025906735751295325
43,3,0.5190087021483545,0.5224279567148558,0.5403183606824141,0.7193531050106331,0.720715764829433,0.7329361708074592,0.0,0.0,0.0,,,,0.011398963730569948,0.009844559585492229,0.010535405872193437,0.8208165168762207,0.8871942758560181,0.8420192003250122,0.02130965853405964,0.01358306579682611,0.0,,-0.0008635578583765114,0.017890403967558366,0.012220405978026205,0.0,,0.0006908462867012081
44,3,0.5214241924408792,0.5184453277266793,0.5392321300230899,0.7208371829769901,0.7197194913970041,0.7344594314839176,0.0,0.0,0.0,,,,0.011053540587219343,0.011398963730569948,0.010535405872193437,0.8282229900360107,0.8202648758888245,0.8198217749595642,0.017807937582210664,0.013622248506927503,0.0,,-0.0005181347150259065,0.02078680229641061,0.014739940086913483,0.0,,-0.0008635578583765114
45,3,0.518230048484983,0.5189412756000833,0.5403198523383864,0.7192667669014055,0.7194750431503549,0.7343089815366814,0.0,0.0,0.0,,,,0.011917098445595855,0.01070811744386874,0.010967184801381693,0.8191421627998352,0.8209508061408997,0.8455680012702942,0.022089803853403422,0.015042214635275997,0.0,,-0.0009499136442141613,0.021378576738303123,0.014833938386326517,0.0,,0.00025906735751295325
46,3,0.5201548979941542,0.5177043691959481,0.5446913998020165,0.7203854750818468,0.7191301363772269,0.7360926876873272,0.0,0.0,0.0,,,,0.011744386873920553,0.011398963730569948,0.010449050086355785,0.8233305811882019,0.8199812173843384,0.8454441428184509,0.024536501807862376,0.01570721260548036,0.0,,-0.001295336787564768,0.02698703060606844,0.01696255131010027,0.0,,-0.0009499136442141631
42,4,0.5013787061795238,0.5015328984108316,0.9639267227085514,0.7122629309187724,0.7117988705527182,0.9833673437493502,1.0,1.0,1.0,4.0,4.0,4.0,0.009585492227979275,0.00932642487046632,0.010621761658031088,0.8215875029563904,0.8246080875396729,0.8196030259132385,0.46254801652902755,0.27110441283057785,0.0,0.0,0.001036269430051813,0.4623938242977198,0.271568473196632,0.0,0.0,0.001295336787564768
43,4,0.5022663339410907,0.4929510749168802,0.9709036291619976,0.7123975800855021,0.7072090729981606,0.9869940529719186,1.0,1.0,1.0,4.0,4.0,4.0,0.010103626943005182,0.010880829015544042,0.009499136442141624,0.8208165168762207,0.8871942758560181,0.8420192003250122,0.4686372952209069,0.2745964728864164,0.0,0.0,-0.0006044905008635582,0.47795255424511734,0.27978497997375795,0.0,0.0,-0.001381692573402418
44,4,0.5019526701258292,0.5020982113688841,0.8080506830181747,0.7125907714919373,0.7122765811811547,0.9049560455383624,1.0,1.0,1.0,4.0,4.0,4.0,0.009671848013816925,0.010362694300518135,0.009671848013816925,0.8282229900360107,0.8202648758888245,0.8198217749595642,0.3060980128923455,0.19236527404642512,0.0,0.0,0.0,0.3059524716492906,0.19267946435720773,0.0,0.0,-0.0006908462867012098
45,4,0.5019396458734755,0.5019877456147164,0.9627270953759898,0.7121657869027909,0.7126288358318945,0.9829878922317038,1.0,1.0,1.0,4.0,4.0,4.0,0.010362694300518135,0.010276338514680483,0.00924006908462867,0.8191421627998352,0.8209508061408997,0.8455680012702942,0.46078744950251427,0.27082210532891293,0.0,0.0,-0.0011226252158894647,0.4607393497612734,0.2703590563998093,0.0,0.0,-0.001036269430051813
46,4,0.5023912015720328,0.5019702340667103,0.9790173069075999,0.7127671265927903,0.7121681939441659,0.9905209833764544,1.0,1.0,1.0,4.0,4.0,4.0,0.009412780656303972,0.010362694300518135,0.009585492227979275,0.8233305811882019,0.8199812173843384,0.8454441428184509,0.47662610533556715,0.27775385678366415,0.0,0.0,0.00017271157167530332,0.47704707284088965,0.2783527894322886,0.0,0.0,-0.0007772020725388597
42,5,0.49563711277042427,0.4956566522308886,0.4963269296912272,0.7058560224760403,0.7055634774507844,0.7060293251541593,0.0,0.0,0.05,,,4.0,0.008808290155440414,0.009499136442141624,0.008808290155440414,0.8215875029563904,0.8246080875396729,0.8196030259132385,0.0006898169208029437,0.0001733026781189917,0.05,,0.0,0.0006702774603385975,0.0004658477033748776,0.05,,-0.0006908462867012098
43,5,0.49523385405687276,0.4860628880925172,0.4965451984087359,0.705541687439283,0.6993730164600928,0.706332157559766,0.0,0.1,0.1,,4.0,4.0,0.008894645941278066,0.008981001727115717,0.008031088082901554,0.8208165168762207,0.8871942758560181,0.8420192003250122,0.0013113443518631418,0.0007904701204829445,0.1,,-0.0008635578583765114,0.010482310316218713,0.006959141099673216,0.0,0.0,-0.0009499136442141631
44,5,0.4952028128193654,0.4953732745793469,0.495154241542249,0.70615402855394,0.7054482042586756,0.7053963193243072,0.05,0.0,0.0,4.0,,,0.008635578583765112,0.00924006908462867,0.008894645941278066,0.8282229900360107,0.8202648758888245,0.8198217749595642,-4.857127711638265e-05,-0.0007577092296328081,-0.05,,0.00025906735751295325,-0.00021903303709785993,-5.18849343683625e-05,0.0,,-0.0003454231433506049
45,5,0.49514577547002575,0.4954682043050917,0.4957000458591754,0.7053601434091645,0.7054099337404001,0.7054135901884243,0.0,0.0,0.0,,,,0.009412780656303972,0.00924006908462867,0.008808290155440414,0.8191421627998352,0.8209508061408997,0.8455680012702942,0.0005542703891496248,5.3446779259780364e-05,0.0,,-0.0006044905008635582,0.00023184155408367824,3.6564480242473607e-06,0.0,,-0.00043177892918825657
46,5,0.4953870939706279,0.4953253689999371,0.49598877682977494,0.7056041927207554,0.7053670642231488,0.7054809970154671,0.0,0.0,0.0,,,,0.008981001727115717,0.00932642487046632,0.00854922279792746,0.8233305811882019,0.8199812173843384,0.8454441428184509,0.0006016828591470236,-0.0001231957052882926,0.0,,-0.00043177892918825657,0.0006634078298378143,0.00011393279231830533,0.0,,-0.0007772020725388597
42,6,0.9995710811054034,0.9995705140295792,0.9995630218484453,0.9998588601829189,0.9998588690022988,0.9998571502282037,1.0,1.0,1.0,3.0,3.0,3.0,0.008203799654576857,0.009585492227979275,0.008894645941278066,0.8215875029563904,0.8246080875396729,0.8196030259132385,-8.059256958126149e-06,-1.709954715267692e-06,0.0,0.0,0.0006908462867012081,-7.492181133939013e-06,-1.7187740951607466e-06,0.0,0.0,-0.0006908462867012098
43,6,0.9995641220988216,0.9995797814045975,0.9995781942086766,0.9998572287208283,0.9998634561187972,0.99986172016968,1.0,1.0,1.0,3.0,3.0,3.0,0.008981001727115717,0.00924006908462867,0.009758203799654577,0.8208165168762207,0.8871942758560181,0.8420192003250122,1.4072109854934567e-05,4.491448851728919e-06,0.0,0.0,0.0007772020725388597,-1.5871959209157183e-06,-1.7359491172319608e-06,0.0,0.0,0.0005181347150259065
44,6,0.9995578657731524,0.999568217988878,0.999562633524783,0.999855663707879,0.9998582128945845,0.9998568345594179,1.0,1.0,1.0,3.0,3.0,3.0,0.008635578583765112,0.009153713298791019,0.009930915371329879,0.8282229900360107,0.8202648758888245,0.8198217749595642,4.7677516306077194e-06,1.1708515388342278e-06,0.0,0.0,0.0012953367875647662,-5.584464094932073e-06,-1.3783351666685206e-06,0.0,0.0,0.0007772020725388597
45,6,0.9995643039329174,0.9995611079675386,0.9995594283136028,0.9998571799489391,0.9998563969098353,0.9998560220649796,1.0,1.0,1.0,3.0,3.0,3.0,0.00924006908462867,0.009671848013816925,0.009499136442141624,0.8191421627998352,0.8209508061408997,0.8455680012702942,-4.875619314614887e-06,-1.1578839594905688e-06,0.0,0.0,0.00025906735751295325,-1.679653935826586e-06,-3.748448557105988e-07,0.0,0.0,-0.0001727115716753016
46,6,0.9995611572784798,0.9995623345772018,0.9995643193425865,0.9998564981477035,0.9998565992752594,0.9998576892781554,1.0,1.0,1.0,3.0,3.0,3.0,0.009067357512953367,0.009067357512953367,0.009585492227979275,0.8233305811882019,0.8199812173843384,0.8454441428184509,3.1620641066654187e-06,1.1911304519385268e-06,0.0,0.0,0.0005181347150259082,1.984765384710485e-06,1.0900028960536545e-06,0.0,0.0,0.0005181347150259082
42,7,0.5118394953518274,0.512506669304802,0.9993020498558272,0.7255174040220338,0.7255918225530738,0.9997651090104299,1.0,1.0,1.0,4.0,4.0,4.0,0.011312607944732296,0.011053540587219343,0.010967184801381693,0.8215875029563904,0.8246080875396729,0.8196030259132385,0.4874625545039998,0.2742477049883961,0.0,0.0,-0.0003454231433506032,0.4867953805510251,0.27417328645735617,0.0,0.0,-8.635578583764993e-05
43,7,0.5120585407166606,0.5230634853712929,0.9992905080136444,0.7271576982039242,0.7358372918581829,0.9997618636082207,1.0,1.0,1.0,4.0,4.0,4.0,0.01070811744386874,0.01070811744386874,0.011139896373056995,0.8208165168762207,0.8871942758560181,0.8420192003250122,0.4872319672969838,0.27260416540429655,0.0,0.0,0.00043177892918825483,0.4762270226423515,0.2639245717500378,0.0,0.0,0.00043177892918825483
44,7,0.5137082721569468,0.5121945372106527,0.9992917592787782,0.7278496385781308,0.7274593641439351,0.9997617488393401,1.0,1.0,1.0,4.0,4.0,4.0,0.01001727115716753,0.011139896373056995,0.010103626943005182,0.8282229900360107,0.8202648758888245,0.8198217749595642,0.4855834871218314,0.2719121102612093,0.0,0.0,8.635578583765166e-05,0.48709722206812556,0.272302384695405,0.0,0.0,-0.001036269430051813
45,7,0.5110789203122862,0.5110712986899316,0.9992767040320324,0.7253520800985547,0.7247735556962688,0.9997582495928221,1.0,1.0,1.0,4.0,4.0,4.0,0.01079447322970639,0.011226252158894647,0.009585492227979275,0.8191421627998352,0.8209508061408997,0.8455680012702942,0.4881977837197462,0.27440616949426744,0.0,0.0,-0.0012089810017271146,0.4882054053421008,0.27498469389655333,0.0,0.0,-0.0016407599309153711
46,7,0.5127858770998757,0.5129031169445954,0.9992870839851623,0.7280385085632363,0.7272054907948772,0.9997606224069524,1.0,1.0,1.0,4.0,4.0,4.0,0.011398963730569948,0.011226252158894647,0.0114853195164076,0.8233305811882019,0.8199812173843384,0.8454441428184509,0.48650120688528664,0.27172211384371614,0.0,0.0,8.635578583765166e-05,0.48638396704056686,0.27255513161207523,0.0,0.0,0.00025906735751295325
42,8,0.9930375231607327,0.9928858581151633,0.9931115388835263,0.9976555696839758,0.9975999790234701,0.9976831868370662,1.0,1.0,1.0,25.8,25.85,25.25,0.009412780656303972,0.009758203799654577,0.009844559585492229,0.8215875029563904,0.8246080875396729,0.8196030259132385,7.40157227936411e-05,2.761715309040902e-05,0.0,-0.5500000000000007,0.00043177892918825657,0.00022568076836304574,8.320781359616447e-05,0.0,-0.6000000000000014,8.635578583765166e-05
43,8,0.9928017151578135,0.9933655580334304,0.9933533196742026,0.9975721680235718,0.997769925124003,0.9977720874066015,1.0,1.0,1.0,26.3,24.55,25.1,0.009758203799654577,0.008721934369602764,0.009930915371329879,0.8208165168762207,0.8871942758560181,0.8420192003250122,0.000551604516389137,0.0001999193830296564,0.0,-1.1999999999999993,0.0001727115716753016,-1.2238359227811912e-05,2.1622825985279093e-06,0.0,0.5500000000000007,0.0012089810017271146
44,8,0.9932001937919991,0.9928945214311514,0.9930422107820839,0.9977126387241866,0.997603288045935,0.9976592179779936,1.0,1.0,1.0,25.4,26.2,25.8,0.009585492227979275,0.009844559585492229,0.009499136442141624,0.8282229900360107,0.8202648758888245,0.8198217749595642,-0.00015798300991520797,-5.3420746192966995e-05,0.0,0.40000000000000213,-8.635578583765166e-05,0.00014768935093245616,5.592993205860708e-05,0.0,-0.3999999999999986,-0.0003454231433506049
45,8,0.9930285547332957,0.9926196036879653,0.9932319253826837,0.9976543405448299,0.9975023866183936,0.997729435813535,1.0,1.0,1.0,26.1,26.0,24.75,0.010362694300518135,0.010103626943005182,0.008808290155440414,0.8191421627998352,0.8209508061408997,0.8455680012702942,0.00020337064938802385,7.509526870508321e-05,0.0,-1.3500000000000014,-0.0015544041450777212,0.0006123216947183652,0.00022704919514138222,0.0,-1.25,-0.001295336787564768
46,8,0.9928623491239295,0.9928364824533179,0.9934119380555956,0.9975940323390993,0.9975818577167176,0.9977948049542013,1.0,1.0,1.0,25.8,26.0,24.85,0.010362694300518135,0.010276338514680483,0.010189982728842832,0.8233305811882019,0.8199812173843384,0.8454441428184509,0.0005495889316661229,0.00020077261510198507,0.0,-0.9499999999999993,-0.00017271157167530332,0.0005754556022776747,0.00021294723748366273,0.0,-1.1499999999999986,-8.635578583765166e-05
42,9,0.5334998348083468,0.5313959896644267,0.5430728852694658,0.731802772899758,0.7306107619303471,0.7388139448896264,0.0,0.0,0.0,,,,0.010362694300518135,0.01001727115716753,0.010103626943005182,0.8215875029563904,0.8246080875396729,0.8196030259132385,0.009573050461119004,0.007011171989868337,0.0,,-0.00025906735751295325,0.01167689560503915,0.008203182959279243,0.0,,8.635578583765166e-05
43,9,0.5323686787996238,0.5367171425788883,0.5430723336033108,0.7318227417373938,0.7339592207836989,0.7386080344045691,0.0,0.05,0.0,,122.0,,0.010621761658031088,0.010449050086355785,0.010621761658031088,0.8208165168762207,0.8871942758560181,0.8420192003250122,0.010703654803686957,0.006785292667175313,0.0,,0.0,0.006355191024422502,0.004648813620870218,-0.05,,0.00017271157167530332
44,9,0.5334652647566074,0.532741250698058,0.5421223922216921,0.7326579375190602,0.732104770704786,0.7385172823672324,0.0,0.0,0.0,,,,0.010449050086355785,0.010189982728842832,0.010276338514680483,0.8282229900360107,0.8202648758888245,0.8198217749595642,0.008657127465084735,0.005859344848172188,0.0,,-0.0001727115716753016,0.009381141523634118,0.006412511662446385,0.0,,8.635578583765166e-05
45,9,0.5322585643859123,0.533090446128413,0.545534200836067,0.7318587181556278,0.7321699011078959,0.7412092574900453,0.0,0.0,0.0,,,,0.010362694300518135,0.010276338514680483,0.009412780656303972,0.8191421627998352,0.8209508061408997,0.8455680012702942,0.013275636450154615,0.00935053933441754,0.0,,-0.0009499136442141631,0.012443754707653909,0.009039356382149366,0.0,,-0.0008635578583765114
46,9,0.5331605138939741,0.5329901045268677,0.5443837796589902,0.7324251029244383,0.7323459130485024,0.7394912210849418,0.0,0.0,0.0,,,,0.010362694300518135,0.01070811744386874,0.012089810017271158,0.8233305811882019,0.8199812173843384,0.8454441428184509,0.011223265765016088,0.0070661181605035095,0.0,,0.0017271157167530228,0.011393675132122527,0.007145308036439424,0.0,,0.001381692573402418
42,10,0.9626225931637776,0.9649928160122488,0.95696852667537,0.9864254538490987,0.987389567075223,0.984192863453615,1.0,1.0,1.0,43.95,44.25,45.2,0.010189982728842832,0.010103626943005182,0.010276338514680483,0.8215875029563904,0.8246080875396729,0.8196030259132385,-0.005654066488407605,-0.0022325903954837356,0.0,1.25,8.635578583765166e-05,-0.00802428933687882,-0.0031967036216079547,0.0,0.9500000000000028,0.0001727115716753016
43,10,0.9667046730746235,0.9635128929619726,0.9635323831114957,0.9879834684818672,0.9868066522703111,0.9867154889973803,1.0,1.0,1.0,44.0,41.95,43.95,0.009067357512953367,0.00924006908462867,0.009499136442141624,0.8208165168762207,0.8871942758560181,0.8420192003250122,-0.0031722899631277945,-0.0012679794844869807,0.0,-0.04999999999999716,0.00043177892918825657,1.9490149523071487e-05,-9.116327293079429e-05,0.0,2.0,0.00025906735751295325
44,10,0.9694102134054259,0.9603474264003383,0.9600659410561664,0.9890685439909848,0.9856151755453904,0.9854651969953535,1.0,1.0,1.0,44.0,43.5,42.75,0.010103626943005182,0.009930915371329879,0.009930915371329879,0.8282229900360107,0.8202648758888245,0.8198217749595642,-0.009344272349259497,-0.0036033469956312514,0.0,-1.25,-0.00017271157167530332,-0.00028148534417193893,-0.00014997855003684446,0.0,-0.75,0.0
45,10,0.958724390670863,0.9663049709127085,0.9626698916022234,0.9849795251393388,0.9879274704888459,0.9865101488911212,1.0,1.0,1.0,43.75,43.3,44.35,0.010362694300518135,0.009758203799654577,0.00932642487046632,0.8191421627998352,0.8209508061408997,0.8455680012702942,0.003945500931360368,0.0015306237517823673,0.0,0.6000000000000014,-0.0010362694300518147,-0.003635079310485123,-0.0014173215977246745,0.0,1.0500000000000043,-0.00043177892918825657
46,10,0.9644077201209598,0.9660100298454471,0.9642185787600517,0.9870656598963128,0.9878190850709511,0.9870123134556577,1.0,1.0,1.0,44.05,42.0,43.65,0.010103626943005182,0.010189982728842832,0.010276338514680483,0.8233305811882019,0.8199812173843384,0.8454441428184509,-0.00018914136090808498,-5.3346440655133165e-05,0.0,-0.3999999999999986,0.0001727115716753016,-0.001791451085395468,-0.0008067716152934112,0.0,1.6499999999999986,8.635578583765166e-05
42,11,0.9651086998060847,0.952900306220945,0.9776571724613187,0.9870643353318657,0.9823612876146013,0.9916902048522279,1.0,1.0,1.0,12.35,12.4,11.0,0.00846286701208981,0.009499136442141624,0.00924006908462867,0.8215875029563904,0.8246080875396729,0.8196030259132385,0.012548472655233955,0.004625869520362258,0.0,-1.3499999999999996,0.0007772020725388597,0.024756866240373654,0.009328917237626633,0.0,-1.4000000000000004,-0.00025906735751295325
43,11,0.9596253847794384,0.9746307535081653,0.9842787781734981,0.9849234427789352,0.9906989031176662,0.9942223866625738,1.0,1.0,1.0,12.0,10.8,10.7,0.00924006908462867,0.01001727115716753,0.00932642487046632,0.8208165168762207,0.8871942758560181,0.8420192003250122,0.024653393394059697,0.00929894388363861,0.0,-1.3000000000000007,8.635578583764993e-05,0.009648024665332766,0.003523483544907613,0.0,-0.10000000000000142,-0.0006908462867012098
44,11,0.9627215016660934,0.955096353579173,0.9678081009247034,0.9861823692324437,0.9832206352551829,0.9879827142234019,1.0,1.0,1.0,11.25,12.05,11.15,0.009585492227979275,0.009585492227979275,0.009930915371329879,0.8282229900360107,0.8202648758888245,0.8198217749595642,0.005086599258609992,0.0018003449909581581,0.0,-0.09999999999999964,0.0003454231433506032,0.012711747345530378,0.004762078968219008,0.0,-0.9000000000000004,0.0003454231433506032
45,11,0.9467531241563206,0.9552852545492425,0.9869300456496038,0.9799997284890176,0.9833597104718198,0.9952263599763196,1.0,1.0,1.0,12.85,11.75,10.65,0.010362694300518135,0.010103626943005182,0.009844559585492229,0.8191421627998352,0.8209508061408997,0.8455680012702942,0.040176921493283224,0.015226631487301967,0.0,-2.1999999999999993,-0.0005181347150259065,0.031644791100361336,0.011866649504499782,0.0,-1.0999999999999996,-0.00025906735751295325
46,11,0.9659278069328718,0.9511685491118483,0.9896736663547749,0.9873787154986876,0.981766688450185,0.9962219795762512,1.0,1.0,1.0,11.75,11.8,10.35,0.009930915371329879,0.010276338514680483,0.007944732297063902,0.8233305811882019,0.8199812173843384,0.8454441428184509,0.023745859421903104,0.00884326407756364,0.0,-1.4000000000000004,-0.001986183074265976,0.0385051172429266,0.01445529112606625,0.0,-1.450000000000001,-0.002331606217616581
42,12,0.7987274263756828,0.7849129261235807,0.7836171578652801,0.9152358670023859,0.9086080847009657,0.9080523869100768,1.0,1.0,1.0,25.95,26.3,27.5,0.011398963730569948,0.009930915371329879,0.010362694300518135,0.8215875029563904,0.8246080875396729,0.8196030259132385,-0.015110268510402758,-0.007183480092309069,0.0,1.5500000000000007,-0.001036269430051813,-0.001295768258300578,-0.0005556977908888205,0.0,1.1999999999999993,0.00043177892918825657
43,12,0.7887180233955761,0.8268442076286492,0.8089174430057977,0.910684132043041,0.9292073826196537,0.920042340992323,1.0,1.0,1.0,27.25,23.8,27.65,0.01079447322970639,0.010535405872193437,0.009758203799654577,0.8208165168762207,0.8871942758560181,0.8420192003250122,0.020199419610221647,0.009358208949281965,0.0,0.3999999999999986,-0.001036269430051813,-0.017926764622851477,-0.009165041627330783,0.0,3.849999999999998,-0.0007772020725388597
44,12,0.8083770382369366,0.7868587666840487,0.7932258200717721,0.9201522675393268,0.9097898152634128,0.9127790435831402,1.0,1.0,1.0,25.95,26.1,27.55,0.010880829015544042,0.011053540587219343,0.010621761658031088,0.8282229900360107,0.8202648758888245,0.8198217749595642,-0.015151218165164515,-0.007373223956186559,0.0,1.6000000000000014,-0.00025906735751295325,0.006367053387723365,0.002989228319727366,0.0,1.4499999999999993,-0.00043177892918825483
45,12,0.7820320669050851,0.7860436013506267,0.8055089166509488,0.9072383783434478,0.9092188193265373,0.9187716938944557,1.0,1.0,1.0,27.35,27.35,24.65,0.010362694300518135,0.010535405872193437,0.00932642487046632,0.8191421627998352,0.8209508061408997,0.8455680012702942,0.023476849745863726,0.011533315551007894,0.0,-2.700000000000003,-0.0010362694300518147,0.01946531530032214,0.009552874567918423,0.0,-2.700000000000003,-0.0012089810017271163
46,12,0.790994999254172,0.7811079706205412,0.8142992021489708,0.9117402841427351,0.9068396590474965,0.9226060127163237,1.0,1.0,1.0,25.9,27.5,27.15,0.009844559585492229,0.010103626943005182,0.011312607944732296,0.8233305811882019,0.8199812173843384,0.8454441428184509,0.02330420289479873,0.010865728573588584,0.0,1.25,0.0014680483592400678,0.03319123152842962,0.01576635366882717,0.0,-0.3500000000000014,0.0012089810017271146
42,13,0.9886456164422402,0.9886623174416498,0.9888595365511188,0.9962427403937058,0.9962478743766914,0.9963128192667723,1.0,1.0,1.0,36.55,36.6,36.0,0.01079447322970639,0.010967184801381693,0.01070811744386874,0.8215875029563904,0.8246080875396729,0.8196030259132385,0.0002139201088785514,7.007887306653693e-05,0.0,-0.5499999999999972,-8.635578583764993e-05,0.00019721910946901566,6.494489008090909e-05,0.0,-0.6000000000000014,-0.00025906735751295325
43,13,0.9886602926111253,0.9886379485908782,0.9888740709510478,0.9962448219932388,0.996248283704091,0.996320354194195,1.0,1.0,1.0,36.75,35.7,35.95,0.010276338514680483,0.010276338514680483,0.010880829015544042,0.8208165168762207,0.8871942758560181,0.8420192003250122,0.00021377833992253237,7.553220095612989e-05,0.0,-0.7999999999999972,0.0006044905008635582,0.00023612236016967714,7.207049010393707e-05,0.0,0.25,0.0006044905008635582
44,13,0.9887167906220452,0.988680448458355,0.9888886238425798,0.9962618795559176,0.996248842237477,0.996319748514636,1.0,1.0,1.0,36.3,36.65,36.0,0.010189982728842832,0.009844559585492229,0.009930915371329879,0.8282229900360107,0.8202648758888245,0.8198217749595642,0.0001718332205346007,5.786895871839892e-05,0.0,-0.29999999999999716,-0.00025906735751295325,0.00020817538422479576,7.090627715899966e-05,0.0,-0.6499999999999986,8.635578583764993e-05
45,13,0.9886307522753918,0.9886292113084781,0.9887839613698086,0.9962371251341336,0.9962365302202226,0.9962931197372927,1.0,1.0,1.0,36.85,36.85,35.7,0.010967184801381693,0.010535405872193437,0.00924006908462867,0.8191421627998352,0.8209508061408997,0.8455680012702942,0.0001532090944168507,5.599460315908189e-05,0.0,-1.1499999999999986,-0.0017271157167530228,0.00015475006133047753,5.6589517070104733e-05,0.0,-1.1499999999999986,-0.0012953367875647662
46,13,0.988674065773399,0.988609795125367,0.9888085336282127,0.9962520680371563,0.9962312852880618,0.9963010315108844,1.0,1.0,1.0,36.5,36.7,35.7,0.011053540587219343,0.009930915371329879,0.01070811744386874,0.8233305811882019,0.8199812173843384,0.8454441428184509,0.0001344678548137468,4.896347372818077e-05,0.0,-0.7999999999999972,-0.0003454231433506032,0.00019873850284579664,6.974622282263088e-05,0.0,-1.0,0.0007772020725388615
42,14,0.9973479004017609,0.9976671610088526,0.9980688201987478,0.9989915557768928,0.9991204981174552,0.9992808237824617,1.0,1.0,1.0,6.05,6.15,6.05,0.01070811744386874,0.011139896373056995,0.010449050086355785,0.8215875029563904,0.8246080875396729,0.8196030259132385,0.0007209197969868519,0.0002892680055689434,0.0,0.0,-0.000259067357512955,0.0004016591898952093,0.00016032566500656653,0.0,-0.10000000000000053,-0.0006908462867012098
43,14,0.9964366958464161,0.998934630950752,0.9989831405891918,0.9986406262138992,0.9996380126290869,0.9996525873427546,1.0,1.0,1.0,6.25,5.65,5.8,0.011139896373056995,0.01079447322970639,0.010276338514680483,0.8208165168762207,0.8871942758560181,0.8420192003250122,0.0025464447427756554,0.0010119611288554875,0.0,-0.4500000000000002,-0.0008635578583765114,4.8509638439830916e-05,1.4574713667725447e-05,0.0,0.14999999999999947,-0.0005181347150259065
44,14,0.9986761121774602,0.9972863603470997,0.997233354167206,0.999528353693451,0.9989643806869838,0.9989456451798788,1.0,1.0,1.0,6.15,6.25,6.15,0.01001727115716753,0.011226252158894647,0.010880829015544042,0.8282229900360107,0.8202648758888245,0.8198217749595642,-0.0014427580102541748,-0.0005827085135722276,0.0,0.0,0.0008635578583765114,-5.300617989367762e-05,-1.873550710496108e-05,0.0,-0.09999999999999964,-0.0003454231433506049
45,14,0.9966488561710793,0.9976813533141268,0.9989634593597714,0.9987107302815116,0.9991281919410042,0.9996466448567118,1.0,1.0,1.0,6.25,6.25,5.85,0.010621761658031088,0.011139896373056995,0.010189982728842832,0.8191421627998352,0.8209508061408997,0.8455680012702942,0.0023146031886920326,0.0009359145752002584,0.0,-0.40000000000000036,-0.00043177892918825657,0.0012821060456446043,0.0005184529157076234,0.0,-0.40000000000000036,-0.0009499136442141631
46,14,0.9986998553956649,0.9981633338634259,0.9990515595201552,0.9995390304741553,0.9993258041069775,0.9996759216572491,1.0,1.0,1.0,6.15,6.25,5.75,0.010880829015544042,0.010621761658031088,0.010535405872193437,0.8233305811882019,0.8199812173843384,0.8454441428184509,0.0003517041244903707,0.00013689118309379023,0.0,-0.40000000000000036,-0.0003454231433506049,0.0008882256567293023,0.0003501175502715892,0.0,-0.5,-8.635578583765166e-05
42,15,0.5163688100900048,0.5168416311319697,0.5173467600862448,0.7191981232472087,0.7198170058798397,0.7198401480572062,0.0,0.0,0.0,,,,0.01157167530224525,0.011139896373056995,0.010621761658031088,0.8215875029563904,0.8246080875396729,0.8196030259132385,0.0009779499962400129,0.0006420248099975323,0.0,,-0.0009499136442141613,0.0005051289542751247,2.3142177366541894e-05,0.0,,-0.0005181347150259065
43,15,0.5164588056396924,0.518482730075606,0.5165329384759714,0.7193514191247283,0.7212787098736728,0.7194294529695281,0.0,0.05,0.0,,482.0,,0.011312607944732296,0.012089810017271158,0.011053540587219343,0.8208165168762207,0.8871942758560181,0.8420192003250122,7.413283627899503e-05,7.803384479976305e-05,0.0,,-0.00025906735751295325,-0.0019497915996345982,-0.0018492569041447249,-0.05,,-0.0010362694300518147
44,15,0.5178594890893379,0.5163030292943974,0.5156972073981205,0.7207004224618967,0.7194526874079019,0.7187320361996795,0.0,0.0,0.0,,,,0.010449050086355785,0.010880829015544042,0.01079447322970639,0.8282229900360107,0.8202648758888245,0.8198217749595642,-0.0021622816912173493,-0.001968386262217181,0.0,,0.0003454231433506049,-0.0006058218962768924,-0.0007206512082224004,0.0,,-8.635578583765166e-05
45,15,0.5163866144217244,0.5166926412049622,0.5185571341220618,0.719418267492441,0.7197264590594699,0.7214958949598098,0.0,0.0,0.0,,,,0.011053540587219343,0.011312607944732296,0.010967184801381693,0.8191421627998352,0.8209508061408997,0.8455680012702942,0.0021705197003374366,0.0020776274673688366,0.0,,-8.635578583764993e-05,0.0018644929170996694,0.0017694359003399551,0.0,,-0.0003454231433506032
46,15,0.5165240378510785,0.5158581120813038,0.5165205090368463,0.7195831874400412,0.7191192538829227,0.7199847315093133,0.0,0.0,0.0,,,,0.011312607944732296,0.01157167530224525,0.01070811744386874,0.8233305811882019,0.8199812173843384,0.8454441428184509,-3.528814232156563e-06,0.000401544069272064,0.0,,-0.0006044905008635564,0.000662396955542488,0.0008654776263905539,0.0,,-0.0008635578583765097
42,16,0.5106564765606605,0.5114597487114435,0.5113881245692997,0.7162208964787308,0.7169075916205173,0.7174111632662006,0.0,0.0,0.0,,,,0.00932642487046632,0.009844559585492229,0.009758203799654577,0.8215875029563904,0.8246080875396729,0.8196030259132385,0.0007316480086392296,0.001190266787469807,0.0,,0.00043177892918825657,-7.16241421437891e-05,0.0005035716456832651,0.0,,-8.635578583765166e-05
43,16,0.510688334510632,0.5144280793758221,0.5127948640189157,0.716394804224535,0.7191395301242988,0.7179948891399758,0.0,0.0,0.0,,,,0.009758203799654577,0.008290155440414507,0.010276338514680483,0.8208165168762207,0.8871942758560181,0.8420192003250122,0.0021065295082837165,0.0016000849154407248,0.0,,0.0005181347150259065,-0.0016332153569064145,-0.0011446409843229866,0.0,,0.001986183074265976
44,16,0.5103188753653632,0.5102656626959031,0.5118311802943617,0.7160463881403442,0.7161597682091193,0.7174528090677407,0.0,0.0,0.0,,,,0.009499136442141624,0.010189982728842832,0.009930915371329879,0.8282229900360107,0.8202648758888245,0.8198217749595642,0.0015123049289984536,0.0014064209273965123,0.0,,0.00043177892918825483,0.0015655175984585767,0.0012930408586213638,0.0,,-0.00025906735751295325
45,16,0.510683323286229,0.5104681580760844,0.5122167826090173,0.7165003301749451,0.7164127449182102,0.7169889664509195,0.0,0.0,0.0,,,,0.009758203799654577,0.009585492227979275,0.009930915371329879,0.8191421627998352,0.8209508061408997,0.8455680012702942,0.0015334593227882554,0.0004886362759743967,0.0,,0.0001727115716753016,0.0017486245329328964,0.000576221532709309,0.0,,0.0003454231433506032
46,16,0.5114831220975888,0.5111581352574462,0.5125071963154865,0.7167959232498101,0.7168489074246169,0.7180520879485153,0.0,0.0,0.0,,,,0.009671848013816925,0.010103626943005182,0.009671848013816925,0.8233305811882019,0.8199812173843384,0.8454441428184509,0.0010240742178976303,0.0012561646987051533,0.0,,0.0,0.001349061058040224,0.0012031805238983395,0.0,,-0.00043177892918825657
42,17,0.9896274126918966,0.9876786042291529,0.9883271170728039,0.9965681059175775,0.995806223756711,0.9960641440073557,1.0,1.0,1.0,33.5,33.2,33.4,0.009671848013816925,0.009758203799654577,0.009585492227979275,0.8215875029563904,0.8246080875396729,0.8196030259132385,-0.0013002956190927284,-0.0005039619102218396,0.0,-0.10000000000000142,-8.635578583764993e-05,0.0006485128436509724,0.00025792025064463875,0.0,0.19999999999999574,-0.0001727115716753016
43,17,0.9893092769906519,0.9897394224949118,0.9893337352175045,0.9964496538327318,0.9965651205220386,0.9964483171893553,1.0,1.0,1.0,33.65,32.65,32.85,0.009499136442141624,0.011139896373056995,0.008894645941278066,0.8208165168762207,0.8871942758560181,0.8420192003250122,2.4458226852597242e-05,-1.3366433764261387e-06,0.0,-0.7999999999999972,-0.0006044905008635582,-0.00040568727740730726,-0.00011680333268326848,0.0,0.20000000000000284,-0.0022452504317789293
44,17,0.9895225375656914,0.9897176517143565,0.987922258835596,0.9965299358009267,0.9966091570860788,0.9959029070607168,1.0,1.0,1.0,32.9,33.7,33.5,0.010189982728842832,0.009930915371329879,0.010880829015544042,0.8282229900360107,0.8202648758888245,0.8198217749595642,-0.0016002787300953836,-0.0006270287402099228,0.0,0.6000000000000014,0.0006908462867012098,-0.0017953928787605156,-0.0007062500253619541,0.0,-0.20000000000000284,0.0009499136442141631
45,17,0.989171813496158,0.9892083929687528,0.9898594638174805,0.9963885424446829,0.9964104832039115,0.9966561955648625,1.0,1.0,1.0,33.6,33.5,32.7,0.009585492227979275,0.009499136442141624,0.009153713298791019,0.8191421627998352,0.8209508061408997,0.8455680012702942,0.0006876503213224527,0.00026765312017962284,0.0,-0.8999999999999986,-0.00043177892918825657,0.0006510708487276196,0.00024571236095105586,0.0,-0.7999999999999972,-0.0003454231433506049
46,17,0.9893581410514819,0.9896022826034697,0.989688163771498,0.9964624789582397,0.9965607356309321,0.9965910882076023,1.0,1.0,1.0,33.4,33.5,32.75,0.01001727115716753,0.010103626943005182,0.009585492227979275,0.8233305811882019,0.8199812173843384,0.8454441428184509,0.0003300227200161432,0.0001286092493626434,0.0,-0.6499999999999986,-0.00043177892918825483,8.588116802832335e-05,3.0352576670278353e-05,0.0,-0.75,-0.0005181347150259065
42,18,0.9386799337754059,0.9543234261488525,0.932166870690686,0.9770714476430643,0.9832848844535105,0.97444624437582,1.0,1.0,1.0,62.9,62.7,65.0,0.010880829015544042,0.011053540587219343,0.009930915371329879,0.8215875029563904,0.8246080875396729,0.8196030259132385,-0.006513063084719883,-0.002625203267244358,0.0,2.1000000000000014,-0.0009499136442141631,-0.022156555458166416,-0.00883864007769053,0.0,2.299999999999997,-0.0011226252158894647
43,18,0.9578274246497999,0.9585711754125785,0.9473246472110348,0.9845626941804608,0.9848489386609305,0.9803666141050433,1.0,1.0,1.0,63.0,61.5,63.95,0.010189982728842832,0.01001727115716753,0.011226252158894647,0.8208165168762207,0.8871942758560181,0.8420192003250122,-0.010502777438765043,-0.0041960800754174965,0.0,0.9500000000000028,0.0010362694300518147,-0.011246528201543704,-0.004482324555887152,0.0,2.450000000000003,0.0012089810017271163
44,18,0.9567088891600991,0.936583448289465,0.9393195336664287,0.9841350122849668,0.9762691157798444,0.9772235243251168,1.0,1.0,1.0,62.1,62.3,64.1,0.010189982728842832,0.01079447322970639,0.010449050086355785,0.8282229900360107,0.8202648758888245,0.8198217749595642,-0.017389355493670378,-0.006911487959849971,0.0,1.999999999999993,0.00025906735751295325,0.0027360853769636817,0.0009544085452724005,0.0,1.7999999999999972,-0.0003454231433506049
45,18,0.9428969284214704,0.9425267696772229,0.9419131289148265,0.9787702193966883,0.9786608511255035,0.9783135632401666,1.0,1.0,1.0,62.75,63.1,62.25,0.009758203799654577,0.009930915371329879,0.010276338514680483,0.8191421627998352,0.8209508061408997,0.8455680012702942,-0.0009837995066439564,-0.00045665615652168423,0.0,-0.5,0.0005181347150259065,-0.0006136407623964502,-0.0003472878853368888,0.0,-0.8500000000000014,0.0003454231433506049
46,18,0.9522169675250469,0.9308946576526266,0.9480104483720609,0.9823732963010015,0.9738751508746623,0.9806082696476878,1.0,1.0,1.0,63.1,63.9,64.25,0.010103626943005182,0.010535405872193437,0.011744386873920553,0.8233305811882019,0.8199812173843384,0.8454441428184509,-0.004206519152985977,-0.0017650266533136838,0.0,1.1499999999999986,0.0016407599309153711,0.017115790719434365,0.006733118773025515,0.0,0.3500000000000014,0.0012089810017271163
42,19,0.7624223260217535,0.7555574232074548,0.977229698993687,0.8955344453708207,0.8921888990043042,0.9915258011836892,1.0,1.0,1.0,119.3,124.65,32.3,0.01157167530224525,0.011917098445595855,0.011312607944732296,0.8215875029563904,0.8246080875396729,0.8196030259132385,0.21480737297193342,0.09599135581286844,0.0,-87.0,-0.00025906735751295325,0.22167227578623216,0.09933690217938496,0.0,-92.35000000000001,-0.0006044905008635582
43,19,0.7559470782650931,0.7967291097279392,0.9854450959652555,0.8922902326641629,0.9149110175282562,0.994703430562227,1.0,1.0,1.0,123.8,112.2,30.2,0.011139896373056995,0.01070811744386874,0.011226252158894647,0.8208165168762207,0.8871942758560181,0.8420192003250122,0.22949801770016243,0.10241319789806413,0.0,-93.6,8.635578583765166e-05,0.18871598623731634,0.07979241303397078,0.0,-82.0,0.0005181347150259065
44,19,0.7684301091374407,0.7556013407644921,0.9769191972425322,0.899188376646932,0.8920404559363156,0.9914420807588332,1.0,1.0,1.0,108.95,119.6,33.0,0.011053540587219343,0.011053540587219343,0.01079447322970639,0.8282229900360107,0.8202648758888245,0.8198217749595642,0.20848908810509148,0.09225370411190126,0.0,-75.95,-0.00025906735751295325,0.22131785647804003,0.09940162482251758,0.0,-86.6,-0.00025906735751295325
45,19,0.7524486426547038,0.7559984725935952,0.985747809669629,0.8904825751693713,0.8923095252156649,0.994872835135563,1.0,1.0,1.0,127.25,127.15,28.7,0.011053540587219343,0.010880829015544042,0.010189982728842832,0.8191421627998352,0.8209508061408997,0.8455680012702942,0.23329916701492526,0.10439025996619167,0.0,-98.55,-0.0008635578583765114,0.22974933707603384,0.10256330991989815,0.0,-98.45,-0.0006908462867012098
46,19,0.7616549892193955,0.7566142830374061,0.9870767857649175,0.8954638375661135,0.8925491999821757,0.9953436105923941,1.0,1.0,1.0,123.75,115.85,29.55,0.011139896373056995,0.01079447322970639,0.011053540587219343,0.8233305811882019,0.8199812173843384,0.8454441428184509,0.22542179654552208,0.0998797730262806,0.0,-94.2,-8.635578583765166e-05,0.23046250272751145,0.10279441061021832,0.0,-86.3,0.00025906735751295325
42,20,0.984890628332341,0.9857562541683155,0.9864283499696122,0.9948338429096436,0.9951737254656075,0.9954477867020186,1.0,1.0,1.0,42.95,42.85,43.25,0.010362694300518135,0.0114853195164076,0.010362694300518135,0.8215875029563904,0.8246080875396729,0.8196030259132385,0.0015377216372711722,0.0006139437923750046,0.0,0.29999999999999716,0.0,0.0006720958012966793,0.00027406123641116054,0.0,0.3999999999999986,-0.0011226252158894647
43,20,0.984585800421362,0.9865490878092258,0.986421434110104,0.9947178420784575,0.9955149269930404,0.9954493102122182,1.0,1.0,1.0,42.95,41.6,43.05,0.010362694300518135,0.009499136442141624,0.010449050086355785,0.8208165168762207,0.8871942758560181,0.8420192003250122,0.0018356336887419555,0.0007314681337606821,0.0,0.09999999999999432,8.635578583764993e-05,-0.00012765369912182134,-6.561678082228628e-05,0.0,1.4499999999999957,0.0009499136442141613
44,20,0.9859864438058678,0.9868991184436481,0.9863960482211694,0.9952492260331813,0.9956330637935735,0.995443091324078,1.0,1.0,1.0,42.55,42.85,43.75,0.009671848013816925,0.01001727115716753,0.010276338514680483,0.8282229900360107,0.8202648758888245,0.8198217749595642,0.0004096044153016898,0.0001938652908967109,0.0,1.2000000000000028,0.0006044905008635582,-0.000503070222478641,-0.00018997246949548074,0.0,0.8999999999999986,0.00025906735751295325
45,20,0.9832545591047106,0.9833343164702242,0.9864937147041528,0.9942204952773693,0.9942635083816105,0.9954634321577688,1.0,1.0,1.0,42.65,42.75,43.0,0.01001727115716753,0.010621761658031088,0.010362694300518135,0.8191421627998352,0.8209508061408997,0.8455680012702942,0.0032391555994422117,0.0012429368803994478,0.0,0.3500000000000014,0.0003454231433506049,0.003159398233928634,0.001199923776158296,0.0,0.25,-0.00025906735751295325
46,20,0.9837797761036713,0.985209257142998,0.9866115462801676,0.9944086427502873,0.9949684178581727,0.9955205939193249,1.0,1.0,1.0,42.55,42.75,42.7,0.009844559585492229,0.010449050086355785,0.009499136442141624,0.8233305811882019,0.8199812173843384,0.8454441428184509,0.0028317701764962733,0.0011119511690376171,0.0,0.15000000000000568,-0.0003454231433506049,0.0014022891371695545,0.0005521760611522097,0.0,-0.04999999999999716,-0.0009499136442141613
42,21,0.5013766412838596,0.5015136116689412,0.5015769546548912,0.7077275234838336,0.707951430987964,0.7077212628933305,0.0,0.0,0.0,,,,0.01070811744386874,0.01070811744386874,0.010362694300518135,0.8215875029563904,0.8246080875396729,0.8196030259132385,0.00020031337103154634,-6.260590503126551e-06,0.0,,-0.0003454231433506049,6.334298595001009e-05,-0.0002301680946334983,0.0,,-0.0003454231433506049
43,21,0.5013906425092366,0.503670462992755,0.5007099111293561,0.7078015586020159,0.7087894710533683,0.707363995572729,0.0,0.0,0.0,,,,0.011053540587219343,0.01001727115716753,0.010103626943005182,0.8208165168762207,0.8871942758560181,0.8420192003250122,-0.0006807313798804504,-0.0004375630292868804,0.0,,-0.0009499136442141613,-0.0029605518633988304,-0.0014254754806393155,0.0,,8.635578583765166e-05
44,21,0.5017195464872735,0.5014886141036689,0.5013705236452127,0.7075267367598338,0.7078465771149216,0.707622138236461,0.0,0.0,0.0,,,,0.010362694300518135,0.010276338514680483,0.01079447322970639,0.8282229900360107,0.8202648758888245,0.8198217749595642,-0.0003490228420607311,9.540147662723264e-05,0.0,,0.00043177892918825483,-0.00011809045845612154,-0.00022443887846057553,0.0,,0.0005181347150259065
45,21,0.5013990253692465,0.5013035871244201,0.5022575196103449,0.7080888982630112,0.708144208401011,0.7079732155321905,0.0,0.0,0.0,,,,0.010449050086355785,0.01079447322970639,0.009671848013816925,0.8191421627998352,0.8209508061408997,0.8455680012702942,0.0008584942410984064,-0.0001156827308207431,0.0,,-0.0007772020725388597,0.0009539324859247911,-0.00017099286882049647,0.0,,-0.0011226252158894647
46,21,0.5011694552003935,0.5018490031176842,0.5013100684312587,0.7079411509749757,0.7083216702160632,0.706664979459419,0.0,0.0,0.0,,,,0.010362694300518135,0.010967184801381693,0.009844559585492229,0.8233305811882019,0.8199812173843384,0.8454441428184509,0.00014061323086522748,-0.001276171515556701,0.0,,-0.0005181347150259065,-0.0005389346864255184,-0.001656690756644208,0.0,,-0.0011226252158894647
42,22,0.5488673245979001,0.5460786614298447,0.5607357438986956,0.7433551563622349,0.7424237097227053,0.7521672257137798,0.0,0.0,0.0,,,,0.010449050086355785,0.010362694300518135,0.01079447322970639,0.8215875029563904,0.8246080875396729,0.8196030259132385,0.011868419300795519,0.008812069351544882,0.0,,0.0003454231433506049,0.01465708246885089,0.00974351599107448,0.0,,0.00043177892918825483
43,22,0.5470132516990701,0.5615552054478727,0.564116085968695,0.7429996548008443,0.7512229930730387,0.7544507557932651,0.0,0.0,0.0,,,,0.010103626943005182,0.009585492227979275,0.009930915371329879,0.8208165168762207,0.8871942758560181,0.8420192003250122,0.01710283426962489,0.01145110099242086,0.0,,-0.00017271157167530332,0.002560880520822262,0.0032277627202264014,0.0,,0.0003454231433506032
44,22,0.5511158326337343,0.547808840588822,0.5595947010462549,0.7452320438122614,0.7436423167583509,0.7519283090670164,0.0,0.0,0.0,,,,0.01079447322970639,0.009930915371329879,0.010449050086355785,0.8282229900360107,0.8202648758888245,0.8198217749595642,0.008478868412520546,0.006696265254754974,0.0,,-0.0003454231433506049,0.011785860457432906,0.008285992308665446,0.0,,0.0005181347150259065
45,22,0.5466832659622599,0.5477132729027748,0.5650899000097389,0.7428583700024947,0.7433717408960202,0.7557613378924215,0.0,0.0,0.0,,,,0.010967184801381693,0.01079447322970639,0.009844559585492229,0.8191421627998352,0.8209508061408997,0.8455680012702942,0.018406634047478998,0.012902967889926842,0.0,,-0.0011226252158894647,0.017376627106964082,0.012389596996401298,0.0,,-0.0009499136442141613
46,22,0.5490929930385279,0.5486757207718642,0.5684302509063968,0.7435901258237958,0.7442732069305791,0.7565144830828269,0.0,0.0,0.0,,,,0.009930915371329879,0.010880829015544042,0.01070811744386874,0.8233305811882019,0.8199812173843384,0.8454441428184509,0.019337257867868884,0.012924357259031072,0.0,,0.0007772020725388615,0.019754530134532544,0.012241276152247793,0.0,,-0.0001727115716753016
42,23,0.5227828167395853,0.5230502762029096,0.5414873566746674,0.7246220625581483,0.7247975586449616,0.7383827803625304,0.0,0.0,0.0,,,,0.010362694300518135,0.009067357512953367,0.00924006908462867,0.8215875029563904,0.8246080875396729,0.8196030259132385,0.018704539935082143,0.013760717804382039,0.0,,-0.0011226252158894647,0.01843708047175785,0.013585221717568707,0.0,,0.00017271157167530332
43,23,0.523028530077825,0.5193980397668085,0.539489517726667,0.7250299733211976,0.7232348733062322,0.7363556506554501,0.0,0.0,0.0,,,,0.009067357512953367,0.009671848013816925,0.009153713298791019,0.8208165168762207,0.8871942758560181,0.8420192003250122,0.016460987648841963,0.011325677334252493,0.0,,8.635578583765166e-05,0.02009147795985844,0.013120777349217905,0.0,,-0.0005181347150259065
44,23,0.5223454687559712,0.5241040633448351,0.5423165632986061,0.7243067656479089,0.7256588545636097,0.7389240303373481,0.0,0.0,0.0,,,,0.009758203799654577,0.009412780656303972,0.008721934369602764,0.8282229900360107,0.8202648758888245,0.8198217749595642,0.019971094542634904,0.014617264689439247,0.0,,-0.001036269430051813,0.018212499953771055,0.013265175773738425,0.0,,-0.0006908462867012081
45,23,0.5238013712139984,0.5235867360964719,0.5383586606655251,0.7258065460463963,0.7257701238761934,0.7351705343535843,0.0,0.0,0.0,,,,0.009499136442141624,0.008981001727115717,0.009671848013816925,0.8191421627998352,0.8209508061408997,0.8455680012702942,0.014557289451526678,0.009363988307187987,0.0,,0.0001727115716753016,0.014771924569053185,0.00940041047739082,0.0,,0.0006908462867012081
46,23,0.5245973946564199,0.5232912957559306,0.5355870991482767,0.7257874029882122,0.7249627129883344,0.7332636354736469,0.0,0.0,0.0,,,,0.00932642487046632,0.008808290155440414,0.008808290155440414,0.8233305811882019,0.8199812173843384,0.8454441428184509,0.010989704491856878,0.0074762324854347195,0.0,,-0.0005181347150259065,0.01229580339234615,0.008300922485312556,0.0,,0.0
42,24,0.9047347656928989,0.9029520118247637,0.9844650101888732,0.9631422381105287,0.9624450526158157,0.994366466213184,1.0,1.0,1.0,26.5,26.75,16.95,0.00846286701208981,0.008290155440414507,0.008290155440414507,0.8215875029563904,0.8246080875396729,0.8196030259132385,0.07973024449597432,0.03122422810265535,0.0,-9.55,-0.00017271157167530332,0.08151299836410952,0.03192141359736833,0.0,-9.8,0.0
43,24,0.9015576617491331,0.9368057543402875,0.9846479476169872,0.9619598083117102,0.976037404648355,0.9944398494403974,1.0,1.0,1.0,26.7,24.95,16.8,0.007944732297063902,0.009153713298791019,0.007858376511226253,0.8208165168762207,0.8871942758560181,0.8420192003250122,0.08309028586785405,0.03248004112868719,0.0,-9.899999999999999,-8.635578583764993e-05,0.047842193276699696,0.01840244479204245,0.0,-8.149999999999999,-0.0012953367875647662
44,24,0.9128066585796724,0.9045979524864426,0.9846599733227808,0.9662977493592245,0.9631917164983246,0.9944471040057106,1.0,1.0,1.0,25.6,27.35,16.85,0.008635578583765112,0.00854922279792746,0.00924006908462867,0.8282229900360107,0.8202648758888245,0.8198217749595642,0.07185331474310841,0.028149354646486047,0.0,-8.75,0.0006044905008635582,0.08006202083633818,0.03125538750738599,0.0,-10.5,0.0006908462867012098
45,24,0.8940332435874203,0.8975301937057049,0.9879469821087578,0.9588277696187292,0.9600628964096296,0.9956801111507811,1.0,1.0,1.0,27.3,26.95,17.05,0.008203799654576857,0.008290155440414507,0.00924006908462867,0.8191421627998352,0.8209508061408997,0.8455680012702942,0.09391373852133744,0.03685234153205197,0.0,-10.25,0.001036269430051813,0.0904167884030529,0.03561721474115154,0.0,-9.899999999999999,0.0009499136442141631
46,24,0.9153523605763956,0.8984739804654707,0.9872972241638406,0.9677162507240868,0.9605865685374622,0.9954118086978582,1.0,1.0,1.0,25.4,27.05,16.95,0.008031088082901554,0.007944732297063902,0.009067357512953367,0.8233305811882019,0.8199812173843384,0.8454441428184509,0.07194486358744501,0.027695557973771323,0.0,-8.45,0.001036269430051813,0.08882324369836991,0.03482524016039601,0.0,-10.100000000000001,0.0011226252158894647
42,25,0.6848077705413972,0.6790498860300871,0.8892201197269654,0.8456154718497382,0.8420374863183234,0.9543247612984418,0.95,1.0,1.0,247.05263157894737,260.0,37.45,0.009844559585492229,0.009930915371329879,0.009671848013816925,0.8215875029563904,0.8246080875396729,0.8196030259132385,0.20441234918556817,0.10870928944870362,0.050000000000000044,-209.60263157894735,-0.00017271157167530332,0.21017023369687826,0.11228727498011837,0.0,-222.55,-0.00025906735751295325
43,25,0.6760334926076735,0.7135507236997013,0.908911072648577,0.8404669012677337,0.8639829102820028,0.9636458083552663,1.0,1.0,1.0,299.1,125.1,36.65,0.009671848013816925,0.009153713298791019,0.00932642487046632,0.8208165168762207,0.8871942758560181,0.8420192003250122,0.23287758004090342,0.12317890708753254,0.0,-262.45000000000005,-0.0003454231433506049,0.19536034894887566,0.09966289807326345,0.0,-88.44999999999999,0.0001727115716753016
44,25,0.6883621555784851,0.6798228689352165,0.9295707544204177,0.847527468818061,0.8428642039135744,0.9728181081531831,1.0,1.0,1.0,236.0,248.2,27.4,0.00932642487046632,0.010103626943005182,0.009930915371329879,0.8282229900360107,0.8202648758888245,0.8198217749595642,0.24120859884193258,0.1252906393351222,0.0,-208.6,0.0006044905008635582,0.24974788548520122,0.12995390423960873,0.0,-220.79999999999998,-0.00017271157167530332
45,25,0.6752221796915354,0.6785298158606177,0.9218151850577986,0.8399844099824709,0.8418356291493476,0.969618714432718,1.0,1.0,1.0,270.7,283.6,31.05,0.009671848013816925,0.009671848013816925,0.00924006908462867,0.8191421627998352,0.8209508061408997,0.8455680012702942,0.24659300536626316,0.12963430445024704,0.0,-239.64999999999998,-0.00043177892918825483,0.2432853691971809,0.12778308528337035,0.0,-252.55,-0.00043177892918825483
46,25,0.680557796121448,0.677504299297689,0.9112285358718606,0.8429187140525901,0.8415468673017344,0.9643023570402015,0.95,1.0,1.0,262.42105263157896,248.6,33.2,0.009671848013816925,0.009758203799654577,0.009412780656303972,0.8233305811882019,0.8199812173843384,0.8454441428184509,0.23067073975041263,0.1213836429876114,0.050000000000000044,-229.22105263157897,-0.00025906735751295325,0.23372423657417163,0.12275548973846706,0.0,-215.39999999999998,-0.0003454231433506049
42,26,0.5410778662909173,0.5386921197417586,0.9521856088483553,0.740824297074313,0.739282792170621,0.9823027609507203,0.2,0.15,1.0,1052.25,891.3333333333334,30.9,0.010362694300518135,0.010967184801381693,0.010535405872193437,0.8215875029563904,0.8246080875396729,0.8196030259132385,0.4111077425574381,0.24147846387640737,0.8,-1021.35,0.0001727115716753016,0.4134934891065968,0.24301996878009935,0.85,-860.4333333333334,-0.00043177892918825657
43,26,0.5392538330011009,0.5685770064313795,0.956933894984954,0.7401643241684243,0.7599869935734999,0.984201182106421,0.15,0.8,1.0,1042.6666666666667,696.125,30.05,0.011312607944732296,0.01079447322970639,0.010449050086355785,0.8208165168762207,0.8871942758560181,0.8420192003250122,0.4176800619838531,0.2440368579379968,0.85,-1012.6166666666668,-0.0008635578583765114,0.3883568885535744,0.2242141885329212,0.19999999999999996,-666.075,-0.0003454231433506049
44,26,0.5459138889197083,0.5377967100972781,0.9474265482710967,0.7442246874265575,0.7388955071148194,0.980533766526623,0.25,0.15,1.0,851.6,1042.6666666666667,30.9,0.011226252158894647,0.010880829015544042,0.010189982728842832,0.8282229900360107,0.8202648758888245,0.8198217749595642,0.40151265935138847,0.2363090791000656,0.75,-820.7,-0.0010362694300518147,0.4096298381738186,0.2416382594118036,0.85,-1011.7666666666668,-0.0006908462867012098
45,26,0.5395399751472856,0.539915986483871,0.9527112634819195,0.7399928725932786,0.7399449861110463,0.9826788470813502,0.15,0.1,1.0,1042.6666666666667,1098.0,30.6,0.011226252158894647,0.010276338514680483,0.010621761658031088,0.8191421627998352,0.8209508061408997,0.8455680012702942,0.4131712883346339,0.2426859744880716,0.85,-1012.0666666666667,-0.0006044905008635582,0.4127952769980485,0.24273386097030392,0.9,-1067.4,0.0003454231433506049
46,26,0.5410517900488055,0.5377496273942003,0.9548142518482358,0.7409748196149449,0.738144481548854,0.9834260316468459,0.25,0.1,1.0,891.8,1032.0,31.75,0.01079447322970639,0.010967184801381693,0.01070811744386874,0.8233305811882019,0.8199812173843384,0.8454441428184509,0.4137624617994302,0.242451212031901,0.75,-860.05,-8.635578583764993e-05,0.41706462445403547,0.2452815500979919,0.9,-1000.25,-0.00025906735751295325
42,27,0.7855200485959326,0.7754468773230077,0.8062878815896368,0.9054327298960613,0.9003360273367589,0.9153876461784783,1.0,1.0,1.0,26.75,28.1,26.55,0.009585492227979275,0.009412780656303972,0.01001727115716753,0.8215875029563904,0.8246080875396729,0.8196030259132385,0.020767832993704216,0.00995491628241707,0.0,-0.1999999999999993,0.00043177892918825483,0.03084100426662917,0.01505161884171946,0.0,-1.5500000000000007,0.0006044905008635582
43,27,0.7765151248984503,0.8309726398242558,0.8250764103853774,0.9009032133464733,0.9284773899514402,0.9243334261759633,1.0,1.0,1.0,30.15,18.25,24.45,0.008894645941278066,0.00932642487046632,0.008290155440414507,0.8208165168762207,0.8871942758560181,0.8420192003250122,0.048561285486927064,0.023430212829489983,0.0,-5.699999999999999,-0.0006044905008635582,-0.005896229438878464,-0.004143963775476989,0.0,6.199999999999999,-0.001036269430051813
44,27,0.7904614610338778,0.7710549736864489,0.791503145421664,0.9080541330385556,0.8980150259405667,0.9081787678617623,1.0,1.0,1.0,26.35,28.9,27.35,0.009153713298791019,0.009844559585492229,0.009585492227979275,0.8282229900360107,0.8202648758888245,0.8198217749595642,0.0010416843877861792,0.00012463482320668184,0.0,1.0,0.00043177892918825657,0.02044817173521507,0.010163741921195624,0.0,-1.5499999999999972,-0.00025906735751295325
45,27,0.7659504468187662,0.7805067808708066,0.8341607462717846,0.8954626284547321,0.902953091526483,0.9282157378329209,1.0,1.0,1.0,33.1,28.95,19.95,0.009067357512953367,0.009412780656303972,0.009153713298791019,0.8191421627998352,0.8209508061408997,0.8455680012702942,0.06821029945301837,0.03275310937818876,0.0,-13.150000000000002,8.635578583765166e-05,0.053653965400978,0.02526264630643793,0.0,-9.0,-0.00025906735751295325
46,27,0.7845913479022509,0.7738484693267453,0.8767562276636846,0.9049334625949659,0.8996242209561321,0.9482687010723696,1.0,1.0,1.0,27.95,28.75,18.1,0.008981001727115717,0.009153713298791019,0.009585492227979275,0.8233305811882019,0.8199812173843384,0.8454441428184509,0.09216487976143362,0.043335238477403726,0.0,-9.849999999999998,0.0006044905008635582,0.10290775833693921,0.048644480116237454,0.0,-10.649999999999999,0.00043177892918825657
42,28,0.5613215948637723,0.5601054822671692,0.5604033511715664,0.7605666388065958,0.760096182557283,0.7603955475740783,0.0,0.0,0.0,,,,0.009585492227979275,0.009844559585492229,0.008981001727115717,0.8215875029563904,0.8246080875396729,0.8196030259132385,-0.0009182436922059445,-0.00017109123251746183,0.0,,-0.0006044905008635582,0.0002978689043972027,0.0002993650167953943,0.0,,-0.0008635578583765114
43,28,0.5605533827922073,0.5713917088583408,0.565886965145794,0.7609088994789991,0.7690493136251256,0.764003668179232,0.0,0.35,0.05,,1092.857142857143,1338.0,0.008894645941278066,0.008031088082901554,0.008894645941278066,0.8208165168762207,0.8871942758560181,0.8420192003250122,0.005333582353586608,0.0030947687002329527,0.05,,0.0,-0.0055047437125468335,-0.005045645445893587,-0.3,245.1428571428571,0.0008635578583765114
44,28,0.5635978926969263,0.5600950067740905,0.5609384704239139,0.762803222396437,0.760434458149736,0.760941148425182,0.05,0.0,0.0,1212.0,,,0.008635578583765112,0.00846286701208981,0.00846286701208981,0.8282229900360107,0.8202648758888245,0.8198217749595642,-0.002659422273012413,-0.0018620739712550405,-0.05,,-0.0001727115716753016,0.0008434636498233505,0.0005066902754460312,0.0,,0.0
45,28,0.5594748261481128,0.559525434583489,0.5650843093817765,0.7596352086111267,0.7597096530895794,0.7632411774263349,0.0,0.0,0.1,,,1275.0,0.009153713298791019,0.008894645941278066,0.009758203799654577,0.8191421627998352,0.8209508061408997,0.8455680012702942,0.005609483233663615,0.003605968815208249,0.1,,0.0006044905008635582,0.005558874798287428,0.0035315243367555205,0.1,,0.0008635578583765114
46,28,0.561476502103728,0.558554884310368,0.5655629152135349,0.7612525847660614,0.7586500923105465,0.7636120302626543,0.0,0.0,0.1,,,1275.0,0.00932642487046632,0.01001727115716753,0.009671848013816925,0.8233305811882019,0.8199812173843384,0.8454441428184509,0.004086413109806841,0.002359445496592949,0.1,,0.0003454231433506049,0.0070080309031668175,0.004961937952107864,0.1,,-0.0003454231433506049
