mode,fault_id,channel,stable_architecture_count,stable_architectures,raw_stable_architecture_count,raw_stable_architectures,excluded_after_quality_or_ci,two_architecture_consensus,three_architecture_consensus
conditional,1,1,0,,0,,,False,False
conditional,1,2,0,,0,,,False,False
conditional,1,3,0,,0,,,False,False
conditional,1,4,0,,0,,,False,False
conditional,1,5,0,,0,,,False,False
conditional,1,6,0,,0,,,False,False
conditional,1,7,0,,0,,,False,False
conditional,1,8,0,,0,,,False,False
conditional,1,9,0,,0,,,False,False
conditional,1,10,0,,0,,,False,False
conditional,1,11,0,,0,,,False,False
conditional,2,1,0,,0,,,False,False
conditional,2,2,0,,0,,,False,False
conditional,2,3,0,,0,,,False,False
conditional,2,4,0,,0,,,False,False
conditional,2,5,0,,0,,,False,False
conditional,2,6,0,,0,,,False,False
conditional,2,7,0,,0,,,False,False
conditional,2,8,0,,0,,,False,False
conditional,2,9,0,,0,,,False,False
conditional,2,10,0,,0,,,False,False
conditional,2,11,0,,0,,,False,False
conditional,3,1,0,,0,,,False,False
conditional,3,2,0,,0,,,False,False
conditional,3,3,0,,0,,,False,False
conditional,3,4,0,,0,,,False,False
conditional,3,5,0,,0,,,False,False
conditional,3,6,0,,0,,,False,False
conditional,3,7,0,,0,,,False,False
conditional,3,8,0,,0,,,False,False
conditional,3,9,0,,0,,,False,False
conditional,3,10,0,,0,,,False,False
conditional,3,11,0,,0,,,False,False
conditional,4,1,0,,0,,,False,False
conditional,4,2,0,,0,,,False,False
conditional,4,3,0,,0,,,False,False
conditional,4,4,0,,0,,,False,False
conditional,4,5,0,,0,,,False,False
conditional,4,6,0,,0,,,False,False
conditional,4,7,0,,0,,,False,False
conditional,4,8,0,,0,,,False,False
conditional,4,9,0,,0,,,False,False
conditional,4,10,0,,3,"gru,tcn,transformer","gru,tcn,transformer",False,False
conditional,4,11,0,,0,,,False,False
conditional,5,1,0,,0,,,False,False
conditional,5,2,0,,0,,,False,False
conditional,5,3,0,,0,,,False,False
conditional,5,4,0,,0,,,False,False
conditional,5,5,0,,0,,,False,False
conditional,5,6,0,,0,,,False,False
conditional,5,7,0,,0,,,False,False
conditional,5,8,0,,0,,,False,False
conditional,5,9,0,,0,,,False,False
conditional,5,10,0,,0,,,False,False
conditional,5,11,0,,0,,,False,False
conditional,6,1,0,,0,,,False,False
conditional,6,2,0,,0,,,False,False
conditional,6,3,0,,0,,,False,False
conditional,6,4,0,,0,,,False,False
conditional,6,5,0,,0,,,False,False
conditional,6,6,0,,0,,,False,False
conditional,6,7,0,,0,,,False,False
conditional,6,8,0,,0,,,False,False
conditional,6,9,0,,0,,,False,False
conditional,6,10,0,,0,,,False,False
conditional,6,11,0,,0,,,False,False
conditional,7,1,0,,0,,,False,False
conditional,7,2,0,,0,,,False,False
conditional,7,3,0,,0,,,False,False
conditional,7,4,0,,0,,,False,False
conditional,7,5,0,,0,,,False,False
conditional,7,6,0,,0,,,False,False
conditional,7,7,0,,0,,,False,False
conditional,7,8,0,,0,,,False,False
conditional,7,9,0,,0,,,False,False
conditional,7,10,0,,0,,,False,False
conditional,7,11,0,,0,,,False,False
conditional,8,1,0,,0,,,False,False
conditional,8,2,0,,0,,,False,False
conditional,8,3,0,,0,,,False,False
conditional,8,4,0,,0,,,False,False
conditional,8,5,0,,0,,,False,False
conditional,8,6,0,,0,,,False,False
conditional,8,7,0,,0,,,False,False
conditional,8,8,0,,0,,,False,False
conditional,8,9,0,,0,,,False,False
conditional,8,10,0,,0,,,False,False
conditional,8,11,0,,0,,,False,False
conditional,9,1,0,,0,,,False,False
conditional,9,2,0,,0,,,False,False
conditional,9,3,0,,0,,,False,False
conditional,9,4,0,,0,,,False,False
conditional,9,5,0,,0,,,False,False
conditional,9,6,0,,0,,,False,False
conditional,9,7,0,,0,,,False,False
conditional,9,8,0,,0,,,False,False
conditional,9,9,0,,0,,,False,False
conditional,9,10,0,,0,,,False,False
conditional,9,11,0,,0,,,False,False
conditional,10,1,0,,0,,,False,False
conditional,10,2,0,,0,,,False,False
conditional,10,3,0,,0,,,False,False
conditional,10,4,0,,0,,,False,False
conditional,10,5,0,,0,,,False,False
conditional,10,6,0,,0,,,False,False
conditional,10,7,0,,0,,,False,False
conditional,10,8,0,,0,,,False,False
conditional,10,9,0,,0,,,False,False
conditional,10,10,0,,0,,,False,False
conditional,10,11,0,,0,,,False,False
conditional,11,1,0,,0,,,False,False
conditional,11,2,0,,0,,,False,False
conditional,11,3,0,,0,,,False,False
conditional,11,4,0,,0,,,False,False
conditional,11,5,0,,0,,,False,False
conditional,11,6,0,,0,,,False,False
conditional,11,7,0,,0,,,False,False
conditional,11,8,0,,0,,,False,False
conditional,11,9,0,,0,,,False,False
conditional,11,10,0,,1,gru,gru,False,False
conditional,11,11,0,,0,,,False,False
conditional,12,1,0,,0,,,False,False
conditional,12,2,0,,0,,,False,False
conditional,12,3,0,,0,,,False,False
conditional,12,4,0,,0,,,False,False
conditional,12,5,0,,0,,,False,False
conditional,12,6,0,,0,,,False,False
conditional,12,7,0,,0,,,False,False
conditional,12,8,0,,0,,,False,False
conditional,12,9,0,,0,,,False,False
conditional,12,10,0,,0,,,False,False
conditional,12,11,0,,0,,,False,False
conditional,13,1,0,,0,,,False,False
conditional,13,2,0,,0,,,False,False
conditional,13,3,0,,0,,,False,False
conditional,13,4,0,,0,,,False,False
conditional,13,5,0,,0,,,False,False
conditional,13,6,0,,0,,,False,False
conditional,13,7,0,,0,,,False,False
conditional,13,8,0,,0,,,False,False
conditional,13,9,0,,0,,,False,False
conditional,13,10,0,,0,,,False,False
conditional,13,11,0,,0,,,False,False
conditional,14,1,0,,0,,,False,False
conditional,14,2,0,,0,,,False,False
conditional,14,3,0,,0,,,False,False
conditional,14,4,0,,0,,,False,False
conditional,14,5,0,,0,,,False,False
conditional,14,6,0,,0,,,False,False
conditional,14,7,0,,0,,,False,False
conditional,14,8,0,,0,,,False,False
conditional,14,9,0,,0,,,False,False
conditional,14,10,0,,0,,,False,False
conditional,14,11,0,,0,,,False,False
conditional,15,1,0,,0,,,False,False
conditional,15,2,0,,0,,,False,False
conditional,15,3,0,,0,,,False,False
conditional,15,4,0,,0,,,False,False
conditional,15,5,0,,0,,,False,False
conditional,15,6,0,,0,,,False,False
conditional,15,7,0,,0,,,False,False
conditional,15,8,0,,0,,,False,False
conditional,15,9,0,,0,,,False,False
conditional,15,10,0,,0,,,False,False
conditional,15,11,0,,0,,,False,False
conditional,16,1,0,,0,,,False,False
conditional,16,2,0,,0,,,False,False
conditional,16,3,0,,0,,,False,False
conditional,16,4,0,,0,,,False,False
conditional,16,5,0,,0,,,False,False
conditional,16,6,0,,0,,,False,False
conditional,16,7,0,,0,,,False,False
conditional,16,8,0,,0,,,False,False
conditional,16,9,0,,0,,,False,False
conditional,16,10,0,,0,,,False,False
conditional,16,11,0,,0,,,False,False
conditional,17,1,0,,0,,,False,False
conditional,17,2,0,,0,,,False,False
conditional,17,3,0,,0,,,False,False
conditional,17,4,0,,0,,,False,False
conditional,17,5,0,,0,,,False,False
conditional,17,6,0,,0,,,False,False
conditional,17,7,0,,0,,,False,False
conditional,17,8,0,,0,,,False,False
conditional,17,9,0,,0,,,False,False
conditional,17,10,0,,0,,,False,False
conditional,17,11,0,,0,,,False,False
conditional,18,1,0,,0,,,False,False
conditional,18,2,0,,0,,,False,False
conditional,18,3,0,,0,,,False,False
conditional,18,4,0,,0,,,False,False
conditional,18,5,0,,0,,,False,False
conditional,18,6,0,,0,,,False,False
conditional,18,7,0,,0,,,False,False
conditional,18,8,0,,0,,,False,False
conditional,18,9,0,,0,,,False,False
conditional,18,10,0,,0,,,False,False
conditional,18,11,0,,0,,,False,False
conditional,19,1,0,,0,,,False,False
conditional,19,2,0,,0,,,False,False
conditional,19,3,0,,0,,,False,False
conditional,19,4,0,,0,,,False,False
conditional,19,5,0,,0,,,False,False
conditional,19,6,0,,0,,,False,False
conditional,19,7,2,"tcn,transformer",2,"tcn,transformer",,True,False
conditional,19,8,0,,3,"gru,tcn,transformer","gru,tcn,transformer",False,False
conditional,19,9,0,,0,,,False,False
conditional,19,10,0,,0,,,False,False
conditional,19,11,0,,0,,,False,False
conditional,20,1,0,,0,,,False,False
conditional,20,2,0,,0,,,False,False
conditional,20,3,0,,0,,,False,False
conditional,20,4,0,,0,,,False,False
conditional,20,5,0,,0,,,False,False
conditional,20,6,0,,0,,,False,False
conditional,20,7,0,,0,,,False,False
conditional,20,8,0,,0,,,False,False
conditional,20,9,0,,0,,,False,False
conditional,20,10,0,,0,,,False,False
conditional,20,11,0,,0,,,False,False
conditional,21,1,0,,0,,,False,False
conditional,21,2,0,,0,,,False,False
conditional,21,3,0,,0,,,False,False
conditional,21,4,0,,0,,,False,False
conditional,21,5,0,,0,,,False,False
conditional,21,6,0,,0,,,False,False
conditional,21,7,0,,0,,,False,False
conditional,21,8,0,,0,,,False,False
conditional,21,9,0,,0,,,False,False
conditional,21,10,0,,0,,,False,False
conditional,21,11,0,,0,,,False,False
conditional,22,1,0,,0,,,False,False
conditional,22,2,0,,0,,,False,False
conditional,22,3,0,,0,,,False,False
conditional,22,4,0,,0,,,False,False
conditional,22,5,0,,0,,,False,False
conditional,22,6,0,,0,,,False,False
conditional,22,7,0,,0,,,False,False
conditional,22,8,0,,0,,,False,False
conditional,22,9,0,,0,,,False,False
conditional,22,10,0,,0,,,False,False
conditional,22,11,0,,0,,,False,False
conditional,23,1,0,,0,,,False,False
conditional,23,2,0,,0,,,False,False
conditional,23,3,2,"tcn,transformer",3,"gru,tcn,transformer",gru,True,False
conditional,23,4,0,,0,,,False,False
conditional,23,5,0,,0,,,False,False
conditional,23,6,0,,0,,,False,False
conditional,23,7,0,,0,,,False,False
conditional,23,8,0,,0,,,False,False
conditional,23,9,0,,0,,,False,False
conditional,23,10,0,,0,,,False,False
conditional,23,11,0,,0,,,False,False
conditional,24,1,0,,0,,,False,False
conditional,24,2,0,,0,,,False,False
conditional,24,3,0,,0,,,False,False
conditional,24,4,0,,0,,,False,False
conditional,24,5,0,,0,,,False,False
conditional,24,6,0,,0,,,False,False
conditional,24,7,0,,0,,,False,False
conditional,24,8,0,,0,,,False,False
conditional,24,9,0,,0,,,False,False
conditional,24,10,0,,0,,,False,False
conditional,24,11,0,,0,,,False,False
conditional,25,1,0,,0,,,False,False
conditional,25,2,0,,1,gru,gru,False,False
conditional,25,3,0,,0,,,False,False
conditional,25,4,0,,0,,,False,False
conditional,25,5,0,,0,,,False,False
conditional,25,6,0,,0,,,False,False
conditional,25,7,0,,0,,,False,False
conditional,25,8,0,,0,,,False,False
conditional,25,9,0,,0,,,False,False
conditional,25,10,0,,0,,,False,False
conditional,25,11,0,,0,,,False,False
conditional,26,1,0,,0,,,False,False
conditional,26,2,0,,0,,,False,False
conditional,26,3,0,,0,,,False,False
conditional,26,4,2,"tcn,transformer",3,"gru,tcn,transformer",gru,True,False
conditional,26,5,0,,0,,,False,False
conditional,26,6,0,,0,,,False,False
conditional,26,7,0,,0,,,False,False
conditional,26,8,0,,0,,,False,False
conditional,26,9,0,,0,,,False,False
conditional,26,10,0,,0,,,False,False
conditional,26,11,0,,0,,,False,False
conditional,27,1,0,,0,,,False,False
conditional,27,2,0,,0,,,False,False
conditional,27,3,0,,0,,,False,False
conditional,27,4,0,,0,,,False,False
conditional,27,5,0,,0,,,False,False
conditional,27,6,0,,0,,,False,False
conditional,27,7,0,,0,,,False,False
conditional,27,8,0,,0,,,False,False
conditional,27,9,0,,0,,,False,False
conditional,27,10,0,,1,gru,gru,False,False
conditional,27,11,0,,0,,,False,False
conditional,28,1,0,,0,,,False,False
conditional,28,2,0,,0,,,False,False
conditional,28,3,0,,0,,,False,False
conditional,28,4,0,,0,,,False,False
conditional,28,5,0,,0,,,False,False
conditional,28,6,0,,0,,,False,False
conditional,28,7,0,,0,,,False,False
conditional,28,8,0,,0,,,False,False
conditional,28,9,0,,0,,,False,False
conditional,28,10,0,,0,,,False,False
conditional,28,11,0,,0,,,False,False
loo_sample,1,1,0,,0,,,False,False
loo_sample,1,2,0,,0,,,False,False
loo_sample,1,3,0,,0,,,False,False
loo_sample,1,4,0,,0,,,False,False
loo_sample,1,5,0,,0,,,False,False
loo_sample,1,6,0,,0,,,False,False
loo_sample,1,7,0,,0,,,False,False
loo_sample,1,8,0,,0,,,False,False
loo_sample,1,9,0,,0,,,False,False
loo_sample,1,10,0,,0,,,False,False
loo_sample,1,11,0,,0,,,False,False
loo_sample,2,1,0,,0,,,False,False
loo_sample,2,2,0,,0,,,False,False
loo_sample,2,3,0,,0,,,False,False
loo_sample,2,4,0,,0,,,False,False
loo_sample,2,5,0,,0,,,False,False
loo_sample,2,6,0,,0,,,False,False
loo_sample,2,7,0,,0,,,False,False
loo_sample,2,8,0,,0,,,False,False
loo_sample,2,9,0,,0,,,False,False
loo_sample,2,10,0,,0,,,False,False
loo_sample,2,11,0,,0,,,False,False
loo_sample,3,1,0,,0,,,False,False
loo_sample,3,2,0,,0,,,False,False
loo_sample,3,3,0,,0,,,False,False
loo_sample,3,4,0,,0,,,False,False
loo_sample,3,5,0,,0,,,False,False
loo_sample,3,6,0,,0,,,False,False
loo_sample,3,7,0,,0,,,False,False
loo_sample,3,8,0,,0,,,False,False
loo_sample,3,9,0,,0,,,False,False
loo_sample,3,10,0,,0,,,False,False
loo_sample,3,11,0,,0,,,False,False
loo_sample,4,1,0,,0,,,False,False
loo_sample,4,2,0,,0,,,False,False
loo_sample,4,3,0,,0,,,False,False
loo_sample,4,4,0,,0,,,False,False
loo_sample,4,5,0,,0,,,False,False
loo_sample,4,6,0,,0,,,False,False
loo_sample,4,7,0,,0,,,False,False
loo_sample,4,8,0,,0,,,False,False
loo_sample,4,9,0,,0,,,False,False
loo_sample,4,10,2,"tcn,transformer",2,"tcn,transformer",,True,False
loo_sample,4,11,0,,0,,,False,False
loo_sample,5,1,0,,0,,,False,False
loo_sample,5,2,0,,0,,,False,False
loo_sample,5,3,0,,0,,,False,False
loo_sample,5,4,0,,0,,,False,False
loo_sample,5,5,0,,0,,,False,False
loo_sample,5,6,0,,0,,,False,False
loo_sample,5,7,0,,0,,,False,False
loo_sample,5,8,0,,0,,,False,False
loo_sample,5,9,0,,0,,,False,False
loo_sample,5,10,0,,0,,,False,False
loo_sample,5,11,0,,0,,,False,False
loo_sample,6,1,0,,0,,,False,False
loo_sample,6,2,0,,0,,,False,False
loo_sample,6,3,0,,0,,,False,False
loo_sample,6,4,0,,0,,,False,False
loo_sample,6,5,0,,0,,,False,False
loo_sample,6,6,0,,0,,,False,False
loo_sample,6,7,0,,0,,,False,False
loo_sample,6,8,0,,0,,,False,False
loo_sample,6,9,0,,0,,,False,False
loo_sample,6,10,0,,0,,,False,False
loo_sample,6,11,0,,0,,,False,False
loo_sample,7,1,0,,0,,,False,False
loo_sample,7,2,0,,0,,,False,False
loo_sample,7,3,0,,0,,,False,False
loo_sample,7,4,0,,2,"tcn,transformer","tcn,transformer",False,False
loo_sample,7,5,0,,0,,,False,False
loo_sample,7,6,0,,0,,,False,False
loo_sample,7,7,0,,0,,,False,False
loo_sample,7,8,0,,0,,,False,False
loo_sample,7,9,0,,0,,,False,False
loo_sample,7,10,0,,0,,,False,False
loo_sample,7,11,0,,0,,,False,False
loo_sample,8,1,0,,0,,,False,False
loo_sample,8,2,0,,0,,,False,False
loo_sample,8,3,0,,0,,,False,False
loo_sample,8,4,0,,0,,,False,False
loo_sample,8,5,0,,0,,,False,False
loo_sample,8,6,0,,0,,,False,False
loo_sample,8,7,0,,0,,,False,False
loo_sample,8,8,0,,0,,,False,False
loo_sample,8,9,0,,0,,,False,False
loo_sample,8,10,0,,0,,,False,False
loo_sample,8,11,0,,0,,,False,False
loo_sample,9,1,0,,0,,,False,False
loo_sample,9,2,0,,0,,,False,False
loo_sample,9,3,0,,0,,,False,False
loo_sample,9,4,0,,0,,,False,False
loo_sample,9,5,0,,0,,,False,False
loo_sample,9,6,0,,0,,,False,False
loo_sample,9,7,0,,0,,,False,False
loo_sample,9,8,0,,0,,,False,False
loo_sample,9,9,0,,0,,,False,False
loo_sample,9,10,0,,0,,,False,False
loo_sample,9,11,0,,0,,,False,False
loo_sample,10,1,0,,0,,,False,False
loo_sample,10,2,0,,0,,,False,False
loo_sample,10,3,0,,0,,,False,False
loo_sample,10,4,0,,0,,,False,False
loo_sample,10,5,0,,0,,,False,False
loo_sample,10,6,0,,0,,,False,False
loo_sample,10,7,0,,0,,,False,False
loo_sample,10,8,0,,0,,,False,False
loo_sample,10,9,0,,0,,,False,False
loo_sample,10,10,0,,0,,,False,False
loo_sample,10,11,0,,0,,,False,False
loo_sample,11,1,0,,0,,,False,False
loo_sample,11,2,0,,0,,,False,False
loo_sample,11,3,0,,0,,,False,False
loo_sample,11,4,0,,0,,,False,False
loo_sample,11,5,0,,0,,,False,False
loo_sample,11,6,0,,0,,,False,False
loo_sample,11,7,0,,0,,,False,False
loo_sample,11,8,0,,0,,,False,False
loo_sample,11,9,0,,0,,,False,False
loo_sample,11,10,0,,0,,,False,False
loo_sample,11,11,0,,0,,,False,False
loo_sample,12,1,0,,0,,,False,False
loo_sample,12,2,0,,0,,,False,False
loo_sample,12,3,0,,0,,,False,False
loo_sample,12,4,0,,0,,,False,False
loo_sample,12,5,0,,0,,,False,False
loo_sample,12,6,0,,0,,,False,False
loo_sample,12,7,0,,0,,,False,False
loo_sample,12,8,0,,0,,,False,False
loo_sample,12,9,0,,0,,,False,False
loo_sample,12,10,0,,0,,,False,False
loo_sample,12,11,0,,0,,,False,False
loo_sample,13,1,0,,0,,,False,False
loo_sample,13,2,0,,0,,,False,False
loo_sample,13,3,0,,0,,,False,False
loo_sample,13,4,0,,0,,,False,False
loo_sample,13,5,0,,0,,,False,False
loo_sample,13,6,0,,0,,,False,False
loo_sample,13,7,0,,0,,,False,False
loo_sample,13,8,0,,0,,,False,False
loo_sample,13,9,0,,0,,,False,False
loo_sample,13,10,0,,0,,,False,False
loo_sample,13,11,0,,0,,,False,False
loo_sample,14,1,0,,0,,,False,False
loo_sample,14,2,0,,0,,,False,False
loo_sample,14,3,0,,0,,,False,False
loo_sample,14,4,0,,0,,,False,False
loo_sample,14,5,0,,0,,,False,False
loo_sample,14,6,0,,0,,,False,False
loo_sample,14,7,0,,0,,,False,False
loo_sample,14,8,0,,0,,,False,False
loo_sample,14,9,0,,0,,,False,False
loo_sample,14,10,0,,0,,,False,False
loo_sample,14,11,0,,0,,,False,False
loo_sample,15,1,0,,0,,,False,False
loo_sample,15,2,0,,0,,,False,False
loo_sample,15,3,0,,0,,,False,False
loo_sample,15,4,0,,0,,,False,False
loo_sample,15,5,0,,0,,,False,False
loo_sample,15,6,0,,0,,,False,False
loo_sample,15,7,0,,0,,,False,False
loo_sample,15,8,0,,0,,,False,False
loo_sample,15,9,0,,0,,,False,False
loo_sample,15,10,0,,0,,,False,False
loo_sample,15,11,0,,0,,,False,False
loo_sample,16,1,0,,0,,,False,False
loo_sample,16,2,0,,0,,,False,False
loo_sample,16,3,0,,0,,,False,False
loo_sample,16,4,0,,0,,,False,False
loo_sample,16,5,0,,0,,,False,False
loo_sample,16,6,0,,0,,,False,False
loo_sample,16,7,0,,0,,,False,False
loo_sample,16,8,0,,0,,,False,False
loo_sample,16,9,0,,0,,,False,False
loo_sample,16,10,0,,0,,,False,False
loo_sample,16,11,0,,0,,,False,False
loo_sample,17,1,0,,0,,,False,False
loo_sample,17,2,0,,0,,,False,False
loo_sample,17,3,0,,0,,,False,False
loo_sample,17,4,0,,0,,,False,False
loo_sample,17,5,0,,0,,,False,False
loo_sample,17,6,0,,0,,,False,False
loo_sample,17,7,0,,0,,,False,False
loo_sample,17,8,0,,0,,,False,False
loo_sample,17,9,0,,0,,,False,False
loo_sample,17,10,0,,0,,,False,False
loo_sample,17,11,0,,0,,,False,False
loo_sample,18,1,0,,0,,,False,False
loo_sample,18,2,0,,0,,,False,False
loo_sample,18,3,0,,0,,,False,False
loo_sample,18,4,0,,0,,,False,False
loo_sample,18,5,0,,0,,,False,False
loo_sample,18,6,0,,0,,,False,False
loo_sample,18,7,0,,0,,,False,False
loo_sample,18,8,0,,0,,,False,False
loo_sample,18,9,0,,0,,,False,False
loo_sample,18,10,0,,0,,,False,False
loo_sample,18,11,0,,0,,,False,False
loo_sample,19,1,0,,0,,,False,False
loo_sample,19,2,0,,0,,,False,False
loo_sample,19,3,0,,0,,,False,False
loo_sample,19,4,0,,0,,,False,False
loo_sample,19,5,0,,0,,,False,False
loo_sample,19,6,0,,0,,,False,False
loo_sample,19,7,2,"tcn,transformer",2,"tcn,transformer",,True,False
loo_sample,19,8,2,"tcn,transformer",2,"tcn,transformer",,True,False
loo_sample,19,9,0,,0,,,False,False
loo_sample,19,10,0,,0,,,False,False
loo_sample,19,11,0,,0,,,False,False
loo_sample,20,1,0,,0,,,False,False
loo_sample,20,2,0,,0,,,False,False
loo_sample,20,3,0,,0,,,False,False
loo_sample,20,4,0,,0,,,False,False
loo_sample,20,5,0,,0,,,False,False
loo_sample,20,6,0,,0,,,False,False
loo_sample,20,7,0,,0,,,False,False
loo_sample,20,8,0,,0,,,False,False
loo_sample,20,9,0,,0,,,False,False
loo_sample,20,10,0,,0,,,False,False
loo_sample,20,11,0,,0,,,False,False
loo_sample,21,1,0,,0,,,False,False
loo_sample,21,2,0,,0,,,False,False
loo_sample,21,3,0,,0,,,False,False
loo_sample,21,4,0,,0,,,False,False
loo_sample,21,5,0,,0,,,False,False
loo_sample,21,6,0,,0,,,False,False
loo_sample,21,7,0,,0,,,False,False
loo_sample,21,8,0,,0,,,False,False
loo_sample,21,9,0,,0,,,False,False
loo_sample,21,10,0,,0,,,False,False
loo_sample,21,11,0,,0,,,False,False
loo_sample,22,1,0,,0,,,False,False
loo_sample,22,2,0,,0,,,False,False
loo_sample,22,3,0,,0,,,False,False
loo_sample,22,4,0,,0,,,False,False
loo_sample,22,5,0,,0,,,False,False
loo_sample,22,6,0,,0,,,False,False
loo_sample,22,7,0,,0,,,False,False
loo_sample,22,8,0,,0,,,False,False
loo_sample,22,9,0,,0,,,False,False
loo_sample,22,10,0,,0,,,False,False
loo_sample,22,11,0,,0,,,False,False
loo_sample,23,1,0,,0,,,False,False
loo_sample,23,2,0,,0,,,False,False
loo_sample,23,3,2,"tcn,transformer",2,"tcn,transformer",,True,False
loo_sample,23,4,0,,0,,,False,False
loo_sample,23,5,0,,0,,,False,False
loo_sample,23,6,0,,0,,,False,False
loo_sample,23,7,0,,0,,,False,False
loo_sample,23,8,0,,0,,,False,False
loo_sample,23,9,0,,0,,,False,False
loo_sample,23,10,0,,0,,,False,False
loo_sample,23,11,0,,0,,,False,False
loo_sample,24,1,2,"tcn,transformer",2,"tcn,transformer",,True,False
loo_sample,24,2,0,,0,,,False,False
loo_sample,24,3,0,,0,,,False,False
loo_sample,24,4,0,,0,,,False,False
loo_sample,24,5,0,,0,,,False,False
loo_sample,24,6,0,,0,,,False,False
loo_sample,24,7,0,,0,,,False,False
loo_sample,24,8,0,,0,,,False,False
loo_sample,24,9,0,,0,,,False,False
loo_sample,24,10,0,,0,,,False,False
loo_sample,24,11,0,,0,,,False,False
loo_sample,25,1,0,,0,,,False,False
loo_sample,25,2,2,"tcn,transformer",2,"tcn,transformer",,True,False
loo_sample,25,3,0,,0,,,False,False
loo_sample,25,4,0,,0,,,False,False
loo_sample,25,5,0,,0,,,False,False
loo_sample,25,6,0,,0,,,False,False
loo_sample,25,7,0,,0,,,False,False
loo_sample,25,8,0,,0,,,False,False
loo_sample,25,9,0,,0,,,False,False
loo_sample,25,10,0,,0,,,False,False
loo_sample,25,11,0,,0,,,False,False
loo_sample,26,1,0,,0,,,False,False
loo_sample,26,2,0,,0,,,False,False
loo_sample,26,3,0,,0,,,False,False
loo_sample,26,4,0,,2,"tcn,transformer","tcn,transformer",False,False
loo_sample,26,5,0,,0,,,False,False
loo_sample,26,6,0,,0,,,False,False
loo_sample,26,7,0,,0,,,False,False
loo_sample,26,8,0,,0,,,False,False
loo_sample,26,9,0,,0,,,False,False
loo_sample,26,10,0,,0,,,False,False
loo_sample,26,11,0,,0,,,False,False
loo_sample,27,1,0,,0,,,False,False
loo_sample,27,2,0,,0,,,False,False
loo_sample,27,3,0,,0,,,False,False
loo_sample,27,4,0,,0,,,False,False
loo_sample,27,5,0,,0,,,False,False
loo_sample,27,6,0,,0,,,False,False
loo_sample,27,7,0,,0,,,False,False
loo_sample,27,8,0,,0,,,False,False
loo_sample,27,9,0,,0,,,False,False
loo_sample,27,10,0,,0,,,False,False
loo_sample,27,11,0,,0,,,False,False
loo_sample,28,1,0,,0,,,False,False
loo_sample,28,2,0,,0,,,False,False
loo_sample,28,3,0,,0,,,False,False
loo_sample,28,4,0,,0,,,False,False
loo_sample,28,5,0,,0,,,False,False
loo_sample,28,6,0,,0,,,False,False
loo_sample,28,7,0,,0,,,False,False
loo_sample,28,8,0,,0,,,False,False
loo_sample,28,9,0,,0,,,False,False
loo_sample,28,10,0,,0,,,False,False
loo_sample,28,11,0,,0,,,False,False
zero,1,1,0,,0,,,False,False
zero,1,2,0,,0,,,False,False
zero,1,3,0,,0,,,False,False
zero,1,4,0,,0,,,False,False
zero,1,5,0,,0,,,False,False
zero,1,6,0,,0,,,False,False
zero,1,7,0,,0,,,False,False
zero,1,8,0,,0,,,False,False
zero,1,9,0,,0,,,False,False
zero,1,10,0,,0,,,False,False
zero,1,11,0,,0,,,False,False
zero,2,1,0,,0,,,False,False
zero,2,2,0,,0,,,False,False
zero,2,3,0,,0,,,False,False
zero,2,4,0,,0,,,False,False
zero,2,5,0,,0,,,False,False
zero,2,6,0,,0,,,False,False
zero,2,7,0,,0,,,False,False
zero,2,8,0,,0,,,False,False
zero,2,9,0,,0,,,False,False
zero,2,10,0,,0,,,False,False
zero,2,11,0,,0,,,False,False
zero,3,1,0,,0,,,False,False
zero,3,2,0,,0,,,False,False
zero,3,3,0,,0,,,False,False
zero,3,4,0,,0,,,False,False
zero,3,5,0,,0,,,False,False
zero,3,6,0,,0,,,False,False
zero,3,7,0,,0,,,False,False
zero,3,8,0,,0,,,False,False
zero,3,9,0,,0,,,False,False
zero,3,10,0,,0,,,False,False
zero,3,11,0,,0,,,False,False
zero,4,1,0,,0,,,False,False
zero,4,2,0,,0,,,False,False
zero,4,3,0,,0,,,False,False
zero,4,4,0,,0,,,False,False
zero,4,5,0,,0,,,False,False
zero,4,6,0,,0,,,False,False
zero,4,7,0,,0,,,False,False
zero,4,8,0,,0,,,False,False
zero,4,9,0,,0,,,False,False
zero,4,10,2,"tcn,transformer",3,"gru,tcn,transformer",gru,True,False
zero,4,11,0,,0,,,False,False
zero,5,1,0,,0,,,False,False
zero,5,2,0,,0,,,False,False
zero,5,3,0,,0,,,False,False
zero,5,4,0,,0,,,False,False
zero,5,5,0,,0,,,False,False
zero,5,6,0,,0,,,False,False
zero,5,7,0,,0,,,False,False
zero,5,8,0,,0,,,False,False
zero,5,9,0,,0,,,False,False
zero,5,10,0,,0,,,False,False
zero,5,11,0,,0,,,False,False
zero,6,1,0,,0,,,False,False
zero,6,2,0,,0,,,False,False
zero,6,3,0,,0,,,False,False
zero,6,4,0,,0,,,False,False
zero,6,5,0,,0,,,False,False
zero,6,6,0,,0,,,False,False
zero,6,7,0,,0,,,False,False
zero,6,8,0,,0,,,False,False
zero,6,9,0,,0,,,False,False
zero,6,10,0,,0,,,False,False
zero,6,11,0,,0,,,False,False
zero,7,1,0,,0,,,False,False
zero,7,2,0,,0,,,False,False
zero,7,3,0,,0,,,False,False
zero,7,4,2,"tcn,transformer",3,"gru,tcn,transformer",gru,True,False
zero,7,5,0,,0,,,False,False
zero,7,6,0,,0,,,False,False
zero,7,7,0,,0,,,False,False
zero,7,8,0,,0,,,False,False
zero,7,9,0,,0,,,False,False
zero,7,10,0,,0,,,False,False
zero,7,11,0,,0,,,False,False
zero,8,1,0,,0,,,False,False
zero,8,2,0,,0,,,False,False
zero,8,3,0,,0,,,False,False
zero,8,4,0,,0,,,False,False
zero,8,5,0,,0,,,False,False
zero,8,6,0,,0,,,False,False
zero,8,7,0,,0,,,False,False
zero,8,8,0,,0,,,False,False
zero,8,9,0,,0,,,False,False
zero,8,10,0,,0,,,False,False
zero,8,11,0,,0,,,False,False
zero,9,1,0,,0,,,False,False
zero,9,2,0,,0,,,False,False
zero,9,3,0,,0,,,False,False
zero,9,4,0,,0,,,False,False
zero,9,5,0,,0,,,False,False
zero,9,6,0,,0,,,False,False
zero,9,7,0,,0,,,False,False
zero,9,8,0,,0,,,False,False
zero,9,9,0,,0,,,False,False
zero,9,10,0,,0,,,False,False
zero,9,11,0,,0,,,False,False
zero,10,1,0,,0,,,False,False
zero,10,2,0,,0,,,False,False
zero,10,3,0,,0,,,False,False
zero,10,4,0,,0,,,False,False
zero,10,5,0,,0,,,False,False
zero,10,6,0,,0,,,False,False
zero,10,7,0,,0,,,False,False
zero,10,8,0,,0,,,False,False
zero,10,9,0,,0,,,False,False
zero,10,10,0,,0,,,False,False
zero,10,11,0,,0,,,False,False
zero,11,1,0,,0,,,False,False
zero,11,2,0,,0,,,False,False
zero,11,3,0,,0,,,False,False
zero,11,4,0,,0,,,False,False
zero,11,5,0,,0,,,False,False
zero,11,6,0,,0,,,False,False
zero,11,7,0,,0,,,False,False
zero,11,8,0,,0,,,False,False
zero,11,9,0,,0,,,False,False
zero,11,10,0,,1,gru,gru,False,False
zero,11,11,0,,0,,,False,False
zero,12,1,1,transformer,1,transformer,,False,False
zero,12,2,1,transformer,2,"gru,transformer",gru,False,False
zero,12,3,0,,0,,,False,False
zero,12,4,0,,0,,,False,False
zero,12,5,0,,0,,,False,False
zero,12,6,0,,0,,,False,False
zero,12,7,0,,0,,,False,False
zero,12,8,0,,0,,,False,False
zero,12,9,0,,0,,,False,False
zero,12,10,0,,0,,,False,False
zero,12,11,0,,0,,,False,False
zero,13,1,0,,0,,,False,False
zero,13,2,0,,0,,,False,False
zero,13,3,0,,0,,,False,False
zero,13,4,0,,0,,,False,False
zero,13,5,0,,0,,,False,False
zero,13,6,0,,0,,,False,False
zero,13,7,0,,0,,,False,False
zero,13,8,0,,0,,,False,False
zero,13,9,0,,0,,,False,False
zero,13,10,0,,0,,,False,False
zero,13,11,0,,0,,,False,False
zero,14,1,0,,0,,,False,False
zero,14,2,0,,0,,,False,False
zero,14,3,0,,0,,,False,False
zero,14,4,0,,0,,,False,False
zero,14,5,0,,0,,,False,False
zero,14,6,0,,0,,,False,False
zero,14,7,0,,0,,,False,False
zero,14,8,0,,0,,,False,False
zero,14,9,0,,0,,,False,False
zero,14,10,0,,0,,,False,False
zero,14,11,0,,0,,,False,False
zero,15,1,0,,0,,,False,False
zero,15,2,0,,0,,,False,False
zero,15,3,0,,0,,,False,False
zero,15,4,0,,0,,,False,False
zero,15,5,0,,0,,,False,False
zero,15,6,0,,0,,,False,False
zero,15,7,0,,0,,,False,False
zero,15,8,0,,0,,,False,False
zero,15,9,0,,0,,,False,False
zero,15,10,0,,0,,,False,False
zero,15,11,0,,0,,,False,False
zero,16,1,0,,0,,,False,False
zero,16,2,0,,0,,,False,False
zero,16,3,0,,0,,,False,False
zero,16,4,0,,0,,,False,False
zero,16,5,0,,0,,,False,False
zero,16,6,0,,0,,,False,False
zero,16,7,0,,0,,,False,False
zero,16,8,0,,0,,,False,False
zero,16,9,0,,0,,,False,False
zero,16,10,0,,0,,,False,False
zero,16,11,0,,0,,,False,False
zero,17,1,0,,0,,,False,False
zero,17,2,0,,0,,,False,False
zero,17,3,0,,0,,,False,False
zero,17,4,0,,0,,,False,False
zero,17,5,0,,0,,,False,False
zero,17,6,0,,0,,,False,False
zero,17,7,0,,0,,,False,False
zero,17,8,0,,0,,,False,False
zero,17,9,0,,0,,,False,False
zero,17,10,0,,0,,,False,False
zero,17,11,0,,0,,,False,False
zero,18,1,0,,0,,,False,False
zero,18,2,0,,0,,,False,False
zero,18,3,0,,0,,,False,False
zero,18,4,0,,0,,,False,False
zero,18,5,0,,0,,,False,False
zero,18,6,0,,0,,,False,False
zero,18,7,0,,0,,,False,False
zero,18,8,0,,0,,,False,False
zero,18,9,0,,0,,,False,False
zero,18,10,0,,0,,,False,False
zero,18,11,0,,0,,,False,False
zero,19,1,0,,0,,,False,False
zero,19,2,0,,0,,,False,False
zero,19,3,0,,0,,,False,False
zero,19,4,0,,0,,,False,False
zero,19,5,0,,0,,,False,False
zero,19,6,0,,0,,,False,False
zero,19,7,2,"tcn,transformer",3,"gru,tcn,transformer",gru,True,False
zero,19,8,2,"tcn,transformer",3,"gru,tcn,transformer",gru,True,False
zero,19,9,0,,0,,,False,False
zero,19,10,0,,0,,,False,False
zero,19,11,0,,0,,,False,False
zero,20,1,0,,0,,,False,False
zero,20,2,0,,0,,,False,False
zero,20,3,0,,0,,,False,False
zero,20,4,0,,0,,,False,False
zero,20,5,0,,0,,,False,False
zero,20,6,0,,0,,,False,False
zero,20,7,0,,0,,,False,False
zero,20,8,0,,0,,,False,False
zero,20,9,0,,0,,,False,False
zero,20,10,0,,0,,,False,False
zero,20,11,0,,0,,,False,False
zero,21,1,0,,0,,,False,False
zero,21,2,0,,0,,,False,False
zero,21,3,0,,0,,,False,False
zero,21,4,0,,0,,,False,False
zero,21,5,0,,0,,,False,False
zero,21,6,0,,0,,,False,False
zero,21,7,0,,0,,,False,False
zero,21,8,0,,0,,,False,False
zero,21,9,0,,0,,,False,False
zero,21,10,0,,0,,,False,False
zero,21,11,0,,0,,,False,False
zero,22,1,0,,0,,,False,False
zero,22,2,0,,0,,,False,False
zero,22,3,0,,0,,,False,False
zero,22,4,0,,0,,,False,False
zero,22,5,0,,0,,,False,False
zero,22,6,0,,0,,,False,False
zero,22,7,0,,0,,,False,False
zero,22,8,0,,0,,,False,False
zero,22,9,0,,0,,,False,False
zero,22,10,0,,0,,,False,False
zero,22,11,0,,0,,,False,False
zero,23,1,0,,0,,,False,False
zero,23,2,0,,0,,,False,False
zero,23,3,2,"tcn,transformer",3,"gru,tcn,transformer",gru,True,False
zero,23,4,0,,0,,,False,False
zero,23,5,0,,0,,,False,False
zero,23,6,0,,0,,,False,False
zero,23,7,0,,0,,,False,False
zero,23,8,0,,0,,,False,False
zero,23,9,0,,0,,,False,False
zero,23,10,0,,0,,,False,False
zero,23,11,0,,0,,,False,False
zero,24,1,2,"tcn,transformer",3,"gru,tcn,transformer",gru,True,False
zero,24,2,0,,0,,,False,False
zero,24,3,0,,0,,,False,False
zero,24,4,0,,0,,,False,False
zero,24,5,0,,0,,,False,False
zero,24,6,0,,0,,,False,False
zero,24,7,0,,0,,,False,False
zero,24,8,0,,0,,,False,False
zero,24,9,0,,0,,,False,False
zero,24,10,0,,0,,,False,False
zero,24,11,0,,0,,,False,False
zero,25,1,0,,0,,,False,False
zero,25,2,2,"tcn,transformer",3,"gru,tcn,transformer",gru,True,False
zero,25,3,0,,0,,,False,False
zero,25,4,0,,0,,,False,False
zero,25,5,0,,0,,,False,False
zero,25,6,0,,0,,,False,False
zero,25,7,0,,0,,,False,False
zero,25,8,0,,0,,,False,False
zero,25,9,0,,0,,,False,False
zero,25,10,0,,0,,,False,False
zero,25,11,0,,0,,,False,False
zero,26,1,0,,0,,,False,False
zero,26,2,0,,0,,,False,False
zero,26,3,0,,0,,,False,False
zero,26,4,2,"tcn,transformer",3,"gru,tcn,transformer",gru,True,False
zero,26,5,0,,0,,,False,False
zero,26,6,0,,0,,,False,False
zero,26,7,0,,0,,,False,False
zero,26,8,0,,0,,,False,False
zero,26,9,0,,0,,,False,False
zero,26,10,0,,0,,,False,False
zero,26,11,0,,0,,,False,False
zero,27,1,0,,0,,,False,False
zero,27,2,0,,0,,,False,False
zero,27,3,0,,0,,,False,False
zero,27,4,0,,0,,,False,False
zero,27,5,0,,0,,,False,False
zero,27,6,0,,0,,,False,False
zero,27,7,0,,0,,,False,False
zero,27,8,0,,0,,,False,False
zero,27,9,0,,0,,,False,False
zero,27,10,0,,1,gru,gru,False,False
zero,27,11,0,,0,,,False,False
zero,28,1,0,,0,,,False,False
zero,28,2,0,,0,,,False,False
zero,28,3,0,,0,,,False,False
zero,28,4,0,,0,,,False,False
zero,28,5,0,,0,,,False,False
zero,28,6,0,,0,,,False,False
zero,28,7,0,,0,,,False,False
zero,28,8,0,,0,,,False,False
zero,28,9,0,,0,,,False,False
zero,28,10,0,,0,,,False,False
zero,28,11,0,,0,,,False,False
