run_index,run_id,fault_id,split,n_samples,fault_onset
0,1334009671,1,train,2000,600
1,1304813854,1,train,2000,600
2,1275562793,1,train,2000,600
3,1229495724,1,train,2000,600
4,1217066907,1,train,2000,600
5,1254902210,1,validation,2000,600
6,1259217909,1,validation,2000,600
7,1079141576,1,train,2000,600
8,1099960063,1,train,2000,600
9,4143796757,1,train,2000,600
10,4148115490,1,train,2000,600
11,4118382203,1,train,2000,600
12,4105956428,1,train,2000,600
13,4059364041,1,train,2000,600
14,4030107902,1,validation,2000,600
15,4067438247,1,train,2000,600
16,4088546448,1,train,2000,600
17,4176348077,1,train,2000,600
18,4180437402,1,train,2000,600
19,3829988859,1,train,2000,600
20,3851065292,1,train,2000,600
21,3888916885,1,train,2000,600
22,3859694498,1,train,2000,600
23,3812709671,1,train,2000,600
24,3800252176,1,train,2000,600
25,3771040073,1,train,2000,600
26,3775392638,1,train,2000,600
27,3931876419,1,train,2000,600
28,3952723572,1,train,2000,600
29,1559534238,1,validation,2000,600
30,1563881641,1,train,2000,600
31,1601195760,1,train,2000,600
32,1588733127,1,train,2000,600
33,1543320130,1,train,2000,600
34,1514100853,1,train,2000,600
35,1484383788,1,train,2000,600
36,1505463323,1,train,2000,600
37,1390922534,1,train,2000,600
38,1394974993,1,train,2000,600
39,3240337959,1,validation,2000,600
40,3236022288,1,train,2000,600
41,3265754697,1,train,2000,600
42,3278183550,1,train,2000,600
43,3324644091,1,validation,2000,600
44,3353895116,1,train,2000,600
45,3316571797,1,train,2000,600
46,3295458466,1,train,2000,600
47,3476091807,1,train,2000,600
48,3472005544,1,train,2000,600
49,2040513858,1,train,2000,600
50,2019405685,1,validation,2000,600
51,2048594220,1,validation,2000,600
52,2077850395,1,train,2000,600
53,2123787678,1,train,2000,600
54,2136213417,1,train,2000,600
55,2098379248,1,train,2000,600
56,2094060487,1,validation,2000,600
57,2005701882,1,train,2000,600
58,1984888525,1,train,2000,600
59,1797941932,1,validation,2000,600
60,1793589403,1,validation,2000,600
61,1756282562,1,train,2000,600
62,1768740085,1,validation,2000,600
63,1814282864,1,train,2000,600
64,1843505223,1,train,2000,600
65,1873221150,1,train,2000,600
66,1852144681,1,train,2000,600
67,1698249492,1,train,2000,600
68,1694191907,1,validation,2000,600
69,3549826505,1,train,2000,600
70,3528747006,1,train,2000,600
71,3490896295,1,train,2000,600
72,3520115600,1,train,2000,600
73,3567232277,1,validation,2000,600
74,3579694882,1,validation,2000,600
75,3608899963,1,train,2000,600
76,3604552524,1,train,2000,600
77,3716504689,1,train,2000,600
78,3695654470,1,validation,2000,600
79,2348096927,1,train,2000,600
80,2318890920,1,test,2000,600
81,2289158641,1,test,2000,600
82,2310251462,1,test,2000,600
83,2365371715,1,test,2000,600
84,2369707892,1,test,2000,600
85,2407031085,1,test,2000,600
86,2394557210,1,test,2000,600
87,2246462503,1,test,2000,600
88,2216961552,1,test,2000,600
89,860453626,1,test,2000,600
90,847974605,1,test,2000,600
91,818785940,1,test,2000,600
92,823116963,1,test,2000,600
93,876663334,1,test,2000,600
94,897759249,1,test,2000,600
95,935593544,1,test,2000,600
96,906390655,1,test,2000,600
97,1029319490,1,test,2000,600
98,1016611189,1,test,2000,600
99,1931549888,1,test,2000,600
100,3599372029,2,train,2000,600
101,3570184356,2,train,2000,600
102,3574520467,2,train,2000,600
103,3493973014,2,train,2000,600
104,3515065889,2,validation,2000,600
105,3552909432,2,validation,2000,600
106,3523703375,2,validation,2000,600
107,3646633330,2,train,2000,600
108,3633930053,2,train,2000,600
109,1878262703,2,train,2000,600
110,1849059736,2,train,2000,600
111,1819334593,2,train,2000,600
112,1840430582,2,validation,2000,600
113,1761454963,2,train,2000,600
114,1765785924,2,validation,2000,600
115,1803124509,2,train,2000,600
116,1790645546,2,train,2000,600
117,1642549783,2,train,2000,600
118,1613051936,2,train,2000,600
119,2101455937,2,validation,2000,600
120,2089010806,2,train,2000,600
121,2126870575,2,train,2000,600
122,2131169816,2,train,2000,600
123,2051540125,2,train,2000,600
124,2072669866,2,train,2000,600
125,2043465971,2,train,2000,600
126,2014231236,2,train,2000,600
127,1934818809,2,validation,2000,600
128,1922078670,2,train,2000,600
129,3321744164,2,train,2000,600
130,3292504339,2,train,2000,600
131,3329826634,2,train,2000,600
132,3350951293,2,train,2000,600
133,3270796280,2,train,2000,600
134,3275098575,2,train,2000,600
135,3245389718,2,validation,2000,600
136,3232947617,2,train,2000,600
137,3421411996,2,validation,2000,600
138,3391942827,2,train,2000,600
139,1479209885,2,train,2000,600
140,1508415914,2,train,2000,600
141,1538140147,2,train,2000,600
142,1517047236,2,train,2000,600
143,1596152641,2,train,2000,600
144,1591816566,2,train,2000,600
145,1554485039,2,train,2000,600
146,1566958872,2,validation,2000,600
147,1446617637,2,train,2000,600
148,1476118546,2,train,2000,600
149,3767964920,2,train,2000,600
150,3780443855,2,train,2000,600
151,3809624214,2,train,2000,600
152,3805293217,2,train,2000,600
153,3885972516,2,validation,2000,600
154,3864876563,2,train,2000,600
155,3827034186,2,train,2000,600
156,3856237181,2,validation,2000,600
157,4001744192,2,train,2000,600
158,4014452599,2,validation,2000,600
159,4062395158,2,train,2000,600
160,4091629857,2,validation,2000,600
161,4054314872,2,train,2000,600
162,4033185103,2,train,2000,600
163,4113208266,2,train,2000,600
164,4108909053,2,train,2000,600
165,4138616740,2,train,2000,600
166,4151061907,2,train,2000,600
167,4231031470,2,train,2000,600
168,4260495513,2,train,2000,600
169,1251957875,2,validation,2000,600
170,1264399940,2,train,2000,600
171,1226541085,2,train,2000,600
172,1222238762,2,train,2000,600
173,1301738671,2,train,2000,600
174,1280614040,2,train,2000,600
175,1309810881,2,train,2000,600
176,1339050742,2,validation,2000,600
177,1150029259,2,train,2000,600
178,1162766332,2,train,2000,600
179,318524453,2,train,2000,600
180,322840082,2,test,2000,600
181,293115979,2,test,2000,600
182,280687228,2,test,2000,600
183,368436473,2,test,2000,600
184,339185358,2,test,2000,600
185,376516759,2,test,2000,600
186,397630112,2,test,2000,600
187,485432733,2,test,2000,600
188,489519018,2,test,2000,600
189,2856332096,2,test,2000,600
190,2877440375,2,test,2000,600
191,2848259886,2,test,2000,600
192,2819003673,2,test,2000,600
193,2907276188,2,test,2000,600
194,2894850475,2,test,2000,600
195,2932692978,2,test,2000,600
196,2937011653,2,test,2000,600
197,2756934392,2,test,2000,600
198,2777747663,2,test,2000,600
199,3928509818,2,test,2000,600
200,2710388331,3,train,2000,600
201,2748022834,3,train,2000,600
202,2718558725,3,train,2000,600
203,2806447232,3,train,2000,600
204,2793707191,3,train,2000,600
205,2764187886,3,validation,2000,600
206,2768257753,3,train,2000,600
207,2925266404,3,train,2000,600
208,2946396115,3,train,2000,600
209,418591545,3,validation,2000,600
210,422664462,3,train,2000,600
211,460842839,3,train,2000,600
212,448105824,3,train,2000,600
213,536517605,3,train,2000,600
214,507048402,3,validation,2000,600
215,478039947,3,train,2000,600
216,498869692,3,train,2000,600
217,383804033,3,train,2000,600
218,388106422,3,validation,2000,600
219,172399831,3,train,2000,600
220,193263328,3,train,2000,600
221,163727545,3,train,2000,600
222,134226574,3,validation,2000,600
223,223294475,3,validation,2000,600
224,210591292,3,train,2000,600
225,248242277,3,validation,2000,600
226,252283474,3,validation,2000,600
227,72732015,3,validation,2000,600
228,93824856,3,train,2000,600
229,3002792882,3,train,2000,600
230,3006828933,3,train,2000,600
231,2977837020,3,train,2000,600
232,2965128683,3,train,2000,600
233,3052622702,3,validation,2000,600
234,3023124825,3,validation,2000,600
235,3061286656,3,train,2000,600
236,3082153271,3,train,2000,600
237,3169430026,3,validation,2000,600
238,3173761085,3,train,2000,600
239,791528203,3,train,2000,600
240,787458364,3,train,2000,600
241,749279077,3,train,2000,600
242,762019154,3,train,2000,600
243,673475543,3,train,2000,600
244,702939616,3,train,2000,600
245,731955129,3,train,2000,600
246,711120270,3,train,2000,600
247,557748915,3,train,2000,600
248,553449604,3,train,2000,600
249,2542904430,3,train,2000,600
250,2522074713,3,train,2000,600
251,2484432896,3,train,2000,600
252,2513902135,3,validation,2000,600
253,2425883826,3,train,2000,600
254,2438620805,3,train,2000,600
255,2468141276,3,train,2000,600
256,2464068331,3,train,2000,600
257,2575496662,3,train,2000,600
258,2554372065,3,validation,2000,600
259,2233731968,3,train,2000,600
260,2229690807,3,train,2000,600
261,2258690030,3,train,2000,600
262,2271393241,3,validation,2000,600
263,2184029020,3,validation,2000,600
264,2213529963,3,train,2000,600
265,2175366962,3,train,2000,600
266,2154503429,3,train,2000,600
267,2335660600,3,train,2000,600
268,2331324431,3,train,2000,600
269,1033399525,3,train,2000,600
270,1012532946,3,train,2000,600
271,1042069643,3,train,2000,600
272,1071567548,3,train,2000,600
273,982631481,3,train,2000,600
274,995339790,3,train,2000,600
275,957681751,3,train,2000,600
276,953645664,3,train,2000,600
277,864763229,3,train,2000,600
278,843667306,3,train,2000,600
279,1710980275,3,train,2000,600
280,1681462916,3,test,2000,600
281,1719642333,3,test,2000,600
282,1740489450,3,test,2000,600
283,1660081263,3,test,2000,600
284,1664138840,3,test,2000,600
285,1635123201,3,test,2000,600
286,1622436406,3,test,2000,600
287,1810377995,3,test,2000,600
288,1781155644,3,test,2000,600
289,3712424918,3,test,2000,600
290,3699732961,3,test,2000,600
291,3737374648,3,test,2000,600
292,3741427087,3,test,2000,600
293,3662590730,3,test,2000,600
294,3683440957,3,test,2000,600
295,3653920612,3,test,2000,600
296,3624406355,3,test,2000,600
297,3545516654,3,test,2000,600
298,3533054041,3,test,2000,600
299,2637135340,3,test,2000,600
300,1072278472,4,validation,2000,600
301,1034884497,4,train,2000,600
302,1013809062,4,train,2000,600
303,958556451,4,train,2000,600
304,954204948,4,train,2000,600
305,984005965,4,train,2000,600
306,996464506,4,train,2000,600
307,809013319,4,train,2000,600
308,838531696,4,train,2000,600
309,2258085530,4,validation,2000,600
310,2270547117,4,train,2000,600
311,2232644340,4,train,2000,600
312,2228295875,4,train,2000,600
313,2174619206,4,train,2000,600
314,2153538673,4,validation,2000,600
315,2182797864,4,train,2000,600
316,2212016159,4,validation,2000,600
317,2290415394,4,train,2000,600
318,2303106325,4,train,2000,600
319,2485258612,4,validation,2000,600
320,2514510659,4,train,2000,600
321,2544295194,4,train,2000,600
322,2523182893,4,train,2000,600
323,2469110184,4,train,2000,600
324,2464795551,4,train,2000,600
325,2427418054,4,validation,2000,600
326,2439847921,4,train,2000,600
327,2586925260,4,train,2000,600
328,2616406779,4,train,2000,600
329,748580369,4,train,2000,600
330,761005094,4,train,2000,600
331,790280831,4,train,2000,600
332,785961032,4,train,2000,600
333,731367117,4,train,2000,600
334,710257914,4,train,2000,600
335,672338595,4,train,2000,600
336,701593748,4,train,2000,600
337,579682217,4,validation,2000,600
338,592401822,4,train,2000,600
339,2974373544,4,train,2000,600
340,2961915039,4,train,2000,600
341,2999812806,4,train,2000,600
342,3004164337,4,train,2000,600
343,3057712756,4,train,2000,600
344,3078788163,4,validation,2000,600
345,3049531930,4,train,2000,600
346,3020308525,4,train,2000,600
347,3210348304,4,validation,2000,600
348,3197660455,4,train,2000,600
349,167064013,4,train,2000,600
350,137845754,4,train,2000,600
351,175236515,4,train,2000,600
352,196317076,4,validation,2000,600
353,251435281,4,train,2000,600
354,255783718,4,train,2000,600
355,225987967,4,train,2000,600
356,213526344,4,train,2000,600
357,132538485,4,train,2000,600
358,103025218,4,train,2000,600
359,457219619,4,validation,2000,600
360,444789780,4,validation,2000,600
361,415517261,4,train,2000,600
362,419831930,4,train,2000,600
363,474560255,4,train,2000,600
364,495672520,4,train,2000,600
365,533586577,4,train,2000,600
366,504334502,4,train,2000,600
367,357814171,4,train,2000,600
368,345089452,4,train,2000,600
369,2751265094,4,train,2000,600
370,2722009969,4,train,2000,600
371,2692230440,4,validation,2000,600
372,2713339679,4,train,2000,600
373,2767540634,4,validation,2000,600
374,2771860397,4,train,2000,600
375,2809234932,4,train,2000,600
376,2796810179,4,validation,2000,600
377,2918164734,4,validation,2000,600
378,2888680137,4,train,2000,600
379,4221561104,4,train,2000,600
380,4200432423,4,test,2000,600
381,4162534782,4,test,2000,600
382,4191770441,4,test,2000,600
383,4237705676,4,test,2000,600
384,4250151931,4,test,2000,600
385,4279408034,4,test,2000,600
386,4275109781,4,test,2000,600
387,4119640232,4,test,2000,600
388,4098806431,4,test,2000,600
389,1126403701,4,test,2000,600
390,1122100290,4,test,2000,600
391,1084709403,4,test,2000,600
392,1097150508,4,test,2000,600
393,1143613097,4,test,2000,600
394,1172851870,4,test,2000,600
395,1202647751,4,test,2000,600
396,1181522160,4,test,2000,600
397,1295048653,4,test,2000,600
398,1290974714,4,test,2000,600
399,55306319,4,test,2000,600
400,1223596894,5,train,2000,600
401,1252533511,5,train,2000,600
402,1265258288,5,validation,2000,600
403,1311070645,5,train,2000,600
404,1340552066,5,train,2000,600
405,1302433243,5,validation,2000,600
406,1281615852,5,validation,2000,600
407,1195352273,5,train,2000,600
408,1191037670,5,train,2000,600
409,4052784652,5,train,2000,600
410,4031970363,5,train,2000,600
411,4061413986,5,train,2000,600
412,4090898517,5,train,2000,600
413,4137238224,5,train,2000,600
414,4149957863,5,train,2000,600
415,4112378558,5,train,2000,600
416,4108288137,5,train,2000,600
417,4286826420,5,train,2000,600
418,4265717123,5,train,2000,600
419,3810867682,5,train,2000,600
420,3806811093,5,train,2000,600
421,3768708492,5,train,2000,600
422,3781396411,5,train,2000,600
423,3828126014,5,validation,2000,600
424,3857644297,5,train,2000,600
425,3886564688,5,train,2000,600
426,3865718631,5,train,2000,600
427,3979765850,5,validation,2000,600
428,3975414381,5,train,2000,600
429,1536777863,5,train,2000,600
430,1515926704,5,train,2000,600
431,1478331113,5,train,2000,600
432,1507844318,5,train,2000,600
433,1553004123,5,train,2000,600
434,1565695084,5,validation,2000,600
435,1595154997,5,train,2000,600
436,1591101442,5,train,2000,600
437,1435111231,5,validation,2000,600
438,1414030600,5,train,2000,600
439,3327026750,5,validation,2000,600
440,3347844105,5,validation,2000,600
441,3318395472,5,validation,2000,600
442,3288914023,5,train,2000,600
443,3242708706,5,train,2000,600
444,3229983957,5,validation,2000,600
445,3267566220,5,train,2000,600
446,3271651515,5,validation,2000,600
447,3361552262,5,train,2000,600
448,3382664625,5,train,2000,600
449,2129789275,5,train,2000,600
450,2133879660,5,train,2000,600
451,2104939829,5,train,2000,600
452,2092220162,5,validation,2000,600
453,2046536071,5,train,2000,600
454,2017051568,5,train,2000,600
455,2055175657,5,validation,2000,600
456,2075989982,5,train,2000,600
457,1893814499,5,train,2000,600
458,1898134228,5,train,2000,600
459,1816637109,5,validation,2000,600
460,1837483138,5,train,2000,600
461,1875081947,5,train,2000,600
462,1845563628,5,train,2000,600
463,1800275561,5,train,2000,600
464,1787587678,5,train,2000,600
465,1758122503,5,train,2000,600
466,1762179120,5,train,2000,600
467,1649737485,5,train,2000,600
468,1670812986,5,train,2000,600
469,3573270992,5,train,2000,600
470,3577324519,5,train,2000,600
471,3615432126,5,validation,2000,600
472,3602741129,5,train,2000,600
473,3555877132,5,train,2000,600
474,3526363963,5,train,2000,600
475,3497440610,5,train,2000,600
476,3518291797,5,train,2000,600
477,3672676456,5,train,2000,600
478,3677024863,5,train,2000,600
479,2358827398,5,train,2000,600
480,2371531697,5,test,2000,600
481,2400980456,5,test,2000,600
482,2396940255,5,test,2000,600
483,2341564762,5,test,2000,600
484,2320702317,5,test,2000,600
485,2283119924,5,test,2000,600
486,2312621827,5,test,2000,600
487,2190182462,5,test,2000,600
488,2202657289,5,test,2000,600
489,874823395,5,test,2000,600
490,904320212,5,test,2000,600
491,933259917,5,test,2000,600
492,912392378,5,test,2000,600
493,858592831,5,test,2000,600
494,854555656,5,test,2000,600
495,816431697,5,test,2000,600
496,829139046,5,test,2000,600
497,976744283,5,test,2000,600
498,1005946220,5,test,2000,600
499,1951193305,5,test,2000,600
500,3521628900,6,train,2000,600
501,3550573757,6,validation,2000,600
502,3529711242,6,train,2000,600
503,3609987087,6,train,2000,600
504,3605946936,6,train,2000,600
505,3567836257,6,train,2000,600
506,3580540502,6,train,2000,600
507,3728142699,6,train,2000,600
508,3757349724,6,validation,2000,600
509,1754908598,6,train,2000,600
510,1767615873,6,train,2000,600
511,1797067736,6,train,2000,600
512,1793030639,6,validation,2000,600
513,1871736682,6,train,2000,600
514,1850869085,6,train,2000,600
515,1813297924,6,train,2000,600
516,1842794803,6,train,2000,600
517,1720358414,6,train,2000,600
518,1732836409,6,train,2000,600
519,2049730648,6,train,2000,600
520,2079195759,6,train,2000,600
521,2041101366,6,train,2000,600
522,2020267521,6,train,2000,600
523,2099626116,6,train,2000,600
524,2095557299,6,validation,2000,600
525,2124485866,6,train,2000,600
526,2137226973,6,validation,2000,600
527,1950300640,6,train,2000,600
528,1979536343,6,train,2000,600
529,3264220989,6,validation,2000,600
530,3276956938,6,validation,2000,600
531,3239369555,6,train,2000,600
532,3235295588,6,train,2000,600
533,3315181537,6,train,2000,600
534,3294350806,6,validation,2000,600
535,3323818895,6,train,2000,600
536,3353287096,6,train,2000,600
537,3431161477,6,validation,2000,600
538,3443602610,6,train,2000,600
539,1598502788,6,train,2000,600
540,1585798579,6,train,2000,600
541,1556341738,6,train,2000,600
542,1560381917,6,train,2000,600
543,1481547608,6,validation,2000,600
544,1502410095,6,train,2000,600
545,1539984182,6,train,2000,600
546,1510482177,6,train,2000,600
547,1364485692,6,validation,2000,600
548,1352010763,6,train,2000,600
549,3892007137,6,train,2000,600
550,3862510294,6,train,2000,600
551,3833562255,6,train,2000,600
552,3854429880,6,train,2000,600
553,3774019645,6,train,2000,600
554,3778056714,6,validation,2000,600
555,3816172627,6,train,2000,600
556,3803465316,6,train,2000,600
557,3924296025,6,train,2000,600
558,3895094126,6,train,2000,600
559,4115595023,6,train,2000,600
560,4102853944,6,train,2000,600
561,4140444513,6,validation,2000,600
562,4144513366,6,train,2000,600
563,4064761811,6,train,2000,600
564,4085595620,6,train,2000,600
565,4056122301,6,train,2000,600
566,4026657162,6,train,2000,600
567,4217220791,6,train,2000,600
568,4204774528,6,train,2000,600
569,1307744362,6,validation,2000,600
570,1278276189,6,train,2000,600
571,1316375556,6,train,2000,600
572,1337206323,6,validation,2000,600
573,1257975990,6,train,2000,600
574,1262049921,6,train,2000,600
575,1233118424,6,train,2000,600
576,1220382447,6,train,2000,600
577,1138870738,6,train,2000,600
578,1109631973,6,train,2000,600
579,361859132,6,validation,2000,600
580,341041675,6,test,2000,600
581,370498642,6,test,2000,600
582,399980133,6,test,2000,600
583,311959776,6,test,2000,600
584,324684503,6,test,2000,600
585,287110286,6,test,2000,600
586,283025081,6,test,2000,600
587,461560196,6,test,2000,600
588,440447923,6,test,2000,600
589,2905468761,6,test,2000,600
590,2901378414,6,test,2000,600
591,2930326327,6,test,2000,600
592,2943045888,6,test,2000,600
593,2854504325,6,test,2000,600
594,2883988914,6,test,2000,600
595,2845873131,6,test,2000,600
596,2825058780,6,test,2000,600
597,2738798305,6,test,2000,600
598,2734478550,6,test,2000,600
599,3980757347,6,test,2000,600
600,2799762034,7,train,2000,600
601,2762359851,7,train,2000,600
602,2774806044,7,train,2000,600
603,2687187097,7,train,2000,600
604,2716422830,7,train,2000,600
605,2746215671,7,train,2000,600
606,2725086912,7,validation,2000,600
607,2838610429,7,train,2000,600
608,2834541514,7,validation,2000,600
609,530511648,7,train,2000,600
610,509386007,7,validation,2000,600
611,471475022,7,train,2000,600
612,500713849,7,train,2000,600
613,412573692,7,train,2000,600
614,425014731,7,train,2000,600
615,454265746,7,validation,2000,600
616,449962405,7,train,2000,600
617,294495896,7,train,2000,600
618,273665199,7,train,2000,600
619,220944590,7,train,2000,600
620,216609529,7,validation,2000,600
621,246385824,7,train,2000,600
622,258860695,7,train,2000,600
623,170061842,7,train,2000,600
624,199268901,7,train,2000,600
625,161883260,7,validation,2000,600
626,140791371,7,validation,2000,600
627,54004086,7,train,2000,600
628,49963841,7,validation,2000,600
629,3046588331,7,train,2000,600
630,3025491356,7,train,2000,600
631,3054758853,7,train,2000,600
632,3083960818,7,train,2000,600
633,2996737911,7,train,2000,600
634,3009215808,7,train,2000,600
635,2971288345,7,train,2000,600
636,2966956334,7,train,2000,600
637,3146018323,7,train,2000,600
638,3125150756,7,train,2000,600
639,675284754,7,train,2000,600
640,696413477,7,train,2000,600
641,734319484,7,train,2000,600
642,705083723,7,train,2000,600
643,793358286,7,validation,2000,600
644,780912121,7,validation,2000,600
645,751664032,7,train,2000,600
646,755962263,7,train,2000,600
647,642995882,7,validation,2000,600
648,663829661,7,train,2000,600
649,2432458871,7,train,2000,600
650,2436762176,7,train,2000,600
651,2474161177,7,train,2000,600
652,2461720110,7,train,2000,600
653,2549467307,7,train,2000,600
654,2520228508,7,train,2000,600
655,2490440901,7,train,2000,600
656,2511566578,7,train,2000,600
657,2666475983,7,train,2000,600
658,2670550008,7,train,2000,600
659,2185875353,7,train,2000,600
660,2206967214,7,train,2000,600
661,2177702903,7,train,2000,600
662,2148495808,7,train,2000,600
663,2235590469,7,train,2000,600
664,2223115634,7,train,2000,600
665,2261037867,7,train,2000,600
666,2265372956,7,train,2000,600
667,2354748961,7,train,2000,600
668,2375611414,7,train,2000,600
669,989178108,7,train,2000,600
670,993510091,7,validation,2000,600
671,963738770,7,train,2000,600
672,951260837,7,validation,2000,600
673,1039925280,7,train,2000,600
674,1010723351,7,validation,2000,600
675,1048106062,7,validation,2000,600
676,1069203065,7,validation,2000,600
677,887552324,7,train,2000,600
678,891589491,7,train,2000,600
679,1654044842,7,train,2000,600
680,1666503325,7,test,2000,600
681,1628597444,7,test,2000,600
682,1624246003,7,test,2000,600
683,1704923254,7,test,2000,600
684,1683847745,7,test,2000,600
685,1713095704,7,test,2000,600
686,1742319151,7,test,2000,600
687,1820715282,7,test,2000,600
688,1833403173,7,test,2000,600
689,3660242895,7,test,2000,600
690,3689461240,7,test,2000,600
691,3652062113,7,test,2000,600
692,3630981526,7,test,2000,600
693,3710088979,7,test,2000,600
694,3705740580,7,test,2000,600
695,3735528317,7,test,2000,600
696,3747989834,7,test,2000,600
697,3560541815,7,test,2000,600
698,3590054976,7,test,2000,600
699,2588064245,7,test,2000,600
700,912254947,8,train,2000,600
701,874076602,8,validation,2000,600
702,903558029,8,train,2000,600
703,815015176,8,train,2000,600
704,827739967,8,train,2000,600
705,856748390,8,train,2000,600
706,852663121,8,validation,2000,600
707,965663852,8,train,2000,600
708,944551515,8,validation,2000,600
709,2401364657,8,train,2000,600
710,2397274246,8,train,2000,600
711,2359639775,8,train,2000,600
712,2372359400,8,train,2000,600
713,2284339821,8,validation,2000,600
714,2313824346,8,validation,2000,600
715,2343343619,8,train,2000,600
716,2322529332,8,train,2000,600
717,2167585545,8,train,2000,600
718,2163265854,8,train,2000,600
719,2643739999,8,train,2000,600
720,2622893928,8,train,2000,600
721,2651885873,8,train,2000,600
722,2681404166,8,validation,2000,600
723,2594041219,8,train,2000,600
724,2606729140,8,train,2000,600
725,2568567277,8,train,2000,600
726,2564510682,8,train,2000,600
727,2475103463,8,train,2000,600
728,2454027984,8,train,2000,600
729,623387194,8,validation,2000,600
730,619333645,8,train,2000,600
731,648869460,8,validation,2000,600
732,661560419,8,train,2000,600
733,572623590,8,train,2000,600
734,602136785,8,train,2000,600
735,564485768,8,train,2000,600
736,543634623,8,validation,2000,600
737,725316482,8,train,2000,600
738,720968117,8,train,2000,600
739,3103726211,8,train,2000,600
740,3107811508,8,train,2000,600
741,3145453293,8,validation,2000,600
742,3132728538,8,train,2000,600
743,3220615775,8,validation,2000,600
744,3191134312,8,train,2000,600
745,3161613873,8,train,2000,600
746,3182431238,8,train,2000,600
747,3068939067,8,train,2000,600
748,3073253644,8,train,2000,600
749,4423142,8,validation,2000,600
750,25237457,8,train,2000,600
751,63416712,8,validation,2000,600
752,33932223,8,train,2000,600
753,122344762,8,train,2000,600
754,109625101,8,train,2000,600
755,80609620,8,train,2000,600
756,84700003,8,train,2000,600
757,240135262,8,train,2000,600
758,261244521,8,train,2000,600
759,318165512,8,validation,2000,600
760,322222143,8,validation,2000,600
761,292685414,8,train,2000,600
762,279997521,8,train,2000,600
763,369064660,8,train,2000,600
764,339546339,8,train,2000,600
765,377204410,8,train,2000,600
766,398050445,8,train,2000,600
767,484803504,8,validation,2000,600
768,489154951,8,train,2000,600
769,2857022829,8,train,2000,600
770,2877874010,8,train,2000,600
771,2848874755,8,train,2000,600
772,2819361588,8,train,2000,600
773,2906856881,8,train,2000,600
774,2894165894,8,train,2000,600
775,2932328927,8,train,2000,600
776,2936382440,8,train,2000,600
777,2757354709,8,train,2000,600
778,2778435298,8,train,2000,600
779,4062815547,8,train,2000,600
780,4092317452,8,test,2000,600
781,4054675797,8,test,2000,600
782,4033813346,8,test,2000,600
783,4112518631,8,test,2000,600
784,4108478416,8,test,2000,600
785,4137998729,8,test,2000,600
786,4150703038,8,test,2000,600
787,4231722115,8,test,2000,600
788,4260929204,8,test,2000,600
789,1251328606,8,test,2000,600
790,1264035945,8,test,2000,600
791,1225856560,8,test,2000,600
792,1221819399,8,test,2000,600
793,1302096514,8,test,2000,600
794,1281228981,8,test,2000,600
795,1310244588,8,test,2000,600
796,1339741403,8,test,2000,600
797,1149670374,8,test,2000,600
798,1162148305,8,test,2000,600
799,184394852,8,test,2000,600
800,1096341365,9,train,2000,600
801,1126066476,9,train,2000,600
802,1121714971,9,validation,2000,600
803,1200821662,9,train,2000,600
804,1179746217,9,train,2000,600
805,1142407664,9,train,2000,600
806,1171631047,9,train,2000,600
807,1317661946,9,validation,2000,600
808,1330349773,9,train,2000,600
809,4163295783,9,train,2000,600
810,4192514064,9,validation,2000,600
811,4221701705,9,train,2000,600
812,4200621182,9,validation,2000,600
813,4281299707,9,validation,2000,600
814,4276951244,9,train,2000,600
815,4239107733,9,train,2000,600
816,4251569314,9,train,2000,600
817,4130704287,9,train,2000,600
818,4160217512,9,train,2000,600
819,3935532489,9,train,2000,600
820,3947962366,9,train,2000,600
821,3910640039,9,train,2000,600
822,3906325392,9,train,2000,600
823,3986349333,9,validation,2000,600
824,3965237026,9,train,2000,600
825,3994945915,9,train,2000,600
826,4024197964,9,train,2000,600
827,3833603185,9,train,2000,600
828,3846327878,9,train,2000,600
829,1378816684,9,train,2000,600
830,1408071835,9,train,2000,600
831,1370212034,9,train,2000,600
832,1349102837,9,train,2000,600
833,1428601456,9,validation,2000,600
834,1424281671,9,train,2000,600
835,1453485598,9,train,2000,600
836,1465910313,9,train,2000,600
837,1547453204,9,train,2000,600
838,1576937763,9,train,2000,600
839,3489147413,9,train,2000,600
840,3459924002,9,train,2000,600
841,3430743675,9,train,2000,600
842,3451819084,9,train,2000,600
843,3371270857,9,train,2000,600
844,3375622398,9,validation,2000,600
845,3413464743,9,train,2000,600
846,3401006224,9,validation,2000,600
847,3253435309,9,train,2000,600
848,3223916954,9,train,2000,600
849,2000964976,9,validation,2000,600
850,1988503367,9,train,2000,600
851,1958779166,9,validation,2000,600
852,1963127593,9,train,2000,600
853,1884153260,9,train,2000,600
854,1905233819,9,train,2000,600
855,1942565314,9,train,2000,600
856,1913347061,9,train,2000,600
857,2035752136,9,train,2000,600
858,2023061247,9,train,2000,600
859,1710351006,9,train,2000,600
860,1681098921,9,train,2000,600
861,1718957808,9,validation,2000,600
862,1740070087,9,train,2000,600
863,1660439106,9,train,2000,600
864,1664753781,9,train,2000,600
865,1635556908,9,train,2000,600
866,1623127067,9,train,2000,600
867,1810019110,9,train,2000,600
868,1780537617,9,validation,2000,600
869,3712845307,9,train,2000,600
870,3700420556,9,train,2000,600
871,3737735573,9,train,2000,600
872,3742055330,9,train,2000,600
873,3661901095,9,train,2000,600
874,3683010320,9,validation,2000,600
875,3653302601,9,train,2000,600
876,3624047486,9,train,2000,600
877,3546207299,9,validation,2000,600
878,3533487732,9,validation,2000,600
879,2234422701,9,train,2000,600
880,2230124442,9,test,2000,600
881,2259304899,9,test,2000,600
882,2271751156,9,test,2000,600
883,2183609713,9,test,2000,600
884,2212845382,9,test,2000,600
885,2175002911,9,test,2000,600
886,2153874216,9,test,2000,600
887,2336080917,9,test,2000,600
888,2332012066,9,test,2000,600
889,1033040584,9,test,2000,600
890,1011915007,9,test,2000,600
891,1041639078,9,test,2000,600
892,1070877841,9,test,2000,600
893,983259668,9,test,2000,600
894,995700771,9,test,2000,600
895,958369402,9,test,2000,600
896,954065997,9,test,2000,600
897,864134000,9,test,2000,600
898,843303239,9,test,2000,600
899,2113574130,9,test,2000,600
900,564092560,10,train,2000,600
901,601481417,10,train,2000,600
902,572230398,10,train,2000,600
903,659856507,10,train,2000,600
904,647427660,10,train,2000,600
905,617629717,10,validation,2000,600
906,621945378,10,train,2000,600
907,776889631,10,train,2000,600
908,797708072,10,train,2000,600
909,2564903874,10,train,2000,600
910,2569222645,10,train,2000,600
911,2607122348,10,validation,2000,600
912,2594696603,10,train,2000,600
913,2682845982,10,train,2000,600
914,2653589801,10,train,2000,600
915,2624335728,10,train,2000,600
916,2645443911,10,train,2000,600
917,2532442746,10,train,2000,600
918,2536532045,10,validation,2000,600
919,2320825388,10,train,2000,600
920,2341901851,10,validation,2000,600
921,2312120386,10,train,2000,600
922,2282898037,10,train,2000,600
923,2371704048,10,train,2000,600
924,2359246535,10,train,2000,600
925,2396618910,10,train,2000,600
926,2400971433,10,validation,2000,600
927,2219290004,10,train,2000,600
928,2240137123,10,train,2000,600
929,854104905,10,train,2000,600
930,858452350,10,validation,2000,600
931,829181735,10,train,2000,600
932,816719120,10,validation,2000,600
933,903951253,10,validation,2000,600
934,874731938,10,train,2000,600
935,912648187,10,validation,2000,600
936,933727692,10,train,2000,600
937,1023134449,10,train,2000,600
938,1027186886,10,train,2000,600
939,2940183536,10,train,2000,600
940,2935867847,10,validation,2000,600
941,2897967006,10,validation,2000,600
942,2910395817,10,train,2000,600
943,2822114092,10,validation,2000,600
944,2851365147,10,train,2000,600
945,2880626498,10,validation,2000,600
946,2859513205,10,train,2000,600
947,2704077384,10,train,2000,600
948,2699991167,10,train,2000,600
949,394511509,10,train,2000,600
950,373403298,10,train,2000,600
951,336007419,10,train,2000,600
952,365263564,10,train,2000,600
953,277507145,10,train,2000,600
954,289932926,10,train,2000,600
955,319731751,10,train,2000,600
956,315413008,10,train,2000,600
957,428905773,10,train,2000,600
958,408092442,10,train,2000,600
959,87452539,10,train,2000,600
960,83099980,10,train,2000,600
961,112377621,10,validation,2000,600
962,124835106,10,train,2000,600
963,37733287,10,train,2000,600
964,66955664,10,train,2000,600
965,29038537,10,train,2000,600
966,7962110,10,validation,2000,600
967,186989251,10,train,2000,600
968,182931700,10,train,2000,600
969,3179940894,10,train,2000,600
970,3158861353,10,train,2000,600
971,3188643952,10,train,2000,600
972,3217863239,10,train,2000,600
973,3129189570,10,train,2000,600
974,3141652213,10,validation,2000,600
975,3104272556,10,train,2000,600
976,3099925147,10,train,2000,600
977,3013172646,10,train,2000,600
978,2992322449,10,train,2000,600
979,3857259592,10,train,2000,600
980,3828053631,10,test,2000,600
981,3865954342,10,test,2000,600
982,3887047185,10,test,2000,600
983,3806377108,10,test,2000,600
984,3810713251,10,test,2000,600
985,3781452026,10,test,2000,600
986,3768978125,10,test,2000,600
987,3959049712,10,test,2000,600
988,3929548743,10,test,2000,600
989,1565883181,10,test,2000,600
990,1553404186,10,test,2000,600
991,1590800195,10,test,2000,600
992,1595131252,10,test,2000,600
993,1516033009,10,test,2000,600
994,1537128902,10,test,2000,600
995,1507329951,10,test,2000,600
996,1478127016,10,test,2000,600
997,1397107349,10,test,2000,600
998,1384399010,10,test,2000,600
999,490544407,10,test,2000,600
1000,1452830214,11,train,2000,600
1001,1423888479,11,train,2000,600
1002,1427946088,11,train,2000,600
1003,1347661037,11,train,2000,600
1004,1368508122,11,train,2000,600
1005,1406630019,11,train,2000,600
1006,1377112756,11,train,2000,600
1007,1497978249,11,validation,2000,600
1008,1485520830,11,validation,2000,600
1009,4024853332,11,train,2000,600
1010,3995339107,11,train,2000,600
1011,3965892410,11,train,2000,600
1012,3986742541,11,train,2000,600
1013,3908029320,11,train,2000,600
1014,3912081855,11,train,2000,600
1015,3949666278,11,train,2000,600
1016,3936974289,11,validation,2000,600
1017,3790942956,11,train,2000,600
1018,3761723611,11,validation,2000,600
1019,4250127546,11,validation,2000,600
1020,4237403789,11,train,2000,600
1021,4275509460,11,train,2000,600
1022,4279595747,11,train,2000,600
1023,4200227942,11,train,2000,600
1024,4221046353,11,validation,2000,600
1025,4192120840,11,train,2000,600
1026,4162640447,11,train,2000,600
1027,4081097986,11,train,2000,600
1028,4068669237,11,train,2000,600
1029,1173335007,11,train,2000,600
1030,1143849448,11,train,2000,600
1031,1181450161,11,train,2000,600
1032,1202263430,11,train,2000,600
1033,1122370307,11,train,2000,600
1034,1126459700,11,train,2000,600
1035,1096996717,11,train,2000,600
1036,1084276058,11,train,2000,600
1037,1274870375,11,train,2000,600
1038,1245614160,11,train,2000,600
1039,3627586406,11,train,2000,600
1040,3657103697,11,train,2000,600
1041,3686549256,11,train,2000,600
1042,3665702207,11,train,2000,600
1043,3744545722,11,validation,2000,600
1044,3740488077,11,validation,2000,600
1045,3702910932,11,train,2000,600
1046,3715597795,11,validation,2000,600
1047,3593192158,11,validation,2000,600
1048,3622414569,11,train,2000,600
1049,1619325955,11,train,2000,600
1050,1632017972,11,train,2000,600
1051,1660952685,11,validation,2000,600
1052,1656900186,11,validation,2000,600
1053,1737317599,11,train,2000,600
1054,1716467432,11,train,2000,600
1055,1678346417,11,train,2000,600
1056,1707860614,11,validation,2000,600
1057,1855432123,11,train,2000,600
1058,1867894668,11,train,2000,600
1059,1915837421,11,train,2000,600
1060,1945317850,11,train,2000,600
1061,1907724163,11,train,2000,600
1062,1886905780,11,train,2000,600
1063,1966666545,11,train,2000,600
1064,1962580230,11,train,2000,600
1065,1992042335,11,train,2000,600
1066,2004766056,11,train,2000,600
1067,2082605653,11,train,2000,600
1068,2111856738,11,validation,2000,600
1069,3398253704,11,train,2000,600
1070,3410974399,11,train,2000,600
1071,3372869862,11,validation,2000,600
1072,3368780497,11,train,2000,600
1073,3448018004,11,train,2000,600
1074,3427204707,11,train,2000,600
1075,3456122938,11,train,2000,600
1076,3485608461,11,train,2000,600
1077,3298716976,11,validation,2000,600
1078,3311142663,11,train,2000,600
1079,2465082590,11,train,2000,600
1080,2469152489,11,test,2000,600
1081,2439706800,11,test,2000,600
1082,2426966663,11,test,2000,600
1083,2514977794,11,test,2000,600
1084,2485513781,11,test,2000,600
1085,2523091052,11,test,2000,600
1086,2543925851,11,test,2000,600
1087,2633858406,11,test,2000,600
1088,2638157649,11,test,2000,600
1089,710036411,11,test,2000,600
1090,730866060,11,test,2000,600
1091,701931477,11,test,2000,600
1092,672462306,11,test,2000,600
1093,760996711,11,test,2000,600
1094,748259664,11,test,2000,600
1095,786380553,11,test,2000,600
1096,790453566,11,test,2000,600
1097,608246275,11,test,2000,600
1098,629370932,11,test,2000,600
1099,1782197633,11,test,2000,600
1100,3482402748,12,train,2000,600
1101,3453452773,12,train,2000,600
1102,3423988690,12,train,2000,600
1103,3378183511,12,validation,2000,600
1104,3365443424,12,train,2000,600
1105,3403557177,12,train,2000,600
1106,3407627022,12,train,2000,600
1107,3225420851,12,train,2000,600
1108,3246550532,12,train,2000,600
1109,1995387630,12,train,2000,600
1110,1999460569,12,train,2000,600
1111,1970005632,12,train,2000,600
1112,1957268663,12,validation,2000,600
1113,1910938162,12,validation,2000,600
1114,1881468933,12,train,2000,600
1115,1919045212,12,train,2000,600
1116,1939874923,12,train,2000,600
1117,2029806422,12,validation,2000,600
1118,2034108769,12,validation,2000,600
1119,1683660032,12,train,2000,600
1120,1704523575,12,train,2000,600
1121,1742621038,12,train,2000,600
1122,1713120089,12,validation,2000,600
1123,1666397660,12,train,2000,600
1124,1653694443,12,train,2000,600
1125,1624760754,12,train,2000,600
1126,1628801925,12,train,2000,600
1127,1783221432,12,train,2000,600
1128,1804314255,12,train,2000,600
1129,3706124901,12,train,2000,600
1130,3710160978,12,train,2000,600
1131,3747753483,12,train,2000,600
1132,3735045180,12,train,2000,600
1133,3689894585,12,validation,2000,600
1134,3660396686,12,validation,2000,600
1135,3630925527,12,train,2000,600
1136,3651792096,12,train,2000,600
1137,3539315677,12,train,2000,600
1138,3543646698,12,train,2000,600
1139,1093780188,12,validation,2000,600
1140,1089710315,12,train,2000,600
1141,1119164082,12,validation,2000,600
1142,1131904133,12,train,2000,600
1143,1178102272,12,train,2000,600
1144,1207566391,12,train,2000,600
1145,1169997422,12,train,2000,600
1146,1149162585,12,train,2000,600
1147,1327666020,12,train,2000,600
1148,1323366739,12,train,2000,600
1149,4186809785,12,train,2000,600
1150,4165980046,12,train,2000,600
1151,4194922967,12,train,2000,600
1152,4224392160,12,train,2000,600
1153,4270067045,12,train,2000,600
1154,4282804050,12,train,2000,600
1155,4244691211,12,train,2000,600
1156,4240618300,12,train,2000,600
1157,4154389505,12,train,2000,600
1158,4133264950,12,train,2000,600
1159,3946318423,12,train,2000,600
1160,3942277216,12,train,2000,600
1161,3904691769,12,validation,2000,600
1162,3917394958,12,train,2000,600
1163,3962675851,12,train,2000,600
1164,3992176828,12,train,2000,600
1165,4021647077,12,train,2000,600
1166,4000783570,12,validation,2000,600
1167,3844824047,12,train,2000,600
1168,3840487896,12,train,2000,600
1169,1401187634,12,validation,2000,600
1170,1380321029,12,train,2000,600
1171,1342224732,12,train,2000,600
1172,1371722603,12,train,2000,600
1173,1418577390,12,train,2000,600
1174,1431285721,12,train,2000,600
1175,1460212096,12,validation,2000,600
1176,1456176055,12,train,2000,600
1177,1570192522,12,train,2000,600
1178,1549096637,12,validation,2000,600
1179,199720292,12,validation,2000,600
1180,170202963,12,test,2000,600
1181,140749066,12,test,2000,600
1182,161596221,12,test,2000,600
1183,216978872,12,test,2000,600
1184,221036431,12,test,2000,600
1185,258605526,12,test,2000,600
1186,245918689,12,test,2000,600
1187,99888348,12,test,2000,600
1188,70665963,12,test,2000,600
1189,3009092097,12,test,2000,600
1190,2996400182,12,test,2000,600
1191,2967457391,12,test,2000,600
1192,2971509848,12,test,2000,600
1193,3025318621,12,test,2000,600
1194,3046168810,12,test,2000,600
1195,3084281523,12,test,2000,600
1196,3054767236,12,test,2000,600
1197,3175631801,12,test,2000,600
1198,3163169166,12,test,2000,600
1199,4080237627,12,test,2000,600
1200,3096842026,13,validation,2000,600
1201,3134239091,13,train,2000,600
1202,3138575172,13,validation,2000,600
1203,3193818561,13,train,2000,600
1204,3214911478,13,train,2000,600
1205,3185121711,13,validation,2000,600
1206,3155915672,13,validation,2000,600
1207,3074897061,13,train,2000,600
1208,3062193810,13,train,2000,600
1209,31982200,13,validation,2000,600
1210,2779215,13,train,2000,600
1211,40687126,13,train,2000,600
1212,61783073,13,train,2000,600
1213,115452580,13,train,2000,600
1214,119783571,13,train,2000,600
1215,90537674,13,train,2000,600
1216,78058749,13,train,2000,600
1217,268129216,13,train,2000,600
1218,238631415,13,validation,2000,600
1219,324906390,13,train,2000,600
1220,312461217,13,train,2000,600
1221,282687992,13,train,2000,600
1222,286987215,13,train,2000,600
1223,341050698,13,train,2000,600
1224,362180477,13,validation,2000,600
1225,399560996,13,train,2000,600
1226,370326291,13,validation,2000,600
1227,491715630,13,train,2000,600
1228,478975513,13,train,2000,600
1229,2883701491,13,train,2000,600
1230,2854461636,13,train,2000,600
1231,2825199261,13,train,2000,600
1232,2846323882,13,train,2000,600
1233,2900910639,13,train,2000,600
1234,2905212952,13,train,2000,600
1235,2943137345,13,train,2000,600
1236,2930695286,13,train,2000,600
1237,2784140107,13,train,2000,600
1238,2754670972,13,train,2000,600
1239,909570634,13,train,2000,600
1240,938776701,13,train,2000,600
1241,900867620,13,train,2000,600
1242,879774739,13,train,2000,600
1243,826235542,13,train,2000,600
1244,821899425,13,train,2000,600
1245,851152632,13,train,2000,600
1246,863626447,13,train,2000,600
1247,941990898,13,train,2000,600
1248,971491781,13,train,2000,600
1249,2391446831,13,train,2000,600
1250,2403925784,13,validation,2000,600
1251,2366521665,13,train,2000,600
1252,2362190710,13,validation,2000,600
1253,2307079667,13,train,2000,600
1254,2285983684,13,train,2000,600
1255,2315774365,13,train,2000,600
1256,2344977322,13,train,2000,600
1257,2157560983,13,train,2000,600
1258,2170269344,13,train,2000,600
1259,2621389505,13,validation,2000,600
1260,2650624246,13,train,2000,600
1261,2679893679,13,train,2000,600
1262,2658763928,13,train,2000,600
1263,2604044829,13,train,2000,600
1264,2599745578,13,train,2000,600
1265,2561820275,13,train,2000,600
1266,2574265412,13,validation,2000,600
1267,2452384633,13,train,2000,600
1268,2481848654,13,train,2000,600
1269,612588964,13,validation,2000,600
1270,625031059,13,validation,2000,600
1271,654805450,13,validation,2000,600
1272,650503165,13,train,2000,600
1273,596309368,13,train,2000,600
1274,575184719,13,train,2000,600
1275,537796886,13,validation,2000,600
1276,567036705,13,train,2000,600
1277,714083356,13,train,2000,600
1278,726820395,13,train,2000,600
1279,2095074802,13,train,2000,600
1280,2099390405,13,test,2000,600
1281,2137299356,13,test,2000,600
1282,2124870571,13,test,2000,600
1283,2078926126,13,test,2000,600
1284,2049675033,13,test,2000,600
1285,2020421952,13,test,2000,600
1286,2041535351,13,test,2000,600
1287,1928535114,13,test,2000,600
1288,1932621437,13,test,2000,600
1289,3294374551,13,test,2000,600
1290,3315482784,13,test,2000,600
1291,3352887033,13,test,2000,600
1292,3323630798,13,test,2000,600
1293,3277161035,13,test,2000,600
1294,3264735356,13,test,2000,600
1295,3234944549,13,test,2000,600
1296,3239263250,13,test,2000,600
1297,3394206511,13,test,2000,600
1298,3415019800,13,test,2000,600
1299,2218020013,13,test,2000,600
1300,653433481,14,validation,2000,600
1301,615785680,14,validation,2000,600
1302,628510439,14,train,2000,600
1303,540629090,14,train,2000,600
1304,570110549,14,train,2000,600
1305,599624716,14,train,2000,600
1306,578807355,14,train,2000,600
1307,690200838,14,train,2000,600
1308,685886257,14,train,2000,600
1309,2676791259,14,validation,2000,600
1310,2655976940,14,train,2000,600
1311,2617787317,14,train,2000,600
1312,2647271810,14,validation,2000,600
1313,2558869255,14,train,2000,600
1314,2571588912,14,train,2000,600
1315,2600594281,14,train,2000,600
1316,2596503902,14,validation,2000,600
1317,2443167331,14,train,2000,600
1318,2422058068,14,train,2000,600
1319,2369337397,14,train,2000,600
1320,2365280770,14,validation,2000,600
1321,2394811483,14,train,2000,600
1322,2407499372,14,train,2000,600
1323,2318438633,14,validation,2000,600
1324,2347956958,14,train,2000,600
1325,2310292615,14,train,2000,600
1326,2289446576,14,train,2000,600
1327,2200594829,14,train,2000,600
1328,2196243386,14,train,2000,600
1329,897933136,14,validation,2000,600
1330,877081959,14,train,2000,600
1331,906070846,14,train,2000,600
1332,935584009,14,validation,2000,600
1333,848099212,14,validation,2000,600
1334,860790203,14,train,2000,600
1335,822617058,14,train,2000,600
1336,818563541,14,train,2000,600
1337,999689960,14,train,2000,600
1338,978609375,14,train,2000,600
1339,2823972841,14,train,2000,600
1340,2844790238,14,train,2000,600
1341,2882974599,14,train,2000,600
1342,2853493168,14,train,2000,600
1343,2942029621,14,train,2000,600
1344,2929304834,14,train,2000,600
1345,2900302683,14,train,2000,600
1346,2904387948,14,train,2000,600
1347,2789291601,14,train,2000,600
1348,2810403942,14,train,2000,600
1349,284033164,14,train,2000,600
1350,288123579,14,train,2000,600
1351,325768418,14,train,2000,600
1352,313048789,14,validation,2000,600
1353,401057872,14,train,2000,600
1354,371573351,14,train,2000,600
1355,342064190,14,train,2000,600
1356,362878473,14,train,2000,600
1357,519917876,14,train,2000,600
1358,524237571,14,train,2000,600
1359,39563106,14,train,2000,600
1360,60409173,14,train,2000,600
1361,31423244,14,train,2000,600
1362,1904955,14,train,2000,600
1363,89262014,14,validation,2000,600
1364,76574089,14,train,2000,600
1365,114742224,14,validation,2000,600
1366,118798823,14,train,2000,600
1367,206110426,14,train,2000,600
1368,227185901,14,train,2000,600
1369,3135752199,14,train,2000,600
1370,3139805744,14,train,2000,600
1371,3110280297,14,train,2000,600
1372,3097589342,14,train,2000,600
1373,3186516187,14,train,2000,600
1374,3157002988,14,validation,2000,600
1375,3194664117,14,validation,2000,600
1376,3215515266,14,train,2000,600
1377,3035929023,14,train,2000,600
1378,3040277384,14,validation,2000,600
1379,3800356945,14,train,2000,600
1380,3813061222,14,test,2000,600
1381,3774876735,14,test,2000,600
1382,3770836488,14,test,2000,600
1383,3851251853,14,test,2000,600
1384,3830389434,14,test,2000,600
1385,3859391715,14,test,2000,600
1386,3888893652,14,test,2000,600
1387,3969354217,14,test,2000,600
1388,3981829086,14,test,2000,600
1389,1513668404,14,test,2000,600
1390,1543165187,14,test,2000,600
1391,1505520474,14,test,2000,600
1392,1484652909,14,test,2000,600
1393,1563498472,14,test,2000,600
1394,1559461343,14,test,2000,600
1395,1588970374,14,test,2000,600
1396,1601677745,14,test,2000,600
1397,1412165260,14,test,2000,600
1398,1441367227,14,test,2000,600
1399,441506062,14,test,2000,600
1400,1375054367,15,train,2000,600
1401,1404245062,15,train,2000,600
1402,1383169649,15,train,2000,600
1403,1463707892,15,train,2000,600
1404,1459356355,15,train,2000,600
1405,1421524122,15,validation,2000,600
1406,1433982637,15,train,2000,600
1407,1579454864,15,train,2000,600
1408,1608973223,15,validation,2000,600
1409,3901466445,15,validation,2000,600
1410,3913928058,15,train,2000,600
1411,3943658275,15,train,2000,600
1412,3939309844,15,train,2000,600
1413,4018278289,15,train,2000,600
1414,3997197734,15,train,2000,600
1415,3959872511,15,train,2000,600
1416,3989090760,15,train,2000,600
1417,3868784373,15,train,2000,600
1418,3881475266,15,train,2000,600
1419,4198369443,15,train,2000,600
1420,4227621524,15,train,2000,600
1421,4189773005,15,validation,2000,600
1422,4168660730,15,validation,2000,600
1423,4248281215,15,train,2000,600
1424,4243966536,15,validation,2000,600
1425,4273173521,15,train,2000,600
1426,4285603366,15,train,2000,600
1427,4096612635,15,validation,2000,600
1428,4126094124,15,validation,2000,600
1429,1115844550,15,train,2000,600
1430,1128269297,15,train,2000,600
1431,1090960296,15,train,2000,600
1432,1086640543,15,train,2000,600
1433,1166788378,15,train,2000,600
1434,1145679149,15,train,2000,600
1435,1175393140,15,train,2000,600
1436,1204648259,15,validation,2000,600
1437,1284587134,15,train,2000,600
1438,1297306697,15,validation,2000,600
1439,3746912127,15,train,2000,600
1440,3734453576,15,train,2000,600
1441,3704718097,15,validation,2000,600
1442,3709069606,15,train,2000,600
1443,3629973411,15,train,2000,600
1444,3651048852,15,train,2000,600
1445,3688377293,15,train,2000,600
1446,3659153914,15,train,2000,600
1447,3511027399,15,train,2000,600
1448,3498339568,15,train,2000,600
1449,1743335450,15,train,2000,600
1450,1714117165,15,validation,2000,600
1451,1684923508,15,train,2000,600
1452,1706004035,15,train,2000,600
1453,1625331910,15,train,2000,600
1454,1629680369,15,train,2000,600
1455,1667517608,15,train,2000,600
1456,1655056031,15,train,2000,600
1457,1778016674,15,train,2000,600
1458,1748503445,15,train,2000,600
1459,1969004532,15,train,2000,600
1460,1956574659,15,train,2000,600
1461,1993886618,15,train,2000,600
1462,1998201261,15,train,2000,600
1463,1918187304,15,validation,2000,600
1464,1939299615,15,train,2000,600
1465,1909580614,15,train,2000,600
1466,1880328561,15,train,2000,600
1467,2068827724,15,train,2000,600
1468,2056103035,15,train,2000,600
1469,3454072977,15,validation,2000,600
1470,3424817830,15,train,2000,600
1471,3462671615,15,train,2000,600
1472,3483780808,15,train,2000,600
1473,3404288077,15,train,2000,600
1474,3408607866,15,validation,2000,600
1475,3379397667,15,train,2000,600
1476,3366972948,15,train,2000,600
1477,3287525673,15,validation,2000,600
1478,3258041118,15,train,2000,600
1479,2508449991,15,train,2000,600
1480,2487321328,15,test,2000,600
1481,2517056681,15,test,2000,600
1482,2546292382,15,test,2000,600
1483,2458533915,15,test,2000,600
1484,2470980140,15,test,2000,600
1485,2433651829,15,test,2000,600
1486,2429353538,15,test,2000,600
1487,2609953151,15,test,2000,600
1488,2589119304,15,test,2000,600
1489,759140258,15,test,2000,600
1490,754836885,15,test,2000,600
1491,784030668,15,test,2000,600
1492,796471803,15,test,2000,600
1493,708192126,15,test,2000,600
1494,737430857,15,test,2000,600
1495,699593488,15,test,2000,600
1496,678467879,15,test,2000,600
1497,590143002,15,test,2000,600
1498,586069037,15,test,2000,600
1499,1834477976,15,test,2000,600
1500,3372022693,16,train,2000,600
1501,3401205244,16,validation,2000,600
1502,3413651403,16,train,2000,600
1503,3459725646,16,train,2000,600
1504,3488961401,16,train,2000,600
1505,3451120928,16,train,2000,600
1506,3429992215,16,train,2000,600
1507,3341664298,16,train,2000,600
1508,3337595421,16,validation,2000,600
1509,1904408311,16,train,2000,600
1510,1883282624,16,validation,2000,600
1511,1913004697,16,train,2000,600
1512,1942243502,16,validation,2000,600
1513,1988845099,16,train,2000,600
1514,2001286172,16,train,2000,600
1515,1963952709,16,train,2000,600
1516,1959649394,16,train,2000,600
1517,2140251983,16,train,2000,600
1518,2119421304,16,train,2000,600
1519,1664571673,16,train,2000,600
1520,1660236590,16,train,2000,600
1521,1622379895,16,train,2000,600
1522,1634854720,16,train,2000,600
1523,1681846725,16,validation,2000,600
1524,1711053810,16,train,2000,600
1525,1740252587,16,train,2000,600
1526,1719160732,16,train,2000,600
1527,1831078049,16,train,2000,600
1528,1827037846,16,train,2000,600
1529,3683335804,16,train,2000,600
1530,3662238795,16,train,2000,600
1531,3624921618,16,validation,2000,600
1532,3654123557,16,train,2000,600
1533,3699545760,16,train,2000,600
1534,3712023703,16,validation,2000,600
1535,3741729486,16,train,2000,600
1536,3737397497,16,train,2000,600
1537,3583537092,16,train,2000,600
1538,3562669555,16,train,2000,600
1539,1180436165,16,validation,2000,600
1540,1201564914,16,train,2000,600
1541,1171837611,16,train,2000,600
1542,1142601884,16,train,2000,600
1543,1096134169,16,train,2000,600
1544,1083687982,16,train,2000,600
1545,1121024631,16,train,2000,600
1546,1125322816,16,validation,2000,600
1547,1213159293,16,train,2000,600
1548,1233993034,16,train,2000,600
1549,4276117920,16,train,2000,600
1550,4280421271,16,train,2000,600
1551,4251235790,16,validation,2000,600
1552,4238794745,16,train,2000,600
1553,4192848252,16,train,2000,600
1554,4163609419,16,train,2000,600
1555,4201454866,16,train,2000,600
1556,4222580517,16,train,2000,600
1557,4042469400,16,validation,2000,600
1558,4046543407,16,validation,2000,600
1559,3965046350,16,train,2000,600
1560,3986138233,16,train,2000,600
1561,4023458336,16,train,2000,600
1562,3994251287,16,validation,2000,600
1563,3948701330,16,train,2000,600
1564,3936226469,16,validation,2000,600
1565,3906515708,16,train,2000,600
1566,3910850763,16,train,2000,600
1567,3796279286,16,train,2000,600
1568,3817141697,16,train,2000,600
1569,1424599339,16,train,2000,600
1570,1428931356,16,train,2000,600
1571,1466793285,16,train,2000,600
1572,1454315378,16,train,2000,600
1573,1407189495,16,train,2000,600
1574,1377987520,16,train,2000,600
1575,1348785561,16,validation,2000,600
1576,1369882542,16,train,2000,600
1577,1526397075,16,validation,2000,600
1578,1530434212,16,train,2000,600
1579,210418045,16,train,2000,600
1580,222876490,16,test,2000,600
1581,252603667,16,test,2000,600
1582,248252196,16,test,2000,600
1583,193139105,16,test,2000,600
1584,172063638,16,test,2000,600
1585,134727119,16,test,2000,600
1586,163950584,16,test,2000,600
1587,43641029,16,test,2000,600
1588,56328946,16,test,2000,600
1589,3023494680,16,test,2000,600
1590,3052713007,16,test,2000,600
1591,3081898614,16,test,2000,600
1592,3060817985,16,test,2000,600
1593,3007280836,16,test,2000,600
1594,3002932467,16,test,2000,600
1595,2965086890,16,test,2000,600
1596,2977548445,16,test,2000,600
1597,3123023776,16,test,2000,600
1598,3152536983,16,test,2000,600
1599,4099848226,16,test,2000,600
1600,3220949811,17,train,2000,600
1601,3183310186,17,train,2000,600
1602,3162447709,17,train,2000,600
1603,3106933208,17,train,2000,600
1604,3102893039,17,train,2000,600
1605,3132415414,17,train,2000,600
1606,3145119617,17,train,2000,600
1607,2955604156,17,validation,2000,600
1608,2984811147,17,train,2000,600
1609,109430369,17,train,2000,600
1610,122137686,17,train,2000,600
1611,83956239,17,train,2000,600
1612,79919160,17,train,2000,600
1613,25980605,17,train,2000,600
1614,5112970,17,train,2000,600
1615,34126547,17,train,2000,600
1616,63623396,17,train,2000,600
1617,144087001,17,train,2000,600
1618,156564974,17,validation,2000,600
1619,338717071,17,train,2000,600
1620,368182200,17,validation,2000,600
1621,397721057,17,train,2000,600
1622,376887254,17,train,2000,600
1623,322552147,17,train,2000,600
1624,318483300,17,validation,2000,600
1625,280827197,17,train,2000,600
1626,293568266,17,train,2000,600
1627,438515767,17,train,2000,600
1628,467751424,17,validation,2000,600
1629,2894860010,17,train,2000,600
1630,2907595997,17,train,2000,600
1631,2936593028,17,train,2000,600
1632,2932519091,17,train,2000,600
1633,2877662774,17,validation,2000,600
1634,2856832001,17,train,2000,600
1635,2818667096,17,train,2000,600
1636,2848135279,17,train,2000,600
1637,2728353618,17,train,2000,600
1638,2740794725,17,train,2000,600
1639,828061267,17,validation,2000,600
1640,815357028,17,train,2000,600
1641,853533245,17,train,2000,600
1642,857573386,17,train,2000,600
1643,911384207,17,train,2000,600
1644,932246712,17,train,2000,600
1645,903236321,17,validation,2000,600
1646,873734358,17,train,2000,600
1647,1061709803,17,train,2000,600
1648,1049234908,17,train,2000,600
1649,2313638198,17,train,2000,600
1650,2284141313,17,train,2000,600
1651,2321778008,17,train,2000,600
1652,2342645615,17,train,2000,600
1653,2398026218,17,train,2000,600
1654,2402063325,17,train,2000,600
1655,2372545924,17,train,2000,600
1656,2359838643,17,train,2000,600
1657,2280915086,17,train,2000,600
1658,2251713209,17,train,2000,600
1659,2605907672,17,validation,2000,600
1660,2593166575,17,train,2000,600
1661,2564172470,17,train,2000,600
1662,2568241281,17,validation,2000,600
1663,2623231492,17,train,2000,600
1664,2644065331,17,train,2000,600
1665,2682225258,17,train,2000,600
1666,2652760157,17,train,2000,600
1667,2504109920,17,train,2000,600
1668,2491663703,17,validation,2000,600
1669,602839485,17,train,2000,600
1670,573371274,17,validation,2000,600
1671,543837651,17,validation,2000,600
1672,564668388,17,train,2000,600
1673,619131233,17,train,2000,600
1674,623205206,17,train,2000,600
1675,660858127,17,train,2000,600
1676,648122168,17,validation,2000,600
1677,771606533,17,validation,2000,600
1678,742367794,17,validation,2000,600
1679,2072873451,17,train,2000,600
1680,2052056028,17,test,2000,600
1681,2013879685,17,test,2000,600
1682,2043361202,17,test,2000,600
1683,2089034039,17,test,2000,600
1684,2101758720,17,test,2000,600
1685,2130769241,17,test,2000,600
1686,2126684014,17,test,2000,600
1687,1973344339,17,test,2000,600
1688,1952232036,17,test,2000,600
1689,3274829454,17,test,2000,600
1690,3270739129,17,test,2000,600
1691,3233102560,17,test,2000,600
1692,3245822167,17,test,2000,600
1693,3292022354,17,test,2000,600
1694,3321506917,17,test,2000,600
1695,3351024188,17,test,2000,600
1696,3330209803,17,test,2000,600
1697,3441606454,17,test,2000,600
1698,3437286657,17,test,2000,600
1699,2203682996,17,test,2000,600
1700,793040546,18,train,2000,600
1701,755132667,18,validation,2000,600
1702,750781132,18,train,2000,600
1703,697242697,18,train,2000,600
1704,676167294,18,validation,2000,600
1705,705413159,18,train,2000,600
1706,734636560,18,train,2000,600
1707,546696493,18,train,2000,600
1708,559384346,18,validation,2000,600
1709,2520439792,18,validation,2000,600
1710,2549658055,18,validation,2000,600
1711,2512261022,18,validation,2000,600
1712,2491180457,18,train,2000,600
1713,2436068140,18,train,2000,600
1714,2431719707,18,train,2000,600
1715,2461509442,18,validation,2000,600
1716,2473971061,18,train,2000,600
1717,2552859208,18,train,2000,600
1718,2582372479,18,train,2000,600
1719,2223993886,18,train,2000,600
1720,2236423721,18,validation,2000,600
1721,2265686128,18,train,2000,600
1722,2261371463,18,train,2000,600
1723,2206653634,18,train,2000,600
1724,2185541365,18,train,2000,600
1725,2147616940,18,train,2000,600
1726,2176869019,18,train,2000,600
1727,2325489062,18,train,2000,600
1728,2338213777,18,train,2000,600
1729,1009980283,18,train,2000,600
1730,1039235404,18,train,2000,600
1731,1069008661,18,train,2000,600
1732,1047899426,18,train,2000,600
1733,993704871,18,validation,2000,600
1734,989385104,18,train,2000,600
1735,952004553,18,train,2000,600
1736,964429310,18,train,2000,600
1737,840975043,18,train,2000,600
1738,870459636,18,train,2000,600
1739,2716085186,18,train,2000,600
1740,2686861813,18,validation,2000,600
1741,2724265900,18,validation,2000,600
1742,2745341339,18,train,2000,600
1743,2800583454,18,train,2000,600
1744,2804934953,18,train,2000,600
1745,2775144304,18,train,2000,600
1746,2762685767,18,train,2000,600
1747,2952231546,18,train,2000,600
1748,2922713165,18,train,2000,600
1749,425217191,18,train,2000,600
1750,412755600,18,train,2000,600
1751,450664649,18,train,2000,600
1752,455013118,18,train,2000,600
1753,508683387,18,train,2000,600
1754,529763916,18,train,2000,600
1755,500510741,18,validation,2000,600
1756,471292450,18,train,2000,600
1757,390798623,18,train,2000,600
1758,378107688,18,train,2000,600
1759,200139593,18,train,2000,600
1760,170887550,18,validation,2000,600
1761,141113127,18,validation,2000,600
1762,162225424,18,train,2000,600
1763,216288149,18,train,2000,600
1764,220602786,18,train,2000,600
1765,257990651,18,train,2000,600
1766,245560780,18,train,2000,600
1767,100578033,18,train,2000,600
1768,71096518,18,train,2000,600
1769,3008463916,18,train,2000,600
1770,2996039195,18,train,2000,600
1771,2966769730,18,train,2000,600
1772,2971089525,18,validation,2000,600
1773,3025677552,18,train,2000,600
1774,3046786759,18,train,2000,600
1775,3084712094,18,validation,2000,600
1776,3055456937,18,train,2000,600
1777,3175273876,18,train,2000,600
1778,3162554275,18,train,2000,600
1779,3945960570,18,train,2000,600
1780,3941662285,18,test,2000,600
1781,3904258068,18,test,2000,600
1782,3916704291,18,test,2000,600
1783,3963305126,18,test,2000,600
1784,3992540817,18,test,2000,600
1785,4022331592,18,test,2000,600
1786,4001202943,18,test,2000,600
1787,3844195778,18,test,2000,600
1788,3840126965,18,test,2000,600
1789,1401877279,18,test,2000,600
1790,1380751656,18,test,2000,600
1791,1342842737,18,test,2000,600
1792,1372081478,18,test,2000,600
1793,1418156995,18,test,2000,600
1794,1430598132,18,test,2000,600
1795,1459851181,18,test,2000,600
1796,1455547802,18,test,2000,600
1797,1570611879,18,test,2000,600
1798,1549781136,18,test,2000,600
1799,333878565,18,test,2000,600
1800,1480844852,19,train,2000,600
1801,1510299757,19,train,2000,600
1802,1539781210,19,validation,2000,600
1803,1585980639,19,validation,2000,600
1804,1598705384,19,train,2000,600
1805,1561129137,19,train,2000,600
1806,1557043846,19,train,2000,600
1807,1469242811,19,train,2000,600
1808,1448130444,19,train,2000,600
1809,3778931558,19,train,2000,600
1810,3774841169,19,train,2000,600
1811,3803791112,19,train,2000,600
1812,3816510783,19,validation,2000,600
1813,3862184890,19,train,2000,600
1814,3891669389,19,train,2000,600
1815,3853555668,19,train,2000,600
1816,3832741347,19,validation,2000,600
1817,4012817118,19,validation,2000,600
1818,4008497385,19,validation,2000,600
1819,4085793928,19,train,2000,600
1820,4064947903,19,train,2000,600
1821,4027355366,19,train,2000,600
1822,4056873681,19,validation,2000,600
1823,4102155348,19,train,2000,600
1824,4114843235,19,train,2000,600
1825,4144314426,19,train,2000,600
1826,4140257805,19,train,2000,600
1827,4254799152,19,train,2000,600
1828,4233723655,19,train,2000,600
1829,1261708269,19,train,2000,600
1830,1257654746,19,train,2000,600
1831,1219557251,19,train,2000,600
1832,1232248244,19,validation,2000,600
1833,1279101745,19,train,2000,600
1834,1308614918,19,validation,2000,600
1835,1337548639,19,validation,2000,600
1836,1316697448,19,train,2000,600
1837,1160213077,19,train,2000,600
1838,1155864674,19,train,2000,600
1839,3605207892,19,train,2000,600
1840,3609293155,19,train,2000,600
1841,3580350266,19,train,2000,600
1842,3567625485,19,train,2000,600
1843,3521819528,19,validation,2000,600
1844,3492338111,19,train,2000,600
1845,3530450918,19,train,2000,600
1846,3551268305,19,train,2000,600
1847,3639626476,19,train,2000,600
1848,3643941083,19,validation,2000,600
1849,1851751473,19,train,2000,600
1850,1872565766,19,train,2000,600
1851,1843112031,19,validation,2000,600
1852,1813627496,19,train,2000,600
1853,1767298285,19,train,2000,600
1854,1754578650,19,train,2000,600
1855,1792147587,19,train,2000,600
1856,1796238004,19,validation,2000,600
1857,1615605129,19,train,2000,600
1858,1636714430,19,train,2000,600
1859,2095764447,19,train,2000,600
1860,2099821032,19,train,2000,600
1861,2137917361,19,train,2000,600
1862,2125229446,19,train,2000,600
1863,2078505731,19,validation,2000,600
1864,2048987444,19,train,2000,600
1865,2020061037,19,train,2000,600
1866,2040907098,19,train,2000,600
1867,1928954471,19,train,2000,600
1868,1933305936,19,train,2000,600
1869,3294016698,19,train,2000,600
1870,3314867853,19,train,2000,600
1871,3352453332,19,train,2000,600
1872,3322940131,19,train,2000,600
1873,3277790310,19,validation,2000,600
1874,3265099345,19,train,2000,600
1875,3235629064,19,train,2000,600
1876,3239682623,19,train,2000,600
1877,3393578242,19,train,2000,600
1878,3414658869,19,train,2000,600
1879,2620761324,19,train,2000,600
1880,2650263259,19,test,2000,600
1881,2679206018,19,test,2000,600
1882,2658343605,19,test,2000,600
1883,2604403760,19,test,2000,600
1884,2600363527,19,test,2000,600
1885,2562250846,19,test,2000,600
1886,2574955113,19,test,2000,600
1887,2452026708,19,test,2000,600
1888,2481233763,19,test,2000,600
1889,613008265,19,test,2000,600
1890,625715646,19,test,2000,600
1891,655169511,19,test,2000,600
1892,651132368,19,test,2000,600
1893,595618645,19,test,2000,600
1894,574751074,19,test,2000,600
1895,537182011,19,test,2000,600
1896,566678796,19,test,2000,600
1897,714773041,19,test,2000,600
1898,727250950,19,test,2000,600
1899,1692509619,19,test,2000,600
1900,179440979,20,train,2000,600
1901,150254346,20,train,2000,600
1902,154589501,20,train,2000,600
1903,209309624,20,train,2000,600
1904,230401423,20,train,2000,600
1905,268245974,20,train,2000,600
1906,239038945,20,train,2000,600
1907,90388188,20,train,2000,600
1908,77683947,20,train,2000,600
1909,3016491009,20,train,2000,600
1910,2987289142,20,validation,2000,600
1911,2957562991,20,train,2000,600
1912,2978659928,20,train,2000,600
1913,3032852701,20,train,2000,600
1914,3037184746,20,train,2000,600
1915,3074522291,20,train,2000,600
1916,3062044292,20,validation,2000,600
1917,3185529273,20,train,2000,600
1918,3156032398,20,train,2000,600
1919,2709106671,20,train,2000,600
1920,2696660440,20,train,2000,600
1921,2734521217,20,train,2000,600
1922,2738819510,20,validation,2000,600
1923,2792359731,20,train,2000,600
1924,2813488388,20,train,2000,600
1925,2784285533,20,train,2000,600
1926,2755049834,20,train,2000,600
1927,2943024727,20,train,2000,600
1928,2930283616,20,train,2000,600
1929,432392330,20,train,2000,600
1930,403153597,20,train,2000,600
1931,440474852,20,train,2000,600
1932,461600467,20,train,2000,600
1933,516710486,20,train,2000,600
1934,521013857,20,train,2000,600
1935,491303992,20,train,2000,600
1936,478862863,20,train,2000,600
1937,399939890,20,train,2000,600
1938,370471685,20,train,2000,600
1939,2215833651,20,train,2000,600
1940,2245040644,20,train,2000,600
1941,2274763869,20,validation,2000,600
1942,2253672042,20,train,2000,600
1943,2199607535,20,train,2000,600
1944,2195272408,20,train,2000,600
1945,2157939841,20,train,2000,600
1946,2170414774,20,validation,2000,600
1947,2315362699,20,train,2000,600
1948,2344864700,20,validation,2000,600
1949,1018074966,20,train,2000,600
1950,1030552929,20,train,2000,600
1951,1059734328,20,train,2000,600
1952,1055402255,20,validation,2000,600
1953,1000816522,20,train,2000,600
1954,979719613,20,validation,2000,600
1955,941878244,20,train,2000,600
1956,971080147,20,validation,2000,600
1957,851298030,20,validation,2000,600
1958,864005337,20,train,2000,600
1959,773535928,20,validation,2000,600
1960,802771599,20,validation,2000,600
1961,765455574,20,train,2000,600
1962,744326881,20,train,2000,600
1963,689082468,20,train,2000,600
1964,684784211,20,train,2000,600
1965,714490890,20,train,2000,600
1966,726937149,20,validation,2000,600
1967,537422080,20,validation,2000,600
1968,566887223,20,train,2000,600
1969,2527551453,20,train,2000,600
1970,2539992554,20,train,2000,600
1971,2502134707,20,train,2000,600
1972,2497831300,20,validation,2000,600
1973,2444162817,20,train,2000,600
1974,2423037238,20,train,2000,600
1975,2452235119,20,validation,2000,600
1976,2481473880,20,train,2000,600
1977,2561936997,20,train,2000,600
1978,2574672978,20,train,2000,600
1979,3468971915,20,train,2000,600
1980,3473286588,20,test,2000,600
1981,3443563493,20,test,2000,600
1982,3431133650,20,test,2000,600
1983,3385714519,20,test,2000,600
1984,3356462432,20,test,2000,600
1985,3393794873,20,test,2000,600
1986,3414907150,20,test,2000,600
1987,3235323443,20,test,2000,600
1988,3239408644,20,test,2000,600
1989,1987586286,20,test,2000,600
1990,2008695513,20,test,2000,600
1991,1979513984,20,test,2000,600
1992,1950258871,20,test,2000,600
1993,1903263794,20,test,2000,600
1994,1890839045,20,test,2000,600
1995,1928680540,20,test,2000,600
1996,1933000299,20,test,2000,600
1997,2020309334,20,test,2000,600
1998,2041123681,20,test,2000,600
1999,907038420,20,test,2000,600
2000,2109029829,21,train,2000,600
2001,2146665372,21,train,2000,600
2002,2117200299,21,train,2000,600
2003,2071920430,21,train,2000,600
2004,2059179289,21,train,2000,600
2005,2029660992,21,train,2000,600
2006,2033729911,21,train,2000,600
2007,1919157834,21,train,2000,600
2008,1940286589,21,train,2000,600
2009,3301650583,21,train,2000,600
2010,3305724576,21,train,2000,600
2011,3343901945,21,validation,2000,600
2012,3331165902,21,train,2000,600
2013,3284310091,21,train,2000,600
2014,3254841980,21,validation,2000,600
2015,3225832485,21,train,2000,600
2016,3246663186,21,validation,2000,600
2017,3403178287,21,train,2000,600
2018,3407481624,21,train,2000,600
2019,3598622585,21,train,2000,600
2020,3619485006,21,train,2000,600
2021,3589950231,21,train,2000,600
2022,3560448288,21,train,2000,600
2023,3514251173,21,train,2000,600
2024,3501546898,21,validation,2000,600
2025,3539198923,21,train,2000,600
2026,3543239164,21,validation,2000,600
2027,3631075009,21,validation,2000,600
2028,3652166902,21,validation,2000,600
2029,1858271260,21,validation,2000,600
2030,1862308395,21,train,2000,600
2031,1833315442,21,validation,2000,600
2032,1820608069,21,train,2000,600
2033,1774932160,21,validation,2000,600
2034,1745435383,21,train,2000,600
2035,1783596206,21,train,2000,600
2036,1804463769,21,validation,2000,600
2037,1624353188,21,train,2000,600
2038,1628685203,21,train,2000,600
2039,4078289061,21,train,2000,600
2040,4074220178,21,train,2000,600
2041,4036039883,21,validation,2000,600
2042,4048781052,21,train,2000,600
2043,4095502457,21,train,2000,600
2044,4124967502,21,train,2000,600
2045,4153981975,21,train,2000,600
2046,4133148192,21,train,2000,600
2047,4245066013,21,train,2000,600
2048,4240767786,21,train,2000,600
2049,1269409728,21,train,2000,600
2050,1248579063,21,train,2000,600
2051,1210938286,21,train,2000,600
2052,1240406425,21,train,2000,600
2053,1285558044,21,train,2000,600
2054,1298294059,21,validation,2000,600
2055,1327815538,21,validation,2000,600
2056,1323741509,21,train,2000,600
2057,1169880696,21,train,2000,600
2058,1148755023,21,train,2000,600
2059,1495009326,21,train,2000,600
2060,1490969113,21,train,2000,600
2061,1519967296,21,train,2000,600
2062,1532671607,21,train,2000,600
2063,1578475762,21,train,2000,600
2064,1607977669,21,train,2000,600
2065,1569813660,21,train,2000,600
2066,1548951211,21,train,2000,600
2067,1460623766,21,validation,2000,600
2068,1456288673,21,train,2000,600
2069,3785387851,21,train,2000,600
2070,3764520316,21,train,2000,600
2071,3794058021,21,train,2000,600
2072,3823554834,21,train,2000,600
2073,3869886359,21,train,2000,600
2074,3882593696,21,train,2000,600
2075,3844936697,21,validation,2000,600
2076,3840899534,21,train,2000,600
2077,4021501683,21,train,2000,600
2078,4000404676,21,train,2000,600
2079,3116597021,21,train,2000,600
2080,3087078698,21,test,2000,600
2081,3125259123,21,test,2000,600
2082,3146105156,21,test,2000,600
2083,3200964545,21,test,2000,600
2084,3205021174,21,test,2000,600
2085,3176006575,21,test,2000,600
2086,3163318680,21,test,2000,600
2087,3083873957,21,test,2000,600
2088,3054650514,21,test,2000,600
2089,25106552,21,test,2000,600
2090,12415567,21,test,2000,600
2091,50056214,21,test,2000,600
2092,54109729,21,test,2000,600
2093,108441764,21,test,2000,600
2094,129292947,21,test,2000,600
2095,99771594,21,test,2000,600
2096,70258429,21,test,2000,600
2097,258755008,21,test,2000,600
2098,246293495,21,test,2000,600
2099,1092058690,21,test,2000,600
2100,3837553791,22,train,2000,600
2101,3875197478,22,train,2000,600
2102,3879254033,22,validation,2000,600
2103,3799494292,22,train,2000,600
2104,3820340387,22,train,2000,600
2105,3790830330,22,validation,2000,600
2106,3761311949,22,train,2000,600
2107,3949811696,22,train,2000,600
2108,3937353159,22,train,2000,600
2109,1573019949,22,train,2000,600
2110,1543506714,22,train,2000,600
2111,1581692227,22,train,2000,600
2112,1602543476,22,train,2000,600
2113,1523304945,22,validation,2000,600
2114,1527358406,22,train,2000,600
2115,1498357151,22,validation,2000,600
2116,1485666216,22,train,2000,600
2117,1406218389,22,train,2000,600
2118,1377000098,22,train,2000,600
2119,1333251779,22,train,2000,600
2120,1320527092,22,train,2000,600
2121,1291000493,22,validation,2000,600
2122,1295085722,22,train,2000,600
2123,1216243231,22,train,2000,600
2124,1237060648,22,train,2000,600
2125,1274720881,22,train,2000,600
2126,1245239366,22,train,2000,600
2127,1097113467,22,train,2000,600
2128,1084683596,22,train,2000,600
2129,4157319590,22,train,2000,600
2130,4127835025,22,train,2000,600
2131,4098850248,22,train,2000,600
2132,4119664639,22,train,2000,600
2133,4039246202,22,train,2000,600
2134,4043336525,22,train,2000,600
2135,4081505556,22,train,2000,600
2136,4068785955,22,validation,2000,600
2137,4191746078,22,validation,2000,600
2138,4162490921,22,train,2000,600
2139,1780257055,22,train,2000,600
2140,1809775400,22,validation,2000,600
2141,1771586929,22,train,2000,600
2142,1750740806,22,validation,2000,600
2143,1830107587,22,train,2000,600
2144,1826051060,22,validation,2000,600
2145,1855057325,22,train,2000,600
2146,1867745178,22,validation,2000,600
2147,1678753959,22,train,2000,600
2148,1707977360,22,train,2000,600
2149,3533764218,22,train,2000,600
2150,3546455117,22,train,2000,600
2151,3508806164,22,train,2000,600
2152,3504752675,22,train,2000,600
2153,3584646822,22,validation,2000,600
2154,3563795601,22,validation,2000,600
2155,3593308872,22,validation,2000,600
2156,3622822143,22,train,2000,600
2157,3702761410,22,train,2000,600
2158,3715223029,22,train,2000,600
2159,3222624660,22,train,2000,600
2160,3252106147,22,train,2000,600
2161,3281096186,22,train,2000,600
2162,3260278733,22,train,2000,600
2163,3340562760,22,train,2000,600
2164,3336477567,22,train,2000,600
2165,3298305318,22,train,2000,600
2166,3311030033,22,train,2000,600
2167,3456501804,22,train,2000,600
2168,3485753883,22,train,2000,600
2169,2024357617,22,validation,2000,600
2170,2037077190,22,train,2000,600
2171,2066606751,22,train,2000,600
2172,2062516392,22,train,2000,600
2173,2141230637,22,validation,2000,600
2174,2120416282,22,train,2000,600
2175,2082751043,22,train,2000,600
2176,2112235636,22,train,2000,600
2177,1991929673,22,train,2000,600
2178,2004354430,22,train,2000,600
2179,550121127,22,train,2000,600
2180,554189968,22,test,2000,600
2181,592378569,22,test,2000,600
2182,579637502,22,test,2000,600
2183,667125371,22,test,2000,600
2184,637660236,22,test,2000,600
2185,608653845,22,test,2000,600
2186,629487650,22,test,2000,600
2187,786005791,22,test,2000,600
2188,790304040,22,test,2000,600
2189,2557888962,22,test,2000,600
2190,2578719733,22,test,2000,600
2191,2616368556,22,test,2000,600
2192,2586900379,22,test,2000,600
2193,2675958046,22,test,2000,600
2194,2663222057,22,test,2000,600
2195,2633708912,22,test,2000,600
2196,2637782855,22,test,2000,600
2197,2523207802,22,test,2000,600
2198,2544333389,22,test,2000,600
2199,3625857016,22,test,2000,600
2200,2478529769,23,train,2000,600
2201,2449334960,23,train,2000,600
2202,2420082823,23,train,2000,600
2203,2507185666,23,train,2000,600
2204,2494755893,23,train,2000,600
2205,2532592236,23,train,2000,600
2206,2536906843,23,validation,2000,600
2207,2624218982,23,train,2000,600
2208,2645036369,23,train,2000,600
2209,717574587,23,train,2000,600
2210,721894284,23,train,2000,600
2211,692159957,23,validation,2000,600
2212,679735266,23,train,2000,600
2213,768407911,23,train,2000,600
2214,739152720,23,train,2000,600
2215,776482057,23,train,2000,600
2216,797591358,23,train,2000,600
2217,618004483,23,train,2000,600
2218,622094900,23,train,2000,600
2219,946929237,23,validation,2000,600
2220,968004706,23,train,2000,600
2221,1005857339,23,train,2000,600
2222,976633868,23,train,2000,600
2223,1064916617,23,train,2000,600
2224,1052458174,23,train,2000,600
2225,1023247079,23,train,2000,600
2226,1027598544,23,train,2000,600
2227,912502765,23,train,2000,600
2228,933348826,23,validation,2000,600
2229,2160892208,23,train,2000,600
2230,2165240583,23,train,2000,600
2231,2202553694,23,validation,2000,600
2232,2190092137,23,train,2000,600
2233,2277847532,23,train,2000,600
2234,2248629211,23,train,2000,600
2235,2218911106,23,train,2000,600
2236,2239991733,23,train,2000,600
2237,2397030536,23,train,2000,600
2238,2401084095,23,train,2000,600
2239,488350089,23,train,2000,600
2240,484035518,23,train,2000,600
2241,513766887,23,validation,2000,600
2242,526196688,23,train,2000,600
2243,437389653,23,train,2000,600
2244,466641762,23,train,2000,600
2245,429317435,23,train,2000,600
2246,408205068,23,train,2000,600
2247,319352881,23,validation,2000,600
2248,315267590,23,train,2000,600
2249,2779236076,23,train,2000,600
2250,2758126811,23,train,2000,600
2251,2787316354,23,train,2000,600
2252,2816571573,23,train,2000,600
2253,2729340464,23,train,2000,600
2254,2741765127,23,validation,2000,600
2255,2703931998,23,train,2000,600
2256,2699612265,23,validation,2000,600
2257,2880739156,23,validation,2000,600
2258,2859924835,23,validation,2000,600
2259,3071437058,23,train,2000,600
2260,3067085621,23,train,2000,600
2261,3029777772,23,train,2000,600
2262,3042236251,23,validation,2000,600
2263,2954609118,23,validation,2000,600
2264,2983832553,23,train,2000,600
2265,3013547440,23,train,2000,600
2266,2992471943,23,train,2000,600
2267,3103865018,23,train,2000,600
2268,3099808397,23,train,2000,600
2269,263065191,23,validation,2000,600
2270,241984592,23,train,2000,600
2271,204134921,23,validation,2000,600
2272,233353278,23,validation,2000,600
2273,145204923,23,train,2000,600
2274,157666444,23,train,2000,600
2275,186872533,23,train,2000,600
2276,182524130,23,train,2000,600
2277,29188063,23,train,2000,600
2278,8336872,23,train,2000,600
2279,1473060401,23,train,2000,600
2280,1443853318,23,test,2000,600
2281,1414122079,23,test,2000,600
2282,1435213928,23,test,2000,600
2283,1355069165,23,test,2000,600
2284,1359404250,23,test,2000,600
2285,1396728451,23,test,2000,600
2286,1384253620,23,test,2000,600
2287,1507741577,23,test,2000,600
2288,1478239678,23,test,2000,600
2289,4017191252,23,test,2000,600
2290,4004713315,23,test,2000,600
2291,3975523642,23,test,2000,600
2292,3979855629,23,test,2000,600
2293,3900232072,23,test,2000,600
2294,3921329087,23,test,2000,600
2295,3959162342,23,test,2000,600
2296,3929960401,23,test,2000,600
2297,3781306604,23,test,2000,600
2298,3768599259,23,test,2000,600
2299,2937659246,23,test,2000,600
2300,232769866,24,train,2000,600
2301,261715731,24,train,2000,600
2302,240852260,24,train,2000,600
2303,185863073,24,train,2000,600
2304,181821846,24,train,2000,600
2305,143712207,24,train,2000,600
2306,156415480,24,validation,2000,600
2307,34534085,24,train,2000,600
2308,63740146,24,validation,2000,600
2309,3030500376,24,validation,2000,600
2310,3043208751,24,validation,2000,600
2311,3072659574,24,train,2000,600
2312,3068623425,24,train,2000,600
2313,3014159556,24,train,2000,600
2314,2993293043,24,train,2000,600
2315,2955720874,24,train,2000,600
2316,2985218717,24,validation,2000,600
2317,3132265888,24,train,2000,600
2318,3144744855,24,train,2000,600
2319,2786356214,24,train,2000,600
2320,2815820225,24,train,2000,600
2321,2777726872,24,train,2000,600
2322,2756892079,24,train,2000,600
2323,2703082282,24,train,2000,600
2324,2699012381,24,train,2000,600
2325,2727941956,24,train,2000,600
2326,2740682099,24,train,2000,600
2327,2819045966,24,train,2000,600
2328,2848280697,24,train,2000,600
2329,514329747,24,train,2000,600
2330,527066788,24,train,2000,600
2331,489478397,24,train,2000,600
2332,485405386,24,train,2000,600
2333,430023759,24,validation,2000,600
2334,409194104,24,train,2000,600
2335,438661153,24,validation,2000,600
2336,468130326,24,train,2000,600
2337,280714539,24,train,2000,600
2338,293156636,24,train,2000,600
2339,2206151722,24,validation,2000,600
2340,2193448477,24,train,2000,600
2341,2163990596,24,train,2000,600
2342,2168031859,24,validation,2000,600
2343,2222365942,24,train,2000,600
2344,2243229377,24,train,2000,600
2345,2280802456,24,train,2000,600
2346,2251301551,24,train,2000,600
2347,2372691346,24,train,2000,600
2348,2360217509,24,train,2000,600
2349,1002656591,24,validation,2000,600
2350,973158776,24,train,2000,600
2351,944211745,24,train,2000,600
2352,965078294,24,train,2000,600
2353,1019935635,24,validation,2000,600
2354,1023971748,24,train,2000,600
2355,1062088701,24,train,2000,600
2356,1049380298,24,validation,2000,600
2357,902824695,24,train,2000,600
2358,873621696,24,train,2000,600
2359,695663777,24,validation,2000,600
2360,682923670,24,validation,2000,600
2361,720513231,24,train,2000,600
2362,724583160,24,validation,2000,600
2363,780096637,24,train,2000,600
2364,800931402,24,train,2000,600
2365,771457043,24,train,2000,600
2366,741992996,24,train,2000,600
2367,660974873,24,validation,2000,600
2368,648529710,24,train,2000,600
2369,2445974468,24,train,2000,600
2370,2416505331,24,train,2000,600
2371,2454605738,24,train,2000,600
2372,2475435421,24,train,2000,600
2373,2529375000,24,train,2000,600
2374,2533447983,24,train,2000,600
2375,2504517494,24,train,2000,600
2376,2491780417,24,train,2000,600
2377,2681850492,24,train,2000,600
2378,2652610635,24,train,2000,600
2379,3383331730,24,train,2000,600
2380,3362513317,24,test,2000,600
2381,3391971324,24,test,2000,600
2382,3421451723,24,test,2000,600
2383,3466601294,24,test,2000,600
2384,3479325049,24,test,2000,600
2385,3441751840,24,test,2000,600
2386,3437665559,24,test,2000,600
2387,3350911530,24,test,2000,600
2388,3329798173,24,test,2000,600
2389,1897262327,24,test,2000,600
2390,1893172928,24,test,2000,600
2391,1922119833,24,test,2000,600
2392,1934840494,24,test,2000,600
2393,1981563947,24,test,2000,600
2394,2011049500,24,test,2000,600
2395,1972932677,24,test,2000,600
2396,1952119410,24,test,2000,600
2397,2131148111,24,test,2000,600
2398,2126829432,24,test,2000,600
2399,830311117,24,test,2000,600
2400,2061040092,25,train,2000,600
2401,2023638917,25,train,2000,600
2402,2036084146,25,train,2000,600
2403,2081635127,25,train,2000,600
2404,2110869760,25,train,2000,600
2405,2140663641,25,train,2000,600
2406,2119533934,25,validation,2000,600
2407,1963573843,25,train,2000,600
2408,1959503972,25,train,2000,600
2409,3282498702,25,train,2000,600
2410,3261374137,25,validation,2000,600
2411,3223462112,25,validation,2000,600
2412,3252701911,25,train,2000,600
2413,3299826770,25,train,2000,600
2414,3312268901,25,train,2000,600
2415,3341518908,25,train,2000,600
2416,3337216523,25,train,2000,600
2417,3451233590,25,train,2000,600
2418,3430403841,25,train,2000,600
2419,3507706720,25,train,2000,600
2420,3503370583,25,train,2000,600
2421,3533147918,25,validation,2000,600
2422,3545621817,25,train,2000,600
2423,3592090556,25,train,2000,600
2424,3621296523,25,validation,2000,600
2425,3583911890,25,train,2000,600
2426,3562819045,25,train,2000,600
2427,3741321944,25,train,2000,600
2428,3737280751,25,train,2000,600
2429,1773091845,25,validation,2000,600
2430,1751995954,25,train,2000,600
2431,1781262443,25,train,2000,600
2432,1810465372,25,train,2000,600
2433,1856410841,25,validation,2000,600
2434,1868889838,25,train,2000,600
2435,1830961335,25,validation,2000,600
2436,1826630272,25,train,2000,600
2437,1740402109,25,train,2000,600
2438,1719535498,25,train,2000,600
2439,4101506236,25,train,2000,600
2440,4122635915,25,train,2000,600
2441,4160540882,25,validation,2000,600
2442,4131306213,25,train,2000,600
2443,4084313184,25,train,2000,600
2444,4071867991,25,train,2000,600
2445,4042618894,25,train,2000,600
2446,4046918201,25,train,2000,600
2447,4201338116,25,train,2000,600
2448,4222172979,25,train,2000,600
2449,1287939033,25,train,2000,600
2450,1292241390,25,train,2000,600
2451,1329641399,25,validation,2000,600
2452,1317199232,25,train,2000,600
2453,1271778053,25,train,2000,600
2454,1242538290,25,train,2000,600
2455,1212751723,25,train,2000,600
2456,1233876316,25,validation,2000,600
2457,1121399393,25,train,2000,600
2458,1125472342,25,validation,2000,600
2459,1584516151,25,train,2000,600
2460,1605608960,25,train,2000,600
2461,1576343641,25,train,2000,600
2462,1547137646,25,train,2000,600
2463,1501062379,25,train,2000,600
2464,1488588508,25,train,2000,600
2465,1526509701,25,train,2000,600
2466,1530845874,25,train,2000,600
2467,1348640143,25,train,2000,600
2468,1369503672,25,validation,2000,600
2469,3872238418,25,validation,2000,600
2470,3876569445,25,validation,2000,600
2471,3846799164,25,train,2000,600
2472,3834320139,25,train,2000,600
2473,3787719566,25,train,2000,600
2474,3758516665,25,train,2000,600
2475,3795900384,25,train,2000,600
2476,3816996311,25,train,2000,600
2477,3906927338,25,train,2000,600
2478,3910963421,25,validation,2000,600
2479,3199122180,25,train,2000,600
2480,3211579699,25,test,2000,600
2481,3173674858,25,test,2000,600
2482,3169322333,25,test,2000,600
2483,3114734552,25,test,2000,600
2484,3093658095,25,test,2000,600
2485,3122907062,25,test,2000,600
2486,3152129409,25,test,2000,600
2487,2965236412,25,test,2000,600
2488,2977923211,25,test,2000,600
2489,101899361,25,test,2000,600
2490,131118678,25,test,2000,600
2491,93718543,25,test,2000,600
2492,72639032,25,test,2000,600
2493,18576573,25,test,2000,600
2494,14229130,25,test,2000,600
2495,44015827,25,test,2000,600
2496,56478436,25,test,2000,600
2497,134319577,25,test,2000,600
2498,163833838,25,test,2000,600
2499,1182448219,25,test,2000,600
2500,3822168166,26,validation,2000,600
2501,3784775231,26,train,2000,600
2502,3763698696,26,validation,2000,600
2503,3843713677,26,train,2000,600
2504,3839361210,26,train,2000,600
2505,3869163235,26,train,2000,600
2506,3881620692,26,train,2000,600
2507,3959460841,26,validation,2000,600
2508,3988978142,26,validation,2000,600
2509,1521460532,26,train,2000,600
2510,1533923075,26,train,2000,600
2511,1496019290,26,train,2000,600
2512,1491671917,26,train,2000,600
2513,1571163624,26,train,2000,600
2514,1550084063,26,train,2000,600
2515,1579342214,26,train,2000,600
2516,1608561585,26,train,2000,600
2517,1421669516,26,train,2000,600
2518,1434361531,26,validation,2000,600
2519,1209666266,26,train,2000,600
2520,1238917357,26,train,2000,600
2521,1268702900,26,train,2000,600
2522,1247589507,26,train,2000,600
2523,1326686726,26,train,2000,600
2524,1322371121,26,train,2000,600
2525,1284994664,26,train,2000,600
2526,1297423455,26,train,2000,600
2527,1175018338,26,validation,2000,600
2528,1204498773,26,train,2000,600
2529,4037438911,26,train,2000,600
2530,4049864584,26,train,2000,600
2531,4079139281,26,train,2000,600
2532,4074820582,26,train,2000,600
2533,4155491683,26,train,2000,600
2534,4134383444,26,train,2000,600
2535,4096463117,26,validation,2000,600
2536,4125719354,26,train,2000,600
2537,4273290247,26,train,2000,600
2538,4286010928,26,train,2000,600
2539,1836143878,26,train,2000,600
2540,1823686449,26,train,2000,600
2541,1861583208,26,train,2000,600
2542,1865935711,26,validation,2000,600
2543,1786314202,26,train,2000,600
2544,1807390701,26,validation,2000,600
2545,1778133428,26,validation,2000,600
2546,1748910979,26,train,2000,600
2547,1667368126,26,train,2000,600
2548,1654681225,26,train,2000,600
2549,3586994787,26,train,2000,600
2550,3557775444,26,train,2000,600
2551,3595167245,26,train,2000,600
2552,3616246842,26,validation,2000,600
2553,3536100031,26,train,2000,600
2554,3540447368,26,train,2000,600
2555,3510652625,26,train,2000,600
2556,3498190054,26,train,2000,600
2557,3688784859,26,train,2000,600
2558,3659270636,26,validation,2000,600
2559,3346570637,26,train,2000,600
2560,3334141882,26,train,2000,600
2561,3304868323,26,validation,2000,600
2562,3309183956,26,train,2000,600
2563,3228644689,26,train,2000,600
2564,3249758054,26,train,2000,600
2565,3287671103,26,train,2000,600
2566,3258419976,26,train,2000,600
2567,3379285045,26,train,2000,600
2568,3366561282,26,train,2000,600
2569,2143615720,26,validation,2000,600
2570,2114359519,26,train,2000,600
2571,2084580998,26,train,2000,600
2572,2105689265,26,validation,2000,600
2573,2026721844,26,train,2000,600
2574,2031040515,26,train,2000,600
2575,2068416090,26,train,2000,600
2576,2055990381,26,train,2000,600
2577,1909959504,26,train,2000,600
2578,1880473959,26,train,2000,600
2579,665316030,26,validation,2000,600
2580,644186249,26,test,2000,600
2581,606289616,26,test,2000,600
2582,635524327,26,test,2000,600
2583,548291170,26,test,2000,600
2584,560736341,26,test,2000,600
2585,589993484,26,test,2000,600
2586,585694267,26,test,2000,600
2587,699710214,26,test,2000,600
2588,678875441,26,test,2000,600
2589,2669383131,26,test,2000,600
2590,2665080812,26,test,2000,600
2591,2627688885,26,test,2000,600
2592,2640130946,26,test,2000,600
2593,2551325959,26,test,2000,600
2594,2580565808,26,test,2000,600
2595,2610360681,26,test,2000,600
2596,2589236062,26,test,2000,600
2597,2433277027,26,test,2000,600
2598,2429204052,26,test,2000,600
2599,3748916193,26,test,2000,600
2600,2497091824,27,train,2000,600
2601,2526029481,27,validation,2000,600
2602,2538753182,27,train,2000,600
2603,2451397147,27,validation,2000,600
2604,2480877612,27,train,2000,600
2605,2442759797,27,train,2000,600
2606,2421941314,27,train,2000,600
2607,2600969087,27,validation,2000,600
2608,2596653384,27,validation,2000,600
2609,766023074,27,train,2000,600
2610,745209749,27,train,2000,600
2611,774652364,27,train,2000,600
2612,804137979,27,train,2000,600
2613,715210110,27,train,2000,600
2614,727930697,27,train,2000,600
2615,690350352,27,train,2000,600
2616,686261031,27,train,2000,600
2617,599507994,27,train,2000,600
2618,578399789,27,train,2000,600
2619,1058880076,27,train,2000,600
2620,1054822523,27,validation,2000,600
2621,1016720930,27,train,2000,600
2622,1029407765,27,train,2000,600
2623,940872336,27,train,2000,600
2624,970389671,27,train,2000,600
2625,999311102,27,train,2000,600
2626,978463945,27,validation,2000,600
2627,823028724,27,train,2000,600
2628,818676163,27,train,2000,600
2629,2275499305,27,train,2000,600
2630,2254649118,27,train,2000,600
2631,2217052487,27,train,2000,600
2632,2246566768,27,train,2000,600
2633,2158556661,27,train,2000,600
2634,2171248578,27,train,2000,600
2635,2200707483,27,validation,2000,600
2636,2196655020,27,train,2000,600
2637,2310147217,27,train,2000,600
2638,2289067686,27,train,2000,600
2639,443966864,27,train,2000,600
2640,464785319,27,train,2000,600
2641,435335678,27,train,2000,600
2642,405855177,27,train,2000,600
2643,494914892,27,train,2000,600
2644,482191227,27,train,2000,600
2645,519772450,27,train,2000,600
2646,523858709,27,train,2000,600
2647,342176808,27,train,2000,600
2648,363290143,27,validation,2000,600
2649,2731148021,27,train,2000,600
2650,2735237314,27,train,2000,600
2651,2706298523,27,validation,2000,600
2652,2693577900,27,train,2000,600
2653,2781063721,27,validation,2000,600
2654,2751578142,27,train,2000,600
2655,2789703239,27,train,2000,600
2656,2810516592,27,validation,2000,600
2657,2899923789,27,train,2000,600
2658,2904242554,27,train,2000,600
2659,2961157403,27,train,2000,600
2660,2982004524,27,train,2000,600
2661,3019602293,27,validation,2000,600
2662,2990084930,27,train,2000,600
2663,3077965255,27,train,2000,600
2664,3065278448,27,train,2000,600
2665,3035812265,27,train,2000,600
2666,3039869854,27,train,2000,600
2667,3194813603,27,validation,2000,600
2668,3215890068,27,train,2000,600
2669,147049086,27,train,2000,600
2670,151101513,27,train,2000,600
2671,189210128,27,train,2000,600
2672,176518183,27,train,2000,600
2673,264921762,27,validation,2000,600
2674,235407509,27,validation,2000,600
2675,206485196,27,train,2000,600
2676,227335419,27,train,2000,600
2677,114334662,27,validation,2000,600
2678,118682097,27,train,2000,600
2679,1352718888,27,train,2000,600
2680,1365422111,27,test,2000,600
2681,1394871878,27,test,2000,600
2682,1390830705,27,test,2000,600
2683,1470722804,27,test,2000,600
2684,1449859267,27,test,2000,600
2685,1412277914,27,test,2000,600
2686,1441778861,27,test,2000,600
2687,1588824976,27,test,2000,600
2688,1601298855,27,test,2000,600
2689,3894197581,27,test,2000,600
2690,3923695482,27,test,2000,600
2691,3952634147,27,test,2000,600
2692,3931767572,27,test,2000,600
2693,4011136401,27,test,2000,600
2694,4007100326,27,test,2000,600
2695,3968975359,27,test,2000,600
2696,3981683656,27,test,2000,600
2697,3859803381,27,test,2000,600
2698,3889006274,27,test,2000,600
2699,2826230647,27,test,2000,600
2700,74024289,28,validation,2000,600
2701,103758648,28,train,2000,600
2702,132993295,28,validation,2000,600
2703,44189578,28,validation,2000,600
2704,56634813,28,train,2000,600
2705,19305444,28,train,2000,600
2706,15006163,28,train,2000,600
2707,196656878,28,train,2000,600
2708,175822041,28,train,2000,600
2709,3172436019,28,train,2000,600
2710,3168133636,28,train,2000,600
2711,3197328477,28,validation,2000,600
2712,3209770602,28,validation,2000,600
2713,3122536687,28,train,2000,600
2714,3151776472,28,train,2000,600
2715,3113940097,28,train,2000,600
2716,3092815542,28,train,2000,600
2717,3003439499,28,train,2000,600
2718,2999366588,28,train,2000,600
2719,2946639837,28,validation,2000,600
2720,2925546986,28,train,2000,600
2721,2888233907,28,train,2000,600
2722,2917439876,28,train,2000,600
2723,2829815553,28,train,2000,600
2724,2842289462,28,train,2000,600
2725,2872007535,28,train,2000,600
2726,2867671384,28,train,2000,600
2727,2712761957,28,train,2000,600
2728,2691898450,28,train,2000,600
2729,387858616,28,train,2000,600
2730,383527567,28,train,2000,600
2731,345674966,28,train,2000,600
2732,358153953,28,train,2000,600
2733,270002276,28,train,2000,600
2734,299205203,28,train,2000,600
2735,328416266,28,train,2000,600
2736,307320381,28,train,2000,600
2737,420286720,28,train,2000,600
2738,416250679,28,train,2000,600
2739,2328459265,28,train,2000,600
2740,2332758582,28,train,2000,600
2741,2303569007,28,train,2000,600
2742,2291123800,28,train,2000,600
2743,2378223837,28,train,2000,600
2744,2348989162,28,train,2000,600
2745,2386822323,28,validation,2000,600
2746,2407952004,28,validation,2000,600
2747,2228890041,28,train,2000,600
2748,2232959886,28,train,2000,600
2749,846536548,28,train,2000,600
2750,867661139,28,train,2000,600
2751,837929738,28,train,2000,600
2752,808689981,28,train,2000,600
2753,897365944,28,train,2000,600
2754,884923791,28,train,2000,600
2755,922248150,28,train,2000,600
2756,926550497,28,train,2000,600
2757,1013337820,28,train,2000,600
2758,1034167531,28,train,2000,600
2759,549499018,28,train,2000,600
2760,553835197,28,train,2000,600
2761,591684836,28,validation,2000,600
2762,579210963,28,validation,2000,600
2763,667490390,28,validation,2000,600
2764,638284385,28,train,2000,600
2765,609078328,28,train,2000,600
2766,630171151,28,train,2000,600
2767,785637682,28,train,2000,600
2768,789678853,28,train,2000,600
2769,2558318575,28,train,2000,600
2770,2579414488,28,train,2000,600
2771,2616722305,28,validation,2000,600
2772,2587519414,28,validation,2000,600
2773,2675277619,28,train,2000,600
2774,2662798596,28,train,2000,600
2775,2633083741,28,train,2000,600
2776,2637414762,28,validation,2000,600
2777,2523891287,28,validation,2000,600
2778,2544757856,28,validation,2000,600
2779,3223308217,28,train,2000,600
2780,3252530574,28,test,2000,600
2781,3281720279,28,test,2000,600
2782,3260643808,28,test,2000,600
2783,3340136293,28,test,2000,600
2784,3335783762,28,test,2000,600
2785,3297950475,28,test,2000,600
2786,3310407996,28,test,2000,600
2787,3456931329,28,test,2000,600
2788,3486448694,28,test,2000,600
2789,2023989468,28,test,2000,600
2790,2036452075,28,test,2000,600
2791,2066183346,28,test,2000,600
2792,2061835909,28,test,2000,600
2793,2141849600,28,test,2000,600
2794,2120770103,28,test,2000,600
2795,2083445870,28,test,2000,600
2796,2112665177,28,test,2000,600
2797,1991307620,28,test,2000,600
2798,2003999571,28,test,2000,600
2799,952878822,28,test,2000,600
