condition,fault_id,group,auroc_loss_mean,auroc_loss_sd,positive_seeds,signflip_p,bh_q_global,bh_q_within_fault,fpr_delta_mean,fpr_delta_ci_low,fpr_delta_ci_high,ci_outside_tolerance,ci_fully_inside_tolerance
keep_last_1,1,NO_GAIN,0.00019976328903652528,6.767383617220804e-05,5,0.0625,0.11824324324324324,0.10416666666666667,0.0008,-0.001,0.0025512499999999824,False,True
keep_last_1,2,NO_GAIN,0.0004945431893688124,7.67685508058044e-05,5,0.0625,0.11824324324324324,0.10416666666666667,0.00015000000000000001,-0.00115,0.0014000000000000002,False,True
keep_last_1,3,GAIN,0.004800066445182716,0.0025820004949714498,5,0.0625,0.11824324324324324,0.1171875,-0.0009,-0.00235,0.00045000000000000015,False,True
keep_last_1,4,GAIN,0.19622481312292367,0.0849108091676506,5,0.0625,0.11824324324324324,0.1171875,0.00165,0.00039999999999999986,0.0028500000000000005,False,True
keep_last_1,5,NO_GAIN,-0.00219336794019932,0.001998215392684918,1,0.125,0.205078125,0.20833333333333334,-0.0004000000000000002,-0.0018500000000000003,0.0010999999999999998,False,True
keep_last_1,6,NO_GAIN,-5.221760797344821e-05,1.0873327062053031e-05,0,0.0625,0.11824324324324324,0.13392857142857142,0.0007500000000000001,-0.0006999999999999999,0.00235,False,True
keep_last_1,7,GAIN,8.511627906970798e-05,7.754406321744101e-05,5,0.0625,0.11824324324324324,0.13392857142857142,-4.999999999999988e-05,-0.0015,0.0015,False,True
keep_last_1,8,NO_GAIN,-0.00028917774086372193,0.00023616083153868734,0,0.0625,0.11824324324324324,0.15625,0.0009000000000000001,-0.0009,0.0027999999999999995,False,True
keep_last_1,9,NO_GAIN,-0.0032452782392026645,0.0009827962772129056,0,0.0625,0.11824324324324324,0.13392857142857142,0.00010000000000000005,-0.0012,0.0013999999999999998,False,True
keep_last_1,10,NO_GAIN,0.005345805647840485,0.0018477221625239088,5,0.0625,0.11824324324324324,0.08522727272727272,0.0008500000000000001,-0.0008,0.00275,False,True
keep_last_1,11,NO_GAIN,0.007357080564784124,0.0027688293885716874,5,0.0625,0.11824324324324324,0.10416666666666667,-0.0008499999999999998,-0.0020500000000000006,0.00045000000000000015,False,True
keep_last_1,12,NO_GAIN,0.002933434385382072,0.0027975111370941853,4,0.125,0.205078125,0.1875,0.0006500000000000002,-0.0007499999999999999,0.00205,False,True
keep_last_1,13,NO_GAIN,0.00055495431893684,0.0002864801522787005,5,0.0625,0.11824324324324324,0.10416666666666667,-0.00155,-0.0030499999999999998,-2.596664203102862e-19,False,True
keep_last_1,14,NO_GAIN,0.0004681686046512423,0.0006422195408894401,5,0.0625,0.11824324324324324,0.13392857142857142,-0.0010999999999999998,-0.003,0.0008499999999999998,False,True
keep_last_1,15,NO_GAIN,0.004620984219269086,0.0011371886140899854,5,0.0625,0.11824324324324324,0.1171875,-8.673617379884036e-20,-0.0009999999999999998,0.00105,False,True
keep_last_1,16,NO_GAIN,0.0011158305647840593,0.0021348504641010547,4,0.3125,0.4605263157894737,0.5859375,-0.00015000000000000004,-0.0018499999999999999,0.0015,False,True
keep_last_1,17,NO_GAIN,0.00034131644518278217,0.0003119000852352747,4,0.125,0.205078125,0.3125,-0.00014999999999999996,-0.0017499999999999998,0.0013999999999999998,False,True
keep_last_1,18,NO_GAIN,0.003531220930232548,0.002545250664218866,4,0.125,0.205078125,0.234375,-0.0009999999999999998,-0.0024,0.0004000000000000001,False,True
keep_last_1,19,GAIN,0.05981653654485053,0.015979790870567032,5,0.0625,0.11824324324324324,0.08522727272727272,-0.00024999999999999984,-0.00205,0.00155,False,True
keep_last_1,20,NO_GAIN,0.0009585714285714975,0.0003525691878246745,5,0.0625,0.11824324324324324,0.15625,-0.0010500000000000002,-0.0021999999999999997,5.00000000000001e-05,False,True
keep_last_1,21,NO_GAIN,-0.0011464991694352445,0.0017383118909522896,1,0.25,0.37906137184115524,0.375,-0.0004000000000000002,-0.0019,0.0010999999999999996,False,True
keep_last_1,22,NO_GAIN,-0.0027791901993355684,0.0012797560351375963,0,0.0625,0.11824324324324324,0.09375,0.0005000000000000002,-0.0012499999999999998,0.0021000000000000003,False,True
keep_last_1,23,NO_GAIN,0.0117958803986711,0.0008117389966306207,5,0.0625,0.11824324324324324,0.10416666666666667,0.0013999999999999998,-0.0001,0.00295,False,True
keep_last_1,24,GAIN,0.00700584302325582,0.0032145892224121316,5,0.0625,0.11824324324324324,0.1171875,0.0004,-0.0010999999999999998,0.0018500000000000003,False,True
keep_last_1,25,GAIN,0.08368677325581393,0.014995077721358703,5,0.0625,0.11824324324324324,0.13392857142857142,-0.0011499999999999995,-0.003,0.0008999999999999998,False,True
keep_last_1,26,GAIN,0.16422381644518275,0.024230928168568127,5,0.0625,0.11824324324324324,0.09375,-0.00105,-0.0026499999999999996,0.0005000000000000004,False,True
keep_last_1,27,NO_GAIN,0.01912423172757476,0.005537022701928385,5,0.0625,0.11824324324324324,0.09375,0.0002499999999999999,-0.00095,0.0014999999999999998,False,True
keep_last_1,28,NO_GAIN,0.005645747508305665,0.0008584982332605538,5,0.0625,0.11824324324324324,0.09375,0.0026,0.0008500000000000003,0.004449999999999999,False,True
keep_last_10,1,NO_GAIN,9.735880398673569e-05,5.0050312155601345e-05,5,0.0625,0.11824324324324324,0.10416666666666667,0.0007,-0.0006499999999999998,0.002,False,True
keep_last_10,2,NO_GAIN,0.00013870431893692192,4.953355478546277e-05,5,0.0625,0.11824324324324324,0.10416666666666667,-0.0001,-0.0012500000000000002,0.0010500000000000002,False,True
keep_last_10,3,GAIN,0.0016046179401993487,0.0012594495320450956,4,0.125,0.205078125,0.1875,-0.00095,-0.002,0.0002499999999999999,False,True
keep_last_10,4,GAIN,0.055560847176079745,0.044534025522446244,4,0.125,0.205078125,0.1875,0.0002499999999999999,-0.0009000000000000001,0.0013999999999999998,False,True
keep_last_10,5,NO_GAIN,0.0007623089700996566,0.0013933278578782914,4,0.25,0.37906137184115524,0.3125,0.00105,-9.999999999999991e-05,0.0022,False,True
keep_last_10,6,NO_GAIN,-2.5199335548187208e-05,1.3691206099469657e-05,0,0.0625,0.11824324324324324,0.13392857142857142,0.0002500000000000001,-0.0009499999999999998,0.00135,False,True
keep_last_10,7,GAIN,-7.5581395347912306e-06,3.46029801252039e-05,1,0.6875,0.8697289156626506,0.9375,0.0011499999999999995,-0.00030000000000000003,0.00265,False,True
keep_last_10,8,NO_GAIN,0.00011286544850512837,0.00012021460754782661,4,0.125,0.205078125,0.234375,-0.0006499999999999999,-0.0017499999999999998,0.00035000000000000005,False,True
keep_last_10,9,NO_GAIN,0.0019121553156146165,0.00142716261759843,5,0.0625,0.11824324324324324,0.13392857142857142,0.0005000000000000001,-0.00045000000000000004,0.0014500000000000003,False,True
keep_last_10,10,NO_GAIN,0.0012341196013288202,0.0008067524506666555,5,0.0625,0.11824324324324324,0.08522727272727272,0.0013000000000000002,-4.336808689942018e-20,0.00275,False,True
keep_last_10,11,NO_GAIN,0.0019691652823921046,0.000844542846116378,5,0.0625,0.11824324324324324,0.10416666666666667,-0.0008000000000000001,-0.0019000000000000002,0.0003499999999999999,False,True
keep_last_10,12,NO_GAIN,0.004707196843853812,0.0009878607050901494,5,0.0625,0.11824324324324324,0.1171875,-0.00045000000000000004,-0.0017000000000000001,0.0008499999999999998,False,True
keep_last_10,13,NO_GAIN,0.0005215946843854403,0.00011469632709916164,5,0.0625,0.11824324324324324,0.10416666666666667,-0.0004,-0.0017000000000000001,0.0009999999999999996,False,True
keep_last_10,14,NO_GAIN,0.0001296636212624991,0.00013038280409526142,5,0.0625,0.11824324324324324,0.13392857142857142,-0.0005499999999999999,-0.0019999999999999996,0.0009999999999999998,False,True
keep_last_10,15,NO_GAIN,0.003197234219269096,0.0014915416043826415,5,0.0625,0.11824324324324324,0.1171875,-0.00095,-0.0018500000000000003,-9.999999999999991e-05,False,True
keep_last_10,16,NO_GAIN,-5.134966777409211e-05,0.0008738624878855906,3,0.875,1.0,1.0,-0.00039999999999999986,-0.0016,0.0008999999999999998,False,True
keep_last_10,17,NO_GAIN,-5.471760797337577e-05,6.271247691804318e-05,1,0.1875,0.29605263157894735,0.3125,0.0001,-0.0008,0.0009999999999999998,False,True
keep_last_10,18,NO_GAIN,0.0005027284053156222,0.0017989749265861998,3,0.625,0.8052147239263804,0.8522727272727273,-0.0008,-0.0023,0.0006499999999999996,False,True
keep_last_10,19,GAIN,0.015647213455149477,0.005391359227370923,5,0.0625,0.11824324324324324,0.08522727272727272,-0.00035000000000000005,-0.00155,0.0008499999999999998,False,True
keep_last_10,20,NO_GAIN,0.0001399750830565649,0.00041376193822219423,3,0.6875,0.8697289156626506,0.9375,-0.00105,-0.00235,0.00015000000000000001,False,True
keep_last_10,21,NO_GAIN,-0.0015284717607973231,0.001243814601325923,1,0.125,0.205078125,0.20833333333333334,-0.00015000000000000004,-0.0014000000000000002,0.0010999999999999998,False,True
keep_last_10,22,NO_GAIN,0.0007705980066445184,0.001034036653959752,4,0.1875,0.29605263157894735,0.2556818181818182,-0.00014999999999999993,-0.0012499999999999998,0.0009500000000000001,False,True
keep_last_10,23,NO_GAIN,0.004111569767441892,0.0006651598295615912,5,0.0625,0.11824324324324324,0.10416666666666667,0.0005499999999999999,-0.0006000000000000001,0.0018499999999999999,False,True
keep_last_10,24,GAIN,0.003275116279069712,0.0026243109041202087,4,0.125,0.205078125,0.1875,0.00034999999999999994,-0.0012999999999999997,0.0019000000000000002,False,True
keep_last_10,25,GAIN,0.0283077533222591,0.0032344943908043074,5,0.0625,0.11824324324324324,0.13392857142857142,-0.0008,-0.0021,0.0004000000000000001,False,True
keep_last_10,26,GAIN,0.031815664451827264,0.00289226654872869,5,0.0625,0.11824324324324324,0.09375,0.00045000000000000004,-0.0009500000000000001,0.0017500000000000003,False,True
keep_last_10,27,NO_GAIN,0.00816823504983386,0.002401216375919943,5,0.0625,0.11824324324324324,0.09375,-0.00025000000000000006,-0.0012499999999999998,0.0007500000000000001,False,True
keep_last_10,28,NO_GAIN,0.0036004568106312584,0.0007453363814389661,5,0.0625,0.11824324324324324,0.09375,0.0009999999999999998,-0.0006000000000000001,0.0026000000000000003,False,True
keep_last_5,1,NO_GAIN,0.00012250000000006976,7.342825335235463e-05,5,0.0625,0.11824324324324324,0.10416666666666667,0.0019,0.00045000000000000004,0.0034999999999999996,False,True
keep_last_5,2,NO_GAIN,0.00032567275747510396,5.163679944053535e-05,5,0.0625,0.11824324324324324,0.10416666666666667,-1.3010426069826053e-19,-0.00105,0.0009999999999999998,False,True
keep_last_5,3,GAIN,0.0024464410299003037,0.0014747196147379903,5,0.0625,0.11824324324324324,0.1171875,-0.0010500000000000002,-0.0022499999999999994,4.9999999999999874e-05,False,True
keep_last_5,4,GAIN,0.09750653654485057,0.08567628059370747,4,0.125,0.205078125,0.1875,0.0012000000000000001,0.0,0.00245,False,True
keep_last_5,5,NO_GAIN,0.0010477699335548318,0.0014426941661516235,3,0.25,0.37906137184115524,0.3125,0.0013499999999999999,-1.7455654977016524e-19,0.0028000000000000004,False,True
keep_last_5,6,NO_GAIN,-3.448504983392109e-05,1.1283712451947412e-05,0,0.0625,0.11824324324324324,0.13392857142857142,0.00045000000000000004,-0.0011,0.0018000000000000002,False,True
keep_last_5,7,GAIN,-1.191860465115102e-05,2.0726710487524643e-05,1,0.25,0.37906137184115524,0.4166666666666667,0.00015000000000000018,-0.0014999999999999998,0.0018000000000000002,False,True
keep_last_5,8,NO_GAIN,4.5319767441887035e-05,0.00015034724301384896,3,0.5625,0.7429245283018868,0.703125,-0.0006000000000000001,-0.0017500000000000003,0.0006500000000000002,False,True
keep_last_5,9,NO_GAIN,0.00152913621262456,0.0011363793754552692,4,0.125,0.205078125,0.1875,-0.0002500000000000001,-0.0014500000000000003,0.0009500000000000001,False,True
keep_last_5,10,NO_GAIN,0.0027586544850497718,0.0015412737405675696,5,0.0625,0.11824324324324324,0.08522727272727272,0.0014500000000000001,-0.00014999999999999996,0.0033,False,True
keep_last_5,11,NO_GAIN,0.004470789036544942,0.0018987330677612921,5,0.0625,0.11824324324324324,0.10416666666666667,-0.0015499999999999995,-0.00275,-0.00030000000000000003,False,True
keep_last_5,12,NO_GAIN,0.0063308347176079804,0.0013016700295935724,5,0.0625,0.11824324324324324,0.1171875,0.00055,-0.0006500000000000001,0.0018500000000000003,False,True
keep_last_5,13,NO_GAIN,0.0008055564784052782,0.00018306391480506332,5,0.0625,0.11824324324324324,0.10416666666666667,-0.00075,-0.00235,0.0007499999999999998,False,True
keep_last_5,14,NO_GAIN,0.0002577325581394785,0.0003450617735490189,4,0.125,0.205078125,0.20833333333333334,-0.0006500000000000001,-0.0020499999999999997,0.0007999999999999997,False,True
keep_last_5,15,NO_GAIN,0.004952794850498332,0.0014523453786746965,5,0.0625,0.11824324324324324,0.1171875,0.00020000000000000015,-0.0009999999999999998,0.00135,False,True
keep_last_5,16,NO_GAIN,0.0006114950166112854,0.0013286521517776855,3,0.5,0.6730769230769231,0.6818181818181818,-0.0007,-0.0021000000000000003,0.0007000000000000001,False,True
keep_last_5,17,NO_GAIN,8.687707641195087e-05,0.00033182392136391813,3,0.6875,0.8697289156626506,0.9375,-0.0001,-0.0012000000000000001,0.00105,False,True
keep_last_5,18,NO_GAIN,0.0013032101328903645,0.0023146642394554903,4,0.3125,0.4605263157894737,0.5208333333333334,2.168404344971009e-20,-0.0016,0.0017499999999999998,False,True
keep_last_5,19,GAIN,0.02983206395348841,0.007596834394745261,5,0.0625,0.11824324324324324,0.08522727272727272,0.0002499999999999999,-0.0013000000000000002,0.0017499999999999998,False,True
keep_last_5,20,NO_GAIN,0.00045036544850509677,0.0002454751671640966,5,0.0625,0.11824324324324324,0.15625,-0.001,-0.002,-8.673617379884036e-20,False,True
keep_last_5,21,NO_GAIN,-0.0030381852159468647,0.0015568083926929294,0,0.0625,0.11824324324324324,0.13392857142857142,-0.00010000000000000009,-0.00145,0.0011999999999999997,False,True
keep_last_5,22,NO_GAIN,0.0009701536544850286,0.0008273332675337775,5,0.0625,0.11824324324324324,0.09375,-0.0003000000000000001,-0.0016,0.001,False,True
keep_last_5,23,NO_GAIN,0.00672622093023254,0.0009684662331788182,5,0.0625,0.11824324324324324,0.10416666666666667,0.0007999999999999997,-0.00035124999999999935,0.0020499999999999997,False,True
keep_last_5,24,GAIN,0.003909289867109677,0.0025948534528143726,5,0.0625,0.11824324324324324,0.1171875,0.00034999999999999994,-0.0012000000000000001,0.0018000000000000002,False,True
keep_last_5,25,GAIN,0.04728953488372092,0.007326724471902,5,0.0625,0.11824324324324324,0.13392857142857142,-0.00125,-0.0026,0.0001500000000000001,False,True
keep_last_5,26,GAIN,0.06273372093023258,0.007883457855404721,5,0.0625,0.11824324324324324,0.09375,9.999999999999998e-05,-0.0011512499999999993,0.0013,False,True
keep_last_5,27,NO_GAIN,0.013611731727574749,0.0021051152117784904,5,0.0625,0.11824324324324324,0.09375,-0.0004999999999999999,-0.0015499999999999997,0.0005000000000000001,False,True
keep_last_5,28,NO_GAIN,0.006135220099667804,0.000945031579004043,5,0.0625,0.11824324324324324,0.09375,0.00145,-6.559423143537252e-20,0.0030499999999999998,False,True
occlude_XMV_01,1,NO_GAIN,0.00017901578073098445,6.943815229387595e-05,5,0.0625,0.11824324324324324,0.10416666666666667,-0.0010999999999999998,-0.00275,0.0005499999999999999,False,True
occlude_XMV_01,2,NO_GAIN,0.000680884551495109,9.272486961029766e-05,5,0.0625,0.11824324324324324,0.10416666666666667,-4.9999999999999806e-05,-0.0019,0.0017000000000000001,False,True
occlude_XMV_01,3,GAIN,0.007314833887043149,0.001785001226290232,5,0.0625,0.11824324324324324,0.1171875,0.0016499999999999998,-0.0010512499999999992,0.0046500000000000005,False,True
occlude_XMV_01,4,GAIN,0.012835240863787423,0.011116516920272988,5,0.0625,0.11824324324324324,0.1171875,-0.0018,-0.00335,-0.00035000000000000016,False,True
occlude_XMV_01,5,NO_GAIN,0.0007679651162790901,0.001105662105769563,4,0.25,0.37906137184115524,0.3125,-0.0018500000000000003,-0.0036500000000000005,-5.000000000000013e-05,False,True
occlude_XMV_01,6,NO_GAIN,-6.714285714291002e-05,2.0345497725844137e-05,0,0.0625,0.11824324324324324,0.13392857142857142,4.9999999999999786e-05,-0.0017500000000000003,0.002,False,True
occlude_XMV_01,7,GAIN,-4.8787375415293435e-05,1.676952772868179e-05,0,0.0625,0.11824324324324324,0.13392857142857142,-0.0026499999999999996,-0.0045,-0.0006999999999999999,False,True
occlude_XMV_01,8,NO_GAIN,9.333471760797352e-05,0.00026027036329512754,3,0.5,0.6730769230769231,0.6818181818181818,-0.0003499999999999999,-0.0016999999999999997,0.0010499999999999997,False,True
occlude_XMV_01,9,NO_GAIN,0.008238010797342188,0.0008280907333654812,5,0.0625,0.11824324324324324,0.13392857142857142,-0.0015999999999999996,-0.0036500000000000005,0.0004500000000000002,False,True
occlude_XMV_01,10,NO_GAIN,0.006315739202657755,0.0012983649685273202,5,0.0625,0.11824324324324324,0.08522727272727272,0.005349999999999999,0.002,0.0091,False,False
occlude_XMV_01,11,NO_GAIN,0.002148010797342259,0.0013435264543986765,5,0.0625,0.11824324324324324,0.10416666666666667,-0.0018499999999999999,-0.0034499999999999995,-0.00015000000000000026,False,True
occlude_XMV_01,12,NO_GAIN,0.019491117109634536,0.002465671081564671,5,0.0625,0.11824324324324324,0.1171875,-0.0005999999999999998,-0.0021999999999999997,0.0011499999999999995,False,True
occlude_XMV_01,13,NO_GAIN,0.0011836794019932872,0.0003035569231666011,5,0.0625,0.11824324324324324,0.10416666666666667,-0.0016999999999999997,-0.0032,-0.00015000000000000023,False,True
occlude_XMV_01,14,NO_GAIN,0.00045148671096351123,0.0005171945561959603,5,0.0625,0.11824324324324324,0.13392857142857142,-0.0007500000000000001,-0.0026,0.0010999999999999998,False,True
occlude_XMV_01,15,NO_GAIN,0.0030094186046511597,0.0013110363361010153,5,0.0625,0.11824324324324324,0.1171875,-0.0010999999999999998,-0.0024999999999999996,0.00024999999999999995,False,True
occlude_XMV_01,16,NO_GAIN,0.0026078073089701006,0.0013050913671245445,5,0.0625,0.11824324324324324,0.13392857142857142,0.0010500000000000002,-0.0010000000000000002,0.0031000000000000003,False,True
occlude_XMV_01,17,NO_GAIN,1.2533222591337711e-05,0.0007248081700510692,2,0.9375,1.0,1.0,0.0028,0.0007999999999999998,0.00485,False,True
occlude_XMV_01,18,NO_GAIN,0.006720170265780712,0.0007139014850825327,5,0.0625,0.11824324324324324,0.15625,0.0015000000000000002,-0.0005999999999999996,0.003749999999999999,False,True
occlude_XMV_01,19,GAIN,0.005485390365448506,0.002702454156306967,5,0.0625,0.11824324324324324,0.08522727272727272,0.0025499999999999997,0.0006500000000000001,0.00455,False,True
occlude_XMV_01,20,NO_GAIN,-0.0003312624584717261,0.00032334673308648655,0,0.0625,0.11824324324324324,0.15625,-0.0006000000000000001,-0.00265,0.0014999999999999996,False,True
occlude_XMV_01,21,NO_GAIN,-0.009328629568106307,0.0015466875718158424,0,0.0625,0.11824324324324324,0.13392857142857142,-0.003149999999999999,-0.00485,-0.00165,False,True
occlude_XMV_01,22,NO_GAIN,0.007617915282392041,0.0007283243762433615,5,0.0625,0.11824324324324324,0.09375,-0.00265,-0.0042,-0.0012000000000000001,False,True
occlude_XMV_01,23,NO_GAIN,0.007730319767441873,0.0023055444389840896,5,0.0625,0.11824324324324324,0.10416666666666667,0.0010999999999999998,-0.00075,0.0030499999999999998,False,True
occlude_XMV_01,24,GAIN,0.06615494601328904,0.008862879808808597,5,0.0625,0.11824324324324324,0.1171875,0.0006000000000000001,-0.0012000000000000001,0.0025,False,True
occlude_XMV_01,25,GAIN,0.0084937167774086,0.001599712845431041,5,0.0625,0.11824324324324324,0.13392857142857142,-0.0012499999999999998,-0.003,0.00034999999999999994,False,True
occlude_XMV_01,26,GAIN,0.005273970099667791,0.001483329531908537,5,0.0625,0.11824324324324324,0.09375,-0.00065,-0.0019499999999999997,0.0005999999999999997,False,True
occlude_XMV_01,27,NO_GAIN,0.013792720099667788,0.002738420923245841,5,0.0625,0.11824324324324324,0.09375,0.0005500000000000001,-0.0010499999999999997,0.0022,False,True
occlude_XMV_01,28,NO_GAIN,0.009533143687707657,0.0013234554863432479,5,0.0625,0.11824324324324324,0.09375,0.0021500000000000004,5.000000000000028e-05,0.0044,False,True
occlude_XMV_02,1,NO_GAIN,0.00038156976744188056,7.674016570201499e-05,5,0.0625,0.11824324324324324,0.10416666666666667,0.0026499999999999996,0.00040000000000000034,0.005000000000000001,False,False
occlude_XMV_02,2,NO_GAIN,0.0006182765780731403,0.00016859870208641337,5,0.0625,0.11824324324324324,0.10416666666666667,-0.0003999999999999999,-0.0017999999999999995,0.0009,False,True
occlude_XMV_02,3,GAIN,0.0036324294019933314,0.0013850176371584106,5,0.0625,0.11824324324324324,0.1171875,0.0005000000000000001,-0.0018,0.002801249999999982,False,True
occlude_XMV_02,4,GAIN,0.01090123338870439,0.005203710390700713,5,0.0625,0.11824324324324324,0.1171875,0.00019999999999999987,-0.0015500000000000004,0.0019499999999999997,False,True
occlude_XMV_02,5,NO_GAIN,0.003351021594684411,0.0011513784923693799,5,0.0625,0.11824324324324324,0.20833333333333334,-9.999999999999996e-05,-0.0017500000000000003,0.0016,False,True
occlude_XMV_02,6,NO_GAIN,-6.903654485053145e-05,1.3490817792562528e-05,0,0.0625,0.11824324324324324,0.13392857142857142,0.0001,-0.0012499999999999998,0.00145,False,True
occlude_XMV_02,7,GAIN,-5.6187707641042195e-06,4.369874360053212e-05,3,0.875,1.0,1.0,0.00010000000000000048,-0.0021,0.0024999999999999996,False,True
occlude_XMV_02,8,NO_GAIN,0.0005304983388705109,0.00033290309909408966,5,0.0625,0.11824324324324324,0.15625,-0.0004999999999999996,-0.0021,0.0012000000000000001,False,True
occlude_XMV_02,9,NO_GAIN,0.006427429401993345,0.0018612002424812971,5,0.0625,0.11824324324324324,0.13392857142857142,0.00010000000000000011,-0.0018999999999999996,0.0021,False,True
occlude_XMV_02,10,NO_GAIN,0.008293941029900354,0.0020934053393654836,5,0.0625,0.11824324324324324,0.08522727272727272,0.006900000000000001,0.0025,0.012750000000000001,False,False
occlude_XMV_02,11,NO_GAIN,0.0028032184385382575,0.0015524588368291963,5,0.0625,0.11824324324324324,0.10416666666666667,-0.0011999999999999997,-0.0027,0.0003999999999999999,False,True
occlude_XMV_02,12,NO_GAIN,0.021387578903654458,0.0034130474645201283,5,0.0625,0.11824324324324324,0.1171875,-0.0004999999999999997,-0.0020499999999999997,0.0011000000000000007,False,True
occlude_XMV_02,13,NO_GAIN,0.0013991445182724327,0.0002592087763905298,5,0.0625,0.11824324324324324,0.10416666666666667,-0.0026499999999999996,-0.00445,-0.0008999999999999998,False,True
occlude_XMV_02,14,NO_GAIN,0.0006966112956810378,0.0007949544318013676,5,0.0625,0.11824324324324324,0.13392857142857142,-0.0013000000000000002,-0.0036000000000000003,0.0011999999999999997,False,True
occlude_XMV_02,15,NO_GAIN,0.009068235049833872,0.0013428702840641768,5,0.0625,0.11824324324324324,0.1171875,0.0008,-0.0006499999999999999,0.00225,False,True
occlude_XMV_02,16,NO_GAIN,0.00425540697674418,0.0010824078716706118,5,0.0625,0.11824324324324324,0.13392857142857142,-0.0005499999999999999,-0.002801249999999999,0.0018,False,True
occlude_XMV_02,17,NO_GAIN,0.000671698504983409,0.000631328666495864,4,0.125,0.205078125,0.3125,0.0033,0.0010500000000000002,0.0058000000000000005,False,False
occlude_XMV_02,18,NO_GAIN,0.008632807308970114,0.0013366774687326973,5,0.0625,0.11824324324324324,0.15625,-0.00029999999999999976,-0.0021999999999999997,0.0016000000000000007,False,True
occlude_XMV_02,19,GAIN,0.008296129568106348,0.0030478138499173838,5,0.0625,0.11824324324324324,0.08522727272727272,0.0006999999999999999,-0.0015499999999999997,0.0028499999999999997,False,True
occlude_XMV_02,20,NO_GAIN,0.000443916112956888,0.0003184852445721674,5,0.0625,0.11824324324324324,0.15625,-0.00245,-0.00395,-0.0009999999999999998,False,True
occlude_XMV_02,21,NO_GAIN,-0.012004983388704338,0.0016322706520282234,0,0.0625,0.11824324324324324,0.13392857142857142,-0.00245,-0.00405,-0.00095,False,True
occlude_XMV_02,22,NO_GAIN,0.0033819310631229226,0.0011555324444507138,5,0.0625,0.11824324324324324,0.09375,-0.0009999999999999998,-0.0029,0.0009000000000000001,False,True
occlude_XMV_02,23,NO_GAIN,0.014146524086378709,0.00190164727943681,5,0.0625,0.11824324324324324,0.10416666666666667,0.0043,0.00045000000000000004,0.00885,False,False
occlude_XMV_02,24,GAIN,0.0038899792358803474,0.0005414061312580099,5,0.0625,0.11824324324324324,0.1171875,0.0015,-0.0009999999999999992,0.00425,False,True
occlude_XMV_02,25,GAIN,0.228231823089701,0.01816279601975277,5,0.0625,0.11824324324324324,0.13392857142857142,-0.0015500000000000002,-0.0032,0.00014999999999999996,False,True
occlude_XMV_02,26,GAIN,0.008230402823920336,0.0012394549573534238,5,0.0625,0.11824324324324324,0.09375,-0.00115,-0.00285,0.0005,False,True
occlude_XMV_02,27,NO_GAIN,0.014871719269103,0.00300245031312237,5,0.0625,0.11824324324324324,0.09375,0.0012499999999999998,-0.0014999999999999996,0.0049,False,True
occlude_XMV_02,28,NO_GAIN,0.01239819352159468,0.001316466493858318,5,0.0625,0.11824324324324324,0.09375,0.0032999999999999995,0.0009,0.00605,False,False
occlude_XMV_03,1,NO_GAIN,4.173588039873e-05,2.391887786094257e-05,5,0.0625,0.11824324324324324,0.10416666666666667,0.0004,-0.0010999999999999998,0.0018000000000000002,False,True
occlude_XMV_03,2,NO_GAIN,0.00027294850498349454,3.13492494082224e-05,5,0.0625,0.11824324324324324,0.10416666666666667,-0.00030000000000000003,-0.0013000000000000002,0.0006999999999999999,False,True
occlude_XMV_03,3,GAIN,0.002922105481727555,0.0007267026997235696,5,0.0625,0.11824324324324324,0.1171875,-0.00015000000000000001,-0.00135,0.0010500000000000002,False,True
occlude_XMV_03,4,GAIN,0.006659696843853901,0.003253254598022766,5,0.0625,0.11824324324324324,0.1171875,0.0002000000000000001,-0.0012,0.0016000000000000003,False,True
occlude_XMV_03,5,NO_GAIN,0.0006372591362126201,0.0005754503707137567,4,0.125,0.205078125,0.20833333333333334,-0.00035000000000000005,-0.0013999999999999998,0.0006999999999999999,False,True
occlude_XMV_03,6,NO_GAIN,-8.388704318944562e-05,2.8465449695316035e-05,0,0.0625,0.11824324324324324,0.13392857142857142,0.0005499999999999999,-0.00045000000000000004,0.0016,False,True
occlude_XMV_03,7,GAIN,3.589700996680101e-05,2.1674271944076486e-05,5,0.0625,0.11824324324324324,0.13392857142857142,0.0009000000000000001,-0.0004999999999999999,0.0023,False,True
occlude_XMV_03,8,NO_GAIN,-0.0003349626245847226,0.00020716571670674472,0,0.0625,0.11824324324324324,0.15625,0.0017499999999999998,0.0002999999999999998,0.0031000000000000008,False,True
occlude_XMV_03,9,NO_GAIN,-0.0009575456810631211,0.0006074646382014546,0,0.0625,0.11824324324324324,0.13392857142857142,0.00030000000000000003,-0.0011012499999999991,0.0016,False,True
occlude_XMV_03,10,NO_GAIN,0.0023823380398670492,0.0003713231925024486,5,0.0625,0.11824324324324324,0.08522727272727272,0.00030000000000000003,-0.0008499999999999997,0.0015499999999999995,False,True
occlude_XMV_03,11,NO_GAIN,0.001196420265780751,0.0003580859627469303,5,0.0625,0.11824324324324324,0.10416666666666667,-0.0007999999999999998,-0.00215,0.0005499999999999999,False,True
occlude_XMV_03,12,NO_GAIN,0.005832225913621247,0.0006936334212790703,5,0.0625,0.11824324324324324,0.1171875,0.0006500000000000001,-0.00045,0.0017500000000000003,False,True
occlude_XMV_03,13,NO_GAIN,-0.00023810215946844514,8.901695769564003e-05,0,0.0625,0.11824324324324324,0.10416666666666667,-0.0010500000000000002,-0.0022000000000000006,0.00014999999999999988,False,True
occlude_XMV_03,14,NO_GAIN,0.0002101661129568333,0.00017204157476385375,5,0.0625,0.11824324324324324,0.13392857142857142,-0.0006500000000000001,-0.00225,0.0009999999999999998,False,True
occlude_XMV_03,15,NO_GAIN,0.004844310631229231,0.0008530765320175414,5,0.0625,0.11824324324324324,0.1171875,0.0032500000000000003,0.0016,0.004900000000000001,False,True
occlude_XMV_03,16,NO_GAIN,-0.002775490033222594,0.0004464580747224076,0,0.0625,0.11824324324324324,0.13392857142857142,-0.00055,-0.0019500000000000003,0.0008500000000000001,False,True
occlude_XMV_03,17,NO_GAIN,-0.00022463455149501765,0.0001797167020478528,0,0.0625,0.11824324324324324,0.234375,0.00034999999999999994,-0.0009500000000000001,0.0016999999999999997,False,True
occlude_XMV_03,18,NO_GAIN,0.0016615116279069752,0.0003007677551494909,5,0.0625,0.11824324324324324,0.15625,-0.0010999999999999998,-0.0024999999999999996,0.00020124999999998226,False,True
occlude_XMV_03,19,GAIN,0.001087479235880373,0.00013174666169486952,5,0.0625,0.11824324324324324,0.08522727272727272,-0.0008500000000000003,-0.00215,0.00035,False,True
occlude_XMV_03,20,NO_GAIN,0.00020138704318946045,0.00015270221225788982,4,0.125,0.205078125,0.234375,0.0009999999999999998,-0.0008,0.00275,False,True
occlude_XMV_03,21,NO_GAIN,0.005061428571428583,0.0011644568031969039,5,0.0625,0.11824324324324324,0.13392857142857142,0.0021999999999999997,0.00075,0.0036999999999999997,False,True
occlude_XMV_03,22,NO_GAIN,0.0009875124584717509,0.0005757464407437159,5,0.0625,0.11824324324324324,0.09375,-0.0006000000000000001,-0.00195,0.0006012499999999819,False,True
occlude_XMV_03,23,NO_GAIN,0.02140235049833883,0.0026743144207233634,5,0.0625,0.11824324324324324,0.10416666666666667,-0.0005499999999999999,-0.0014500000000000001,0.00034999999999999994,False,True
occlude_XMV_03,24,GAIN,0.0014528488372092863,0.0002833796881081631,5,0.0625,0.11824324324324324,0.1171875,0.001,-0.00019999999999999993,0.00225,False,True
occlude_XMV_03,25,GAIN,0.0032546553156146186,0.001127774054215724,5,0.0625,0.11824324324324324,0.13392857142857142,-0.00125,-0.0028000000000000004,0.0002999999999999999,False,True
occlude_XMV_03,26,GAIN,0.0020301619601329037,0.0005336921373754965,5,0.0625,0.11824324324324324,0.09375,0.0006000000000000002,-0.0005999999999999998,0.0018000000000000002,False,True
occlude_XMV_03,27,NO_GAIN,0.008244779900332233,0.0012652109447376329,5,0.0625,0.11824324324324324,0.09375,-0.00010000000000000009,-0.0012000000000000001,0.00105,False,True
occlude_XMV_03,28,NO_GAIN,0.0035674750830564815,0.0006107359996188373,5,0.0625,0.11824324324324324,0.09375,0.00095,-0.00039999999999999975,0.0022,False,True
occlude_XMV_04,1,NO_GAIN,0.00016729235880399428,2.8088575585772125e-05,5,0.0625,0.11824324324324324,0.10416666666666667,1.7347234759768072e-19,-0.0014500000000000001,0.0013,False,True
occlude_XMV_04,2,NO_GAIN,0.0005026744186047427,4.06081376591875e-05,5,0.0625,0.11824324324324324,0.10416666666666667,0.0002000000000000001,-0.0010499999999999997,0.00145,False,True
occlude_XMV_04,3,GAIN,0.003895224252491669,0.0005699299943890279,5,0.0625,0.11824324324324324,0.1171875,0.00010000000000000013,-0.001,0.00125,False,True
occlude_XMV_04,4,GAIN,0.005251121262458502,0.003514219958263397,5,0.0625,0.11824324324324324,0.1171875,-0.0017499999999999998,-0.0029500000000000004,-0.0005499999999999999,False,True
occlude_XMV_04,5,NO_GAIN,0.0020859053156146333,0.000836239278123714,5,0.0625,0.11824324324324324,0.20833333333333334,-0.00075,-0.0018499999999999999,0.0004000000000000002,False,True
occlude_XMV_04,6,NO_GAIN,-1.5307308970058388e-05,1.8973147675626152e-05,1,0.1875,0.29605263157894735,0.3125,-0.00034999999999999994,-0.0013,0.0006000000000000001,False,True
occlude_XMV_04,7,GAIN,0.4158055149501661,0.014095377198877091,5,0.0625,0.11824324324324324,0.13392857142857142,0.0006500000000000001,-0.0008500000000000001,0.00225,False,True
occlude_XMV_04,8,NO_GAIN,0.0004170598006645321,0.00016260277496449156,5,0.0625,0.11824324324324324,0.15625,0.0008,-0.00035,0.0019500000000000003,False,True
occlude_XMV_04,9,NO_GAIN,0.0025670182724252476,0.0004723497353697555,5,0.0625,0.11824324324324324,0.13392857142857142,-0.0017000000000000001,-0.0027,-0.0006500000000000001,False,True
occlude_XMV_04,10,NO_GAIN,0.0021801702657806787,0.000595843288764269,5,0.0625,0.11824324324324324,0.08522727272727272,-0.00014999999999999996,-0.0015499999999999997,0.0012000000000000001,False,True
occlude_XMV_04,11,NO_GAIN,0.0013774044850498601,0.0005931711143735026,5,0.0625,0.11824324324324324,0.10416666666666667,-0.00105,-0.0021999999999999997,0.0001500000000000001,False,True
occlude_XMV_04,12,NO_GAIN,0.008354680232558098,0.0011478337668257572,5,0.0625,0.11824324324324324,0.1171875,-0.0010499999999999997,-0.00245,0.0004500000000000003,False,True
occlude_XMV_04,13,NO_GAIN,0.00012328073089695746,0.0001697625906923816,4,0.1875,0.29605263157894735,0.28125,-0.0002000000000000001,-0.00155,0.0011499999999999995,False,True
occlude_XMV_04,14,NO_GAIN,2.8887043189373962e-05,0.00025139486122145076,2,0.875,1.0,1.0,-0.001,-0.0022512499999999993,0.0002999999999999998,False,True
occlude_XMV_04,15,NO_GAIN,0.002425141196013292,0.0003834559800565328,5,0.0625,0.11824324324324324,0.1171875,-9.999999999999991e-05,-0.0012499999999999998,0.0010500000000000002,False,True
occlude_XMV_04,16,NO_GAIN,0.0036918313953488322,0.0004525770111473564,5,0.0625,0.11824324324324324,0.13392857142857142,0.00030000000000000003,-0.0010000000000000002,0.0015,False,True
occlude_XMV_04,17,NO_GAIN,0.00018852990033222384,0.00020181145337912367,4,0.1875,0.29605263157894735,0.3125,-9.999999999999991e-05,-0.00155,0.0011500000000000002,False,True
occlude_XMV_04,18,NO_GAIN,0.0036846220930232486,0.0007277019469962026,5,0.0625,0.11824324324324324,0.15625,-0.0017499999999999998,-0.0028499999999999997,-0.0006500000000000001,False,True
occlude_XMV_04,19,GAIN,0.002078442691029969,0.0005198536272125018,5,0.0625,0.11824324324324324,0.08522727272727272,-0.0008000000000000001,-0.0021000000000000003,0.0004999999999999999,False,True
occlude_XMV_04,20,NO_GAIN,8.309800664456635e-05,0.00015665186494881616,3,0.3125,0.4605263157894737,0.5208333333333334,-0.0017500000000000003,-0.0026999999999999997,-0.0009000000000000001,False,True
occlude_XMV_04,21,NO_GAIN,0.0023644310631229515,0.00042577559043604444,5,0.0625,0.11824324324324324,0.13392857142857142,0.00135,0.00015000000000000007,0.0025499999999999993,False,True
occlude_XMV_04,22,NO_GAIN,0.005264364617940198,0.00034652398201436756,5,0.0625,0.11824324324324324,0.09375,0.00015000000000000001,-0.0015499999999999997,0.0019000000000000002,False,True
occlude_XMV_04,23,NO_GAIN,0.0016822134551494727,0.0007239584322746214,5,0.0625,0.11824324324324324,0.10416666666666667,0.0010500000000000002,-0.00020000000000000004,0.0023,False,True
occlude_XMV_04,24,GAIN,0.0012211918604651873,0.0004766223109510664,5,0.0625,0.11824324324324324,0.1171875,-0.00205,-0.0031,-0.0010000000000000002,False,True
occlude_XMV_04,25,GAIN,0.005534667774086355,0.0015432429713422204,5,0.0625,0.11824324324324324,0.13392857142857142,-0.0013000000000000002,-0.0024000000000000002,-0.00015000000000000001,False,True
occlude_XMV_04,26,GAIN,0.3675607350498339,0.004293328755778785,5,0.0625,0.11824324324324324,0.09375,0.0005000000000000002,-0.0009499999999999995,0.002,False,True
occlude_XMV_04,27,NO_GAIN,0.006893563122923574,0.00183200861448366,5,0.0625,0.11824324324324324,0.09375,0.0004999999999999999,-0.0006000000000000003,0.0016,False,True
occlude_XMV_04,28,NO_GAIN,0.007981532392026569,0.0017733691309775117,5,0.0625,0.11824324324324324,0.09375,0.0014000000000000002,0.0002,0.0027,False,True
occlude_XMV_05,1,NO_GAIN,0.0,0.0,0,1.0,1.0,1.0,0.0,0.0,0.0,False,True
occlude_XMV_05,2,NO_GAIN,0.0,0.0,0,1.0,1.0,1.0,0.0,0.0,0.0,False,True
occlude_XMV_05,3,GAIN,0.0,0.0,0,1.0,1.0,1.0,0.0,0.0,0.0,False,True
occlude_XMV_05,4,GAIN,0.0,0.0,0,1.0,1.0,1.0,0.0,0.0,0.0,False,True
occlude_XMV_05,5,NO_GAIN,0.0,0.0,0,1.0,1.0,1.0,0.0,0.0,0.0,False,True
occlude_XMV_05,6,NO_GAIN,0.0,0.0,0,1.0,1.0,1.0,0.0,0.0,0.0,False,True
occlude_XMV_05,7,GAIN,0.0,0.0,0,1.0,1.0,1.0,0.0,0.0,0.0,False,True
occlude_XMV_05,8,NO_GAIN,0.0,0.0,0,1.0,1.0,1.0,0.0,0.0,0.0,False,True
occlude_XMV_05,9,NO_GAIN,0.0,0.0,0,1.0,1.0,1.0,0.0,0.0,0.0,False,True
occlude_XMV_05,10,NO_GAIN,0.0,0.0,0,1.0,1.0,1.0,0.0,0.0,0.0,False,True
occlude_XMV_05,11,NO_GAIN,0.0,0.0,0,1.0,1.0,1.0,0.0,0.0,0.0,False,True
occlude_XMV_05,12,NO_GAIN,0.0,0.0,0,1.0,1.0,1.0,0.0,0.0,0.0,False,True
occlude_XMV_05,13,NO_GAIN,0.0,0.0,0,1.0,1.0,1.0,0.0,0.0,0.0,False,True
occlude_XMV_05,14,NO_GAIN,0.0,0.0,0,1.0,1.0,1.0,0.0,0.0,0.0,False,True
occlude_XMV_05,15,NO_GAIN,0.0,0.0,0,1.0,1.0,1.0,0.0,0.0,0.0,False,True
occlude_XMV_05,16,NO_GAIN,0.0,0.0,0,1.0,1.0,1.0,0.0,0.0,0.0,False,True
occlude_XMV_05,17,NO_GAIN,0.0,0.0,0,1.0,1.0,1.0,0.0,0.0,0.0,False,True
occlude_XMV_05,18,NO_GAIN,0.0,0.0,0,1.0,1.0,1.0,0.0,0.0,0.0,False,True
occlude_XMV_05,19,GAIN,0.0,0.0,0,1.0,1.0,1.0,0.0,0.0,0.0,False,True
occlude_XMV_05,20,NO_GAIN,0.0,0.0,0,1.0,1.0,1.0,0.0,0.0,0.0,False,True
occlude_XMV_05,21,NO_GAIN,0.0,0.0,0,1.0,1.0,1.0,0.0,0.0,0.0,False,True
occlude_XMV_05,22,NO_GAIN,0.0,0.0,0,1.0,1.0,1.0,0.0,0.0,0.0,False,True
occlude_XMV_05,23,NO_GAIN,0.0,0.0,0,1.0,1.0,1.0,0.0,0.0,0.0,False,True
occlude_XMV_05,24,GAIN,0.0,0.0,0,1.0,1.0,1.0,0.0,0.0,0.0,False,True
occlude_XMV_05,25,GAIN,0.0,0.0,0,1.0,1.0,1.0,0.0,0.0,0.0,False,True
occlude_XMV_05,26,GAIN,0.0,0.0,0,1.0,1.0,1.0,0.0,0.0,0.0,False,True
occlude_XMV_05,27,NO_GAIN,0.0,0.0,0,1.0,1.0,1.0,0.0,0.0,0.0,False,True
occlude_XMV_05,28,NO_GAIN,0.0,0.0,0,1.0,1.0,1.0,0.0,0.0,0.0,False,True
occlude_XMV_06,1,NO_GAIN,4.332225913623588e-05,8.81066395703775e-06,5,0.0625,0.11824324324324324,0.10416666666666667,0.001,-9.999999999999991e-05,0.0021000000000000003,False,True
occlude_XMV_06,2,NO_GAIN,-2.0215946843804566e-05,0.0001822313397519507,3,0.8125,0.9834293948126801,0.9375,-0.0006999999999999999,-0.0018500000000000003,0.00045000000000000004,False,True
occlude_XMV_06,3,GAIN,0.0014689285714285516,0.0009379455988727531,5,0.0625,0.11824324324324324,0.1171875,-0.00115,-0.00225,-5e-05,False,True
occlude_XMV_06,4,GAIN,0.008420352990033275,0.004034055126465949,5,0.0625,0.11824324324324324,0.1171875,0.0014500000000000003,0.00010000000000000009,0.0027500000000000003,False,True
occlude_XMV_06,5,NO_GAIN,-0.004097898671096367,0.0005997865163779451,0,0.0625,0.11824324324324324,0.20833333333333334,0.00019999999999999993,-0.0012000000000000001,0.0016499999999999998,False,True
occlude_XMV_06,6,NO_GAIN,-4.28571428572333e-06,1.2684154679594926e-05,2,0.75,0.9292035398230089,0.8653846153846154,9.999999999999996e-05,-0.0010500000000000002,0.0013000000000000002,False,True
occlude_XMV_06,7,GAIN,6.879152823922042e-05,2.3040829320127487e-05,5,0.0625,0.11824324324324324,0.13392857142857142,-0.00075,-0.0021,0.0006000000000000001,False,True
occlude_XMV_06,8,NO_GAIN,-6.556893687701404e-05,0.00035523760603729137,3,0.75,0.9292035398230089,0.8653846153846154,0.00010000000000000018,-0.0014500000000000003,0.0017500000000000003,False,True
occlude_XMV_06,9,NO_GAIN,-0.0029050498338870634,0.0005327938565072519,0,0.0625,0.11824324324324324,0.13392857142857142,0.0001499999999999999,-0.0009012499999999993,0.0012499999999999998,False,True
occlude_XMV_06,10,NO_GAIN,0.0031084219269102986,0.00046207200288553123,5,0.0625,0.11824324324324324,0.08522727272727272,-0.00019999999999999993,-0.0012499999999999996,0.0008500000000000001,False,True
occlude_XMV_06,11,NO_GAIN,-0.0009595265780730333,0.0012863929183964773,1,0.1875,0.29605263157894735,0.2556818181818182,0.00025000000000000006,-0.00135,0.001851249999999982,False,True
occlude_XMV_06,12,NO_GAIN,-0.0042378405315614655,0.0036175915299964784,0,0.0625,0.11824324324324324,0.1171875,-0.0002499999999999999,-0.0013999999999999998,0.0009500000000000003,False,True
occlude_XMV_06,13,NO_GAIN,-0.0002314742524917257,0.00013972915594843304,0,0.0625,0.11824324324324324,0.10416666666666667,-0.0008500000000000001,-0.0021999999999999997,0.0004999999999999998,False,True
occlude_XMV_06,14,NO_GAIN,0.00017720099667777322,0.0002140673826242554,4,0.125,0.205078125,0.20833333333333334,-0.0005999999999999998,-0.0019499999999999997,0.0008,False,True
occlude_XMV_06,15,NO_GAIN,0.00029004568106312246,0.0009830045707488954,2,0.5625,0.7429245283018868,0.703125,-0.0001499999999999999,-0.0014500000000000001,0.0012500000000000002,False,True
occlude_XMV_06,16,NO_GAIN,0.002109725913621241,0.000519315864906726,5,0.0625,0.11824324324324324,0.13392857142857142,-0.00035000000000000005,-0.0020000000000000005,0.0012000000000000001,False,True
occlude_XMV_06,17,NO_GAIN,0.0007743770764119917,0.0004074294068929171,5,0.0625,0.11824324324324324,0.234375,-0.00039999999999999986,-0.0018499999999999999,0.0009000000000000001,False,True
occlude_XMV_06,18,NO_GAIN,0.0016369975083056377,0.00025268526110968563,5,0.0625,0.11824324324324324,0.15625,-0.00075,-0.0021999999999999997,0.0005499999999999999,False,True
occlude_XMV_06,19,GAIN,0.0010019186046511751,0.000450950364684288,5,0.0625,0.11824324324324324,0.08522727272727272,-5e-05,-0.0014999999999999998,0.0013999999999999998,False,True
occlude_XMV_06,20,NO_GAIN,0.0003841196013289583,0.00011699544285705505,5,0.0625,0.11824324324324324,0.15625,-0.00155,-0.0027,-0.00045000000000000004,False,True
occlude_XMV_06,21,NO_GAIN,0.002643999169435218,0.0009560098264585465,5,0.0625,0.11824324324324324,0.13392857142857142,0.0006000000000000002,-0.00045,0.0018500000000000003,False,True
occlude_XMV_06,22,NO_GAIN,-0.007348151993355456,0.0014808774498011202,0,0.0625,0.11824324324324324,0.09375,-0.0011,-0.0028,0.0006000000000000002,False,True
occlude_XMV_06,23,NO_GAIN,0.0013078446843853841,0.000681751225433035,5,0.0625,0.11824324324324324,0.10416666666666667,0.00019999999999999996,-0.00135,0.0016499999999999998,False,True
occlude_XMV_06,24,GAIN,-0.002647790697674357,0.0014195948596604994,0,0.0625,0.11824324324324324,0.1171875,-0.0004000000000000001,-0.0016999999999999997,0.0009500000000000001,False,True
occlude_XMV_06,25,GAIN,0.0029658388704318916,0.00323347132865808,4,0.125,0.205078125,0.20833333333333334,0.0011500000000000002,-0.0004499999999999999,0.00285,False,True
occlude_XMV_06,26,GAIN,-2.4431063122909437e-05,0.0003307065664539686,1,0.875,1.0,1.0,-0.0010999999999999998,-0.0027500000000000003,0.0004499999999999997,False,True
occlude_XMV_06,27,NO_GAIN,-0.0007066112956810588,0.0018826002884463036,2,0.4375,0.6084437086092715,0.5965909090909091,0.00019999999999999993,-0.0008500000000000001,0.0011999999999999997,False,True
occlude_XMV_06,28,NO_GAIN,-0.0014296428571428875,0.0008804526323532701,0,0.0625,0.11824324324324324,0.09375,0.0004999999999999999,-0.0006000000000000001,0.0015999999999999996,False,True
occlude_XMV_07,1,NO_GAIN,1.432308970104046e-05,4.8268473581135414e-05,4,0.5,0.6730769230769231,0.6818181818181818,-5.204170427930421e-20,-0.0010000000000000002,0.0009000000000000001,False,True
occlude_XMV_07,2,NO_GAIN,0.00014928571428574067,2.3494110894163903e-05,5,0.0625,0.11824324324324324,0.10416666666666667,0.00045,-0.0002000000000000001,0.00115,False,True
occlude_XMV_07,3,GAIN,-0.00023784468438539096,0.0003127117100959583,1,0.1875,0.29605263157894735,0.2556818181818182,0.0004999999999999999,-0.0002499999999999999,0.0012499999999999998,False,True
occlude_XMV_07,4,GAIN,0.0003982142857142934,0.0010865145805432973,3,0.5,0.6730769230769231,0.625,-0.00045000000000000004,-0.0012000000000000001,0.00024999999999999995,False,True
occlude_XMV_07,5,NO_GAIN,-0.00042313538205981385,0.0003849622083232868,1,0.125,0.205078125,0.20833333333333334,0.00025000000000000006,-0.0005,0.001,False,True
occlude_XMV_07,6,NO_GAIN,-1.779900332226081e-05,1.9054597994102716e-05,1,0.125,0.205078125,0.234375,0.0002000000000000001,-0.0005499999999999999,0.0009000000000000001,False,True
occlude_XMV_07,7,GAIN,-2.98089700996762e-05,1.3037168817481876e-05,0,0.0625,0.11824324324324324,0.13392857142857142,0.00030000000000000003,-0.0005500000000000001,0.0012000000000000001,False,True
occlude_XMV_07,8,NO_GAIN,0.00010204318936886114,0.00012129577035273811,4,0.125,0.205078125,0.234375,0.00045,-0.00045,0.0014,False,True
occlude_XMV_07,9,NO_GAIN,-0.0005533471760797548,0.00038468021533148163,1,0.125,0.205078125,0.1875,0.0005499999999999999,-0.0002499999999999999,0.00135,False,True
occlude_XMV_07,10,NO_GAIN,0.0009907724252491644,0.0006459900273577978,4,0.125,0.205078125,0.15625,9.999999999999994e-05,-0.0006500000000000001,0.0009499999999999998,False,True
occlude_XMV_07,11,NO_GAIN,-0.00036056478405308565,0.0003212282936928794,0,0.0625,0.11824324324324324,0.10416666666666667,0.00030000000000000003,-0.00035000000000000005,0.0009512499999999822,False,True
occlude_XMV_07,12,NO_GAIN,-0.00047835548172761035,0.0008919932415890272,2,0.3125,0.4605263157894737,0.390625,-5.000000000000013e-05,-0.00145,0.0013,False,True
occlude_XMV_07,13,NO_GAIN,9.575581395351306e-05,4.608412533327595e-05,5,0.0625,0.11824324324324324,0.10416666666666667,0.0002999999999999999,-0.00055,0.00115,False,True
occlude_XMV_07,14,NO_GAIN,8.305647840489705e-06,1.3798878441979048e-05,3,0.375,0.5412371134020618,0.5625,0.00015,-0.0006999999999999999,0.0010500000000000002,False,True
occlude_XMV_07,15,NO_GAIN,0.0005452450166112844,0.0005358998194247325,4,0.125,0.205078125,0.20833333333333334,-0.00045,-0.0010499999999999997,9.999999999999996e-05,False,True
occlude_XMV_07,16,NO_GAIN,0.000220502491694341,0.0005300696319384204,3,0.4375,0.6084437086092715,0.65625,-0.0001,-0.0008,0.0005499999999999999,False,True
occlude_XMV_07,17,NO_GAIN,-0.0003290822259136128,0.00012728311453315944,0,0.0625,0.11824324324324324,0.234375,4.336808689942018e-20,-0.0007000000000000001,0.0006000000000000001,False,True
occlude_XMV_07,18,NO_GAIN,4.737126245846213e-05,0.0013635551321043472,2,0.875,1.0,1.0,-0.00024999999999999995,-0.00105,0.0005,False,True
occlude_XMV_07,19,GAIN,0.07627120431893689,0.01395286651514233,5,0.0625,0.11824324324324324,0.08522727272727272,0.00045,-0.00015000000000000004,0.0010999999999999998,False,True
occlude_XMV_07,20,NO_GAIN,0.00036575581395354996,0.0002466607140476203,4,0.125,0.205078125,0.234375,0.0003,-0.0004999999999999999,0.0012,False,True
occlude_XMV_07,21,NO_GAIN,-0.00011689784053152686,0.00024069371725574768,3,0.5,0.6730769230769231,0.625,-0.00010000000000000009,-0.00095,0.0008,False,True
occlude_XMV_07,22,NO_GAIN,0.0004186254152823921,0.00022645830951473065,5,0.0625,0.11824324324324324,0.09375,5.000000000000002e-05,-0.0006000000000000001,0.0007000000000000001,False,True
occlude_XMV_07,23,NO_GAIN,4.29360465115991e-05,8.978333692564491e-05,3,0.375,0.5412371134020618,0.5625,0.00015000000000000001,-0.00045,0.00075,False,True
occlude_XMV_07,24,GAIN,0.0003518770764119994,0.0002755788990122342,5,0.0625,0.11824324324324324,0.1171875,-4.999999999999998e-05,-0.00095,0.0009500000000000001,False,True
occlude_XMV_07,25,GAIN,0.0012092691029900403,0.0010387037075814838,4,0.125,0.205078125,0.20833333333333334,0.0004,-0.0005999999999999998,0.00155,False,True
occlude_XMV_07,26,GAIN,0.00043532807308976906,0.0001307989922494046,5,0.0625,0.11824324324324324,0.09375,0.0007499999999999999,0.0001,0.0015,False,True
occlude_XMV_07,27,NO_GAIN,-3.248754152824773e-05,0.00029324651180910166,3,0.75,0.9292035398230089,0.9375,0.0004,-0.0003000000000000001,0.00115,False,True
occlude_XMV_07,28,NO_GAIN,-9.577657807307016e-05,0.0006196977511484486,2,0.6875,0.8697289156626506,0.859375,0.00034999999999999994,-0.0005499999999999999,0.0012000000000000001,False,True
occlude_XMV_08,1,NO_GAIN,-5.838870431928989e-06,3.875488841670505e-05,4,1.0,1.0,1.0,-9.999999999999998e-05,-0.0008500000000000001,0.0005000000000000001,False,True
occlude_XMV_08,2,NO_GAIN,3.527408637882257e-05,2.6729973034596433e-05,4,0.125,0.205078125,0.1875,-0.0001,-0.0006000000000000001,0.0004,False,True
occlude_XMV_08,3,GAIN,-0.00014372508305648957,0.00020823409403120552,2,0.25,0.37906137184115524,0.3125,-9.999999999999994e-05,-0.0005999999999999998,0.00035000000000000005,False,True
occlude_XMV_08,4,GAIN,4.5651993355533274e-05,0.00042704497251456705,3,0.6875,0.8697289156626506,0.7932692307692307,0.00035,-0.00015,0.0008500000000000001,False,True
occlude_XMV_08,5,NO_GAIN,-9.484219269103588e-05,0.00032447305858308205,2,0.5625,0.7429245283018868,0.6490384615384616,-5.000000000000006e-05,-0.0007500000000000001,0.00065,False,True
occlude_XMV_08,6,NO_GAIN,-1.5456810631220287e-05,1.8072691781256786e-05,2,0.25,0.37906137184115524,0.3125,9.999999999999998e-05,-0.0004,0.0005999999999999998,False,True
occlude_XMV_08,7,GAIN,-1.4850498338825346e-05,2.6717856821478505e-05,2,0.375,0.5412371134020618,0.5625,0.0002,-0.0004,0.0008500000000000001,False,True
occlude_XMV_08,8,NO_GAIN,9.822259136220702e-05,0.0001089713792174822,5,0.0625,0.11824324324324324,0.15625,-4.9999999999999894e-05,-0.0006499999999999999,0.0005000000000000001,False,True
occlude_XMV_08,9,NO_GAIN,3.0303156146183065e-05,0.0002069189810228903,3,0.75,0.9292035398230089,0.8653846153846154,0.00045000000000000004,-9.999999999999991e-05,0.001,False,True
occlude_XMV_08,10,NO_GAIN,0.00015781146179398852,0.00010476091858971988,5,0.0625,0.11824324324324324,0.08522727272727272,0.00015000000000000001,-0.00045,0.00075,False,True
occlude_XMV_08,11,NO_GAIN,8.820598006686886e-06,8.552702728101684e-05,2,1.0,1.0,1.0,-0.00014999999999999996,-0.0006000000000000001,0.00030000000000000003,False,True
occlude_XMV_08,12,NO_GAIN,-5.379983388709153e-05,0.00024170603927562505,2,0.625,0.8052147239263804,0.7211538461538461,-4.336808689942018e-20,-0.00075,0.0006500000000000002,False,True
occlude_XMV_08,13,NO_GAIN,5.078903654531786e-06,5.72269149011729e-05,3,0.875,1.0,1.0,-1.0842021724855044e-19,-0.0007000000000000001,0.0006000000000000001,False,True
occlude_XMV_08,14,NO_GAIN,-1.156561461792549e-05,3.187624432143679e-05,3,0.5625,0.7429245283018868,0.7670454545454546,-9.999999999999996e-05,-0.0006000000000000001,0.00035000000000000016,False,True
occlude_XMV_08,15,NO_GAIN,2.8181063122900695e-05,0.00021648254127064115,3,0.8125,0.9834293948126801,0.9375,-0.00025000000000000006,-0.00075,0.0002499999999999999,False,True
occlude_XMV_08,16,NO_GAIN,-2.9385382059810005e-05,0.00017459988527678027,1,0.75,0.9292035398230089,0.9375,-0.0003500000000000001,-0.0009000000000000001,0.00015000000000000001,False,True
occlude_XMV_08,17,NO_GAIN,9.551495016668632e-06,5.878313641023569e-05,2,0.8125,0.9834293948126801,1.0,0.00035000000000000005,-0.00034999999999999983,0.00095,False,True
occlude_XMV_08,18,NO_GAIN,8.556893687705625e-05,0.0003349867934244538,2,0.75,0.9292035398230089,0.9375,-0.00034999999999999994,-0.0010999999999999998,0.0001500000000000001,False,True
occlude_XMV_08,19,GAIN,0.07110468438538206,0.005875430400029052,5,0.0625,0.11824324324324324,0.08522727272727272,-0.00015000000000000001,-0.0007000000000000001,0.0004999999999999999,False,True
occlude_XMV_08,20,NO_GAIN,1.7304817275731742e-05,7.906673782899037e-05,4,0.625,0.8052147239263804,0.9375,-0.0002,-0.0009,0.0003999999999999999,False,True
occlude_XMV_08,21,NO_GAIN,8.57475083056558e-05,0.0003231754725817496,2,0.875,1.0,1.0,4.9999999999999914e-05,-0.0005500000000000004,0.00075,False,True
occlude_XMV_08,22,NO_GAIN,-2.9754983388707857e-05,0.00046690659844997393,3,0.8125,0.9834293948126801,1.0,-0.0001499999999999999,-0.0008,0.0004000000000000002,False,True
occlude_XMV_08,23,NO_GAIN,-1.7682724252465754e-05,0.00015289017306893357,1,0.625,0.8052147239263804,0.78125,0.00015000000000000001,-0.0005499999999999999,0.0008500000000000001,False,True
occlude_XMV_08,24,GAIN,6.227990033222942e-05,0.00015469165950949808,3,0.5625,0.7429245283018868,0.703125,-0.00024999999999999995,-0.0008,0.0002500000000000001,False,True
occlude_XMV_08,25,GAIN,0.0001658305647840086,0.00039986390002243064,4,0.4375,0.6084437086092715,0.546875,0.00015,-0.00035000000000000016,0.0006999999999999999,False,True
occlude_XMV_08,26,GAIN,-0.000198264119601288,0.0001543286073118627,0,0.0625,0.11824324324324324,0.09375,-5.000000000000009e-05,-0.0007000000000000001,0.0004999999999999999,False,True
occlude_XMV_08,27,NO_GAIN,0.0003924667774086288,0.00024008032584754458,5,0.0625,0.11824324324324324,0.09375,-0.00025,-0.0009499999999999998,0.0005,False,True
occlude_XMV_08,28,NO_GAIN,-1.860465116254595e-06,0.0004916130077357157,4,1.0,1.0,1.0,-0.0003,-0.0012,0.0005499999999999999,False,True
occlude_XMV_09,1,NO_GAIN,0.0,0.0,0,1.0,1.0,1.0,0.0,0.0,0.0,False,True
occlude_XMV_09,2,NO_GAIN,0.0,0.0,0,1.0,1.0,1.0,0.0,0.0,0.0,False,True
occlude_XMV_09,3,GAIN,0.0,0.0,0,1.0,1.0,1.0,0.0,0.0,0.0,False,True
occlude_XMV_09,4,GAIN,0.0,0.0,0,1.0,1.0,1.0,0.0,0.0,0.0,False,True
occlude_XMV_09,5,NO_GAIN,0.0,0.0,0,1.0,1.0,1.0,0.0,0.0,0.0,False,True
occlude_XMV_09,6,NO_GAIN,0.0,0.0,0,1.0,1.0,1.0,0.0,0.0,0.0,False,True
occlude_XMV_09,7,GAIN,0.0,0.0,0,1.0,1.0,1.0,0.0,0.0,0.0,False,True
occlude_XMV_09,8,NO_GAIN,0.0,0.0,0,1.0,1.0,1.0,0.0,0.0,0.0,False,True
occlude_XMV_09,9,NO_GAIN,0.0,0.0,0,1.0,1.0,1.0,0.0,0.0,0.0,False,True
occlude_XMV_09,10,NO_GAIN,0.0,0.0,0,1.0,1.0,1.0,0.0,0.0,0.0,False,True
occlude_XMV_09,11,NO_GAIN,0.0,0.0,0,1.0,1.0,1.0,0.0,0.0,0.0,False,True
occlude_XMV_09,12,NO_GAIN,0.0,0.0,0,1.0,1.0,1.0,0.0,0.0,0.0,False,True
occlude_XMV_09,13,NO_GAIN,0.0,0.0,0,1.0,1.0,1.0,0.0,0.0,0.0,False,True
occlude_XMV_09,14,NO_GAIN,0.0,0.0,0,1.0,1.0,1.0,0.0,0.0,0.0,False,True
occlude_XMV_09,15,NO_GAIN,0.0,0.0,0,1.0,1.0,1.0,0.0,0.0,0.0,False,True
occlude_XMV_09,16,NO_GAIN,0.0,0.0,0,1.0,1.0,1.0,0.0,0.0,0.0,False,True
occlude_XMV_09,17,NO_GAIN,0.0,0.0,0,1.0,1.0,1.0,0.0,0.0,0.0,False,True
occlude_XMV_09,18,NO_GAIN,0.0,0.0,0,1.0,1.0,1.0,0.0,0.0,0.0,False,True
occlude_XMV_09,19,GAIN,0.0,0.0,0,1.0,1.0,1.0,0.0,0.0,0.0,False,True
occlude_XMV_09,20,NO_GAIN,0.0,0.0,0,1.0,1.0,1.0,0.0,0.0,0.0,False,True
occlude_XMV_09,21,NO_GAIN,0.0,0.0,0,1.0,1.0,1.0,0.0,0.0,0.0,False,True
occlude_XMV_09,22,NO_GAIN,0.0,0.0,0,1.0,1.0,1.0,0.0,0.0,0.0,False,True
occlude_XMV_09,23,NO_GAIN,0.0,0.0,0,1.0,1.0,1.0,0.0,0.0,0.0,False,True
occlude_XMV_09,24,GAIN,0.0,0.0,0,1.0,1.0,1.0,0.0,0.0,0.0,False,True
occlude_XMV_09,25,GAIN,0.0,0.0,0,1.0,1.0,1.0,0.0,0.0,0.0,False,True
occlude_XMV_09,26,GAIN,0.0,0.0,0,1.0,1.0,1.0,0.0,0.0,0.0,False,True
occlude_XMV_09,27,NO_GAIN,0.0,0.0,0,1.0,1.0,1.0,0.0,0.0,0.0,False,True
occlude_XMV_09,28,NO_GAIN,0.0,0.0,0,1.0,1.0,1.0,0.0,0.0,0.0,False,True
occlude_XMV_10,1,NO_GAIN,-3.3139534882931088e-06,1.9066943819111207e-05,3,0.8125,0.9834293948126801,1.0,-0.0003000000000000001,-0.0010999999999999998,0.0003999999999999999,False,True
occlude_XMV_10,2,NO_GAIN,1.7230066445295124e-05,4.370366862285334e-05,3,0.4375,0.6084437086092715,0.546875,0.0001,-0.0004,0.00065,False,True
occlude_XMV_10,3,GAIN,0.0005996220930232221,0.00040510458324749386,4,0.125,0.205078125,0.1875,-0.00015,-0.00065,0.0004,False,True
occlude_XMV_10,4,GAIN,0.4198081519933556,0.06968663298681375,5,0.0625,0.11824324324324324,0.1171875,0.00015000000000000001,-0.0003000000000000001,0.0007000000000000001,False,True
occlude_XMV_10,5,NO_GAIN,-0.0002097840531561479,0.00016435173207625349,1,0.125,0.205078125,0.20833333333333334,0.00034999999999999994,-0.00010000000000000002,0.0008500000000000001,False,True
occlude_XMV_10,6,NO_GAIN,-1.486710963451987e-05,2.0273672112818885e-05,1,0.25,0.37906137184115524,0.3125,-0.00019999999999999996,-0.00065,0.0002499999999999998,False,True
occlude_XMV_10,7,GAIN,2.2840531561652e-06,1.4404343796101637e-05,3,0.875,1.0,1.0,-0.00035000000000000005,-0.0009000000000000003,0.00015000000000000001,False,True
occlude_XMV_10,8,NO_GAIN,2.7969269103045314e-05,7.931873032278132e-05,3,0.4375,0.6084437086092715,0.65625,0.00035000000000000005,-0.0001499999999999999,0.0009000000000000001,False,True
occlude_XMV_10,9,NO_GAIN,0.00043835132890364116,0.00045214909031213646,4,0.125,0.205078125,0.1875,0.0004499999999999999,-0.00020000000000000004,0.0012000000000000001,False,True
occlude_XMV_10,10,NO_GAIN,-3.3176910298959863e-05,9.411067478038979e-05,1,0.4375,0.6084437086092715,0.5048076923076923,0.00025000000000000006,-0.00024999999999999995,0.0008,False,True
occlude_XMV_10,11,NO_GAIN,0.023948455149501703,0.003481766475884996,5,0.0625,0.11824324324324324,0.10416666666666667,-4.999999999999999e-05,-0.0004,0.00030000000000000003,False,True
occlude_XMV_10,12,NO_GAIN,0.00013945598006643857,0.00043076914322267234,4,0.3125,0.4605263157894737,0.390625,0.00015000000000000007,-0.0003500000000000001,0.0007000000000000002,False,True
occlude_XMV_10,13,NO_GAIN,2.6602990033186556e-05,8.130615515256977e-05,3,0.625,0.8052147239263804,0.78125,0.00034999999999999994,-5.0000000000000036e-05,0.0008,False,True
occlude_XMV_10,14,NO_GAIN,0.0004954069767442393,0.0006136807481594047,5,0.0625,0.11824324324324324,0.13392857142857142,-0.0001,-0.0006499999999999999,0.00045,False,True
occlude_XMV_10,15,NO_GAIN,-9.253737541528028e-05,0.0002145288794863818,1,0.375,0.5412371134020618,0.5625,-0.0004,-0.0009500000000000001,0.00015000000000000012,False,True
occlude_XMV_10,16,NO_GAIN,-8.91320598006562e-05,0.00020384678765060494,1,0.375,0.5412371134020618,0.625,-0.00019999999999999996,-0.0008,0.00035,False,True
occlude_XMV_10,17,NO_GAIN,-6.430647840531823e-05,0.00031409402121989173,1,0.625,0.8052147239263804,0.9375,5e-05,-0.0004,0.00055,False,True
occlude_XMV_10,18,NO_GAIN,-0.0005522134551495083,0.0005680022978680467,1,0.125,0.205078125,0.234375,-0.00015000000000000004,-0.0006500000000000001,0.0004499999999999999,False,True
occlude_XMV_10,19,GAIN,-0.00014348006644515632,0.00021985008797845986,2,0.3125,0.4605263157894737,0.390625,5.000000000000002e-05,-0.00034999999999999994,0.00045000000000000004,False,True
occlude_XMV_10,20,NO_GAIN,-1.8463455149508868e-05,0.0001530151334003532,2,0.875,1.0,1.0,0.00015,-0.00030000000000000003,0.0006000000000000001,False,True
occlude_XMV_10,21,NO_GAIN,9.251245847178292e-05,0.00015564828969075675,3,0.3125,0.4605263157894737,0.42613636363636365,-0.00025000000000000006,-0.0008500000000000001,0.00034999999999999994,False,True
occlude_XMV_10,22,NO_GAIN,0.0005880730897010134,0.0005437710877362873,5,0.0625,0.11824324324324324,0.09375,-0.00019999999999999993,-0.0006500000000000001,0.00030000000000000003,False,True
occlude_XMV_10,23,NO_GAIN,-5.000415282392367e-05,0.00018236115873104133,2,0.625,0.8052147239263804,0.78125,-0.0003,-0.0009499999999999998,0.00030000000000000003,False,True
occlude_XMV_10,24,GAIN,9.99127906976316e-05,7.355220131585363e-05,4,0.125,0.205078125,0.1875,-0.00015000000000000001,-0.0008499999999999998,0.0004999999999999998,False,True
occlude_XMV_10,25,GAIN,0.00026995847176078944,0.00030025596989448426,4,0.1875,0.29605263157894735,0.28125,0.00010000000000000002,-0.0004,0.0006500000000000001,False,True
occlude_XMV_10,26,GAIN,0.00011156561461791447,0.00015166816757147234,3,0.25,0.37906137184115524,0.3409090909090909,4.336808689942018e-20,-0.00055,0.00055,False,True
occlude_XMV_10,27,NO_GAIN,0.03366117109634552,0.01751709462015204,5,0.0625,0.11824324324324324,0.09375,-5.0000000000000036e-05,-0.00055,0.0004499999999999999,False,True
occlude_XMV_10,28,NO_GAIN,-9.612956810629569e-05,0.00026224559780644154,2,0.5,0.6730769230769231,0.6818181818181818,8.673617379884036e-20,-0.0009500000000000001,0.0009,False,True
occlude_XMV_11,1,NO_GAIN,-1.8014950166089784e-05,3.1664954249201664e-05,1,0.3125,0.4605263157894737,0.46875,-4.999999999999998e-05,-0.0008499999999999998,0.0006500000000000001,False,True
occlude_XMV_11,2,NO_GAIN,-1.3289036544805733e-05,4.0444177117072244e-05,2,0.4375,0.6084437086092715,0.546875,9.999999999999998e-05,-0.0005499999999999999,0.0007500000000000001,False,True
occlude_XMV_11,3,GAIN,-3.726744186047792e-05,0.0004948353518092417,2,0.8125,0.9834293948126801,0.9375,5e-05,-0.0006499999999999999,0.00065,False,True
occlude_XMV_11,4,GAIN,2.1951827242627786e-05,8.503134187435815e-05,3,0.5,0.6730769230769231,0.625,0.0003,-0.00024999999999999995,0.0008500000000000001,False,True
occlude_XMV_11,5,NO_GAIN,0.0005731270764119612,0.0005444735762272345,4,0.125,0.205078125,0.20833333333333334,0.00024999999999999995,-0.00035000000000000005,0.0009000000000000001,False,True
occlude_XMV_11,6,NO_GAIN,7.217607973464268e-06,9.679483381809448e-06,3,0.25,0.37906137184115524,0.3125,-0.00024999999999999995,-0.0008,0.00025000000000000006,False,True
occlude_XMV_11,7,GAIN,-8.181063122880693e-06,1.2545515416491885e-05,1,0.25,0.37906137184115524,0.4166666666666667,4.999999999999995e-05,-0.0004,0.0004999999999999999,False,True
occlude_XMV_11,8,NO_GAIN,3.469269102998052e-05,7.069445025931929e-05,3,0.375,0.5412371134020618,0.625,0.00010000000000000009,-0.00034999999999999994,0.0005500000000000002,False,True
occlude_XMV_11,9,NO_GAIN,-2.894518272427149e-05,0.00015303051127832308,2,0.6875,0.8697289156626506,0.8653846153846154,9.999999999999998e-05,-0.0005000000000000001,0.0008,False,True
occlude_XMV_11,10,NO_GAIN,0.00016709717607972242,0.00013896341985672814,5,0.0625,0.11824324324324324,0.08522727272727272,0.0004999999999999999,-5.000000000000004e-05,0.00115,False,True
occlude_XMV_11,11,NO_GAIN,-7.497093023254298e-05,0.00010361971699628855,1,0.1875,0.29605263157894735,0.2556818181818182,-4.999999999999999e-05,-0.00045000000000000004,0.00034999999999999994,False,True
occlude_XMV_11,12,NO_GAIN,0.00043279069767441223,0.00037383068972252564,4,0.125,0.205078125,0.1875,-0.0002,-0.0008500000000000003,0.0005499999999999999,False,True
occlude_XMV_11,13,NO_GAIN,-2.5386212624578518e-05,7.614272248703692e-05,1,0.4375,0.6084437086092715,0.5965909090909091,-5.000000000000004e-05,-0.0006500000000000002,0.0006,False,True
occlude_XMV_11,14,NO_GAIN,4.526578073082988e-06,2.1408018775680506e-05,3,0.625,0.8052147239263804,0.78125,2.168404344971009e-20,-0.0007499999999999999,0.0007000000000000002,False,True
occlude_XMV_11,15,NO_GAIN,-0.00012583056478405742,0.00037101459957464397,2,0.4375,0.6084437086092715,0.5965909090909091,-0.00025000000000000006,-0.00075,0.0003000000000000001,False,True
occlude_XMV_11,16,NO_GAIN,0.00022727159468436398,0.0002449322243152278,5,0.0625,0.11824324324324324,0.13392857142857142,-0.0002,-0.0008,0.0003000000000000001,False,True
occlude_XMV_11,17,NO_GAIN,-6.0448504983412475e-05,8.688399097569217e-05,1,0.1875,0.29605263157894735,0.3125,0.00025000000000000006,-0.00030000000000000003,0.0009000000000000001,False,True
occlude_XMV_11,18,NO_GAIN,6.023255813951689e-05,0.0001818061731494274,3,0.5,0.6730769230769231,0.75,-0.0004,-0.00135,0.00035,False,True
occlude_XMV_11,19,GAIN,-5.9593023256310215e-06,0.00012067593986422083,3,1.0,1.0,1.0,-4.9999999999999935e-05,-0.0005999999999999998,0.0004999999999999999,False,True
occlude_XMV_11,20,NO_GAIN,-1.1702657807255434e-05,9.483145121031369e-05,1,0.8125,0.9834293948126801,1.0,-4.336808689942018e-20,-0.0008,0.0008,False,True
occlude_XMV_11,21,NO_GAIN,0.00045594269102988694,0.0006293299027893504,4,0.125,0.205078125,0.20833333333333334,9.999999999999987e-05,-0.0004000000000000002,0.0006999999999999999,False,True
occlude_XMV_11,22,NO_GAIN,-2.9190199335538124e-05,0.000723777801647519,4,1.0,1.0,1.0,5.000000000000004e-05,-0.00075,0.0009500000000000001,False,True
occlude_XMV_11,23,NO_GAIN,-8.737956810633829e-05,0.0005078551419219647,3,0.8125,0.9834293948126801,0.9375,0.0002,-0.00025,0.0006999999999999999,False,True
occlude_XMV_11,24,GAIN,-2.774086378720675e-06,0.00011076462161514308,2,0.875,1.0,1.0,0.0005499999999999999,-0.0004,0.0015,False,True
occlude_XMV_11,25,GAIN,0.00013868770764116078,0.0004938553281856648,3,0.5625,0.7429245283018868,0.6490384615384616,0.0002000000000000001,-0.0004499999999999999,0.0009000000000000001,False,True
occlude_XMV_11,26,GAIN,6.26204318936896e-05,0.00019129305404398854,3,0.5,0.6730769230769231,0.625,-0.00015,-0.0007500000000000001,0.0004000000000000002,False,True
occlude_XMV_11,27,NO_GAIN,2.438953488375084e-05,0.0004994694812749609,3,0.9375,1.0,1.0,-1.0842021724855045e-20,-0.0004999999999999999,0.00045000000000000004,False,True
occlude_XMV_11,28,NO_GAIN,0.00031494601328905245,0.00016568285681337885,5,0.0625,0.11824324324324324,0.09375,-0.00025000000000000006,-0.0010999999999999998,0.0006500000000000001,False,True
permute_time,1,NO_GAIN,0.0004946137873754308,0.00010035972600894798,5,0.0625,0.11824324324324324,0.10416666666666667,0.00115,-0.0009999999999999998,0.0034500000000000004,False,True
permute_time,2,NO_GAIN,0.0013099044850499286,0.00020572119372561153,5,0.0625,0.11824324324324324,0.10416666666666667,-0.00105,-0.0023499999999999992,0.00020000000000000015,False,True
permute_time,3,GAIN,0.01542248338870431,0.00177637362875211,5,0.0625,0.11824324324324324,0.1171875,-0.0018,-0.0030499999999999998,-0.0005999999999999998,False,True
permute_time,4,GAIN,0.02935599252491703,0.004686303544045801,5,0.0625,0.11824324324324324,0.1171875,0.0013000000000000002,-0.0005499999999999996,0.0032499999999999994,False,True
permute_time,5,NO_GAIN,-0.010103102159468446,0.0019202634063496596,0,0.0625,0.11824324324324324,0.20833333333333334,-0.0022499999999999994,-0.00405,-0.0004,False,True
permute_time,6,NO_GAIN,-0.0001310132890365079,3.575591524174644e-05,0,0.0625,0.11824324324324324,0.13392857142857142,-0.0010999999999999998,-0.0026499999999999996,0.00044999999999999977,False,True
permute_time,7,GAIN,6.019102990033609e-05,1.7288061832658928e-05,5,0.0625,0.11824324324324324,0.13392857142857142,-0.0012499999999999998,-0.0032,0.0006999999999999998,False,True
permute_time,8,NO_GAIN,-0.0013637043189368425,0.0003381499768122817,0,0.0625,0.11824324324324324,0.15625,-0.0016499999999999998,-0.00315,-0.0001,False,True
permute_time,9,NO_GAIN,0.0004859883720930158,0.0019881790656151106,3,0.75,0.9292035398230089,0.8653846153846154,-0.0017000000000000001,-0.0034500000000000004,0.00014999999999999988,False,True
permute_time,10,NO_GAIN,0.008504410299003307,0.0019773181866443107,5,0.0625,0.11824324324324324,0.08522727272727272,0.001,-0.0008499999999999998,0.0030499999999999998,False,True
permute_time,11,NO_GAIN,-0.001155348837209269,0.0027412952990839485,2,0.4375,0.6084437086092715,0.546875,-0.0006,-0.0018499999999999999,0.0005999999999999998,False,True
permute_time,12,NO_GAIN,0.00408186877076413,0.0016612071834416148,5,0.0625,0.11824324324324324,0.1171875,-0.00075,-0.0024999999999999996,0.00115,False,True
permute_time,13,NO_GAIN,0.0013357682724252306,0.00023975017762990986,5,0.0625,0.11824324324324324,0.10416666666666667,-0.001,-0.0024999999999999996,0.0004999999999999999,False,True
permute_time,14,NO_GAIN,0.0006488870431893279,0.0008176025073187513,5,0.0625,0.11824324324324324,0.13392857142857142,-0.0022499999999999994,-0.00445,0.00014999999999999996,False,True
permute_time,15,NO_GAIN,-0.0032979360465116513,0.0012060127402288396,0,0.0625,0.11824324324324324,0.1171875,0.0005500000000000001,-0.0012999999999999997,0.00245,False,True
permute_time,16,NO_GAIN,0.0021106229235880124,0.001016370715206953,5,0.0625,0.11824324324324324,0.13392857142857142,-0.0010999999999999998,-0.0030499999999999998,0.0010500000000000002,False,True
permute_time,17,NO_GAIN,0.0013676951827243044,0.00038962776230973343,5,0.0625,0.11824324324324324,0.234375,0.0017000000000000001,-0.00029999999999999987,0.0036500000000000005,False,True
permute_time,18,NO_GAIN,0.0054166196013289095,0.0019998878730146732,5,0.0625,0.11824324324324324,0.15625,-0.0027999999999999995,-0.00455,-0.00105,False,True
permute_time,19,GAIN,0.020556843853820637,0.00341507654446399,5,0.0625,0.11824324324324324,0.08522727272727272,-0.0013999999999999998,-0.0031,0.0002999999999999998,False,True
permute_time,20,NO_GAIN,0.0016592732558139867,0.0003351448303577218,5,0.0625,0.11824324324324324,0.15625,-0.0021999999999999997,-0.004149999999999999,-0.00025000000000000033,False,True
permute_time,21,NO_GAIN,-0.004210627076411988,0.0007687442349809272,0,0.0625,0.11824324324324324,0.13392857142857142,-0.00155,-0.0033,0.0002000000000000001,False,True
permute_time,22,NO_GAIN,-0.004521528239202666,0.0016415632341167626,0,0.0625,0.11824324324324324,0.09375,-0.0006500000000000001,-0.00265,0.0013000000000000002,False,True
permute_time,23,NO_GAIN,0.008466914451827234,0.002756037073734389,5,0.0625,0.11824324324324324,0.10416666666666667,-0.00075,-0.0021999999999999997,0.0005999999999999998,False,True
permute_time,24,GAIN,0.0007709883720930621,0.0017458701906504978,2,0.5,0.6730769230769231,0.6818181818181818,-0.00034999999999999994,-0.0018000000000000002,0.0010500000000000002,False,True
permute_time,25,GAIN,-0.004149821428571477,0.011029424475754819,2,0.4375,0.6084437086092715,0.546875,0.0006999999999999999,-0.0011000000000000003,0.0026000000000000003,False,True
permute_time,26,GAIN,0.014230863787375436,0.0025814371677143296,5,0.0625,0.11824324324324324,0.09375,-0.0013999999999999998,-0.0031,0.00030000000000000035,False,True
permute_time,27,NO_GAIN,0.012830232558139509,0.007824938643434032,5,0.0625,0.11824324324324324,0.09375,-0.00135,-0.0027999999999999995,9.999999999999987e-05,False,True
permute_time,28,NO_GAIN,0.007861723421926948,0.00204758699790211,5,0.0625,0.11824324324324324,0.09375,0.0023999999999999994,0.0005499999999999999,0.0043,False,True
