mode,channel,feature,global_event,attack_id,target_class,reliable_imputer,seeds,mean_delta_normalized_score,min_delta_normalized_score,max_delta_normalized_score,positive_seeds,mean_detection_drop,mean_alarm_delay_increase,max_abs_fpr_shift,stable_targeted_cell
loo_sample,2,P1_B2016,1,A101,control_only,True,3,-0.00020728648325807342,-0.0005022584968341626,0.00020431547148636042,1,0.0,0.0,2.545125067499824e-06,False
loo_sample,2,P1_B2016,7,A202,mixed_control_sensor,True,3,5.448759173187767e-05,-0.00089105343292184,0.0005915601112485014,2,0.0,0.0,2.545125067499824e-06,False
loo_sample,2,P1_B2016,10,A205,control_only,True,3,0.00017330570554796587,-2.8560593028692516e-05,0.00046069909176738033,2,0.0,0.0,2.545125067499824e-06,False
loo_sample,2,P1_B2016,27,A302,mixed_control_sensor,True,3,-0.0002520672836464251,-0.0006873214951488293,0.00019138047443645334,1,0.0,0.0,2.545125067499824e-06,False
loo_sample,2,P1_B2016,31,A306,control_only,True,3,-0.00010275771074204816,-0.0006278499282177386,0.0005736561901761306,1,0.0,0.0,2.545125067499824e-06,False
loo_sample,2,P1_B2016,47,A509,control_only,True,3,2.3659698489904752e-05,-0.00012843994611000387,0.0003000248469239297,1,0.0,0.0,2.545125067499824e-06,False
loo_sample,3,P1_B3004,13,A208,mixed_control_sensor,False,3,0.004069759172825815,0.0005524508660035288,0.008597814398635384,3,0.0,0.0,1.781587547209978e-05,False
loo_sample,3,P1_B3004,14,A209,control_only,False,3,0.01974144527663239,0.015243625820454465,0.022540173680540843,3,0.0,0.0,1.781587547209978e-05,False
loo_sample,3,P1_B3004,34,A401,mixed_control_sensor,False,3,0.0014519437812449503,0.00012033484064244426,0.0037615145074723078,3,0.0,-0.3333333333333333,1.781587547209978e-05,False
loo_sample,3,P1_B3004,36,A403,mixed_control_sensor,False,3,-0.002896544635597594,-0.012593996786371076,0.002848495507255855,2,0.0,0.0,1.781587547209978e-05,False
loo_sample,3,P1_B3004,41,A503,mixed_control_sensor,False,3,-0.002776029764576027,-0.009733833873586839,0.0007898095904983471,2,0.0,0.0,1.781587547209978e-05,False
loo_sample,3,P1_B3004,43,A505,control_only,False,3,0.017938503778677967,0.014809872092872656,0.0219147660395147,3,0.0,0.0,1.781587547209978e-05,False
loo_sample,3,P1_B3004,48,A510,mixed_control_sensor,False,3,-0.004013795870762227,-0.009876974262120974,0.0037754734712724947,1,0.0,0.3333333333333333,1.781587547209978e-05,False
loo_sample,4,P1_B3005,2,A102,control_only,False,3,0.07694773504271923,0.06022565698615878,0.10600837521778594,3,0.0,0.0,1.5270750404700138e-05,False
loo_sample,4,P1_B3005,9,A204,mixed_control_sensor,False,3,0.0026550325032395814,-3.1232753641807776e-05,0.0044945884713589734,2,0.0,0.3333333333333333,1.5270750404700138e-05,False
loo_sample,4,P1_B3005,26,A301,control_only,False,3,0.03094619249190696,0.02243079035764528,0.04045760794704589,3,0.0,0.6666666666666666,1.5270750404700138e-05,False
loo_sample,4,P1_B3005,27,A302,mixed_control_sensor,False,3,0.016586475433221892,0.01459070201161361,0.018177731781209072,3,0.0,0.0,1.5270750404700138e-05,False
loo_sample,4,P1_B3005,35,A402,mixed_control_sensor,False,3,0.002265474045576088,-0.000907970123364521,0.004475148180151267,2,0.0,0.6666666666666666,1.5270750404700138e-05,False
loo_sample,4,P1_B3005,50,A512,mixed_control_sensor,False,3,0.005383159402473729,-4.323879961765087e-05,0.008241309755247839,2,0.0,0.0,1.5270750404700138e-05,False
loo_sample,13,P1_FCV03D,11,A206,mixed_control_sensor,True,3,0.0006168642290336201,-0.0003393180442761712,0.001860394356892503,2,0.0,0.0,7.635375202299979e-06,False
loo_sample,13,P1_FCV03D,21,A216,control_only,True,3,0.05881210271466366,0.05026702733205013,0.06386826732139045,3,0.0,0.0,7.635375202299979e-06,True
loo_sample,13,P1_FCV03D,23,A218,control_only,True,3,0.0002148802553899228,-0.002993325427480986,0.006333977097480847,1,0.0,0.0,7.635375202299979e-06,False
loo_sample,13,P1_FCV03D,32,A307,control_only,True,3,-0.004721533117874562,-0.025269459595612886,0.014728549913677114,1,0.0,0.0,7.635375202299979e-06,False
loo_sample,13,P1_FCV03D,40,A502,mixed_control_sensor,True,3,0.0010848309380414218,-0.0015452586857691575,0.0036565819815352896,2,0.0,0.0,7.635375202299979e-06,False
loo_sample,13,P1_FCV03D,42,A504,control_only,True,3,0.0028392337863286285,-0.0020612255466174734,0.008594894752114834,2,0.0,0.0,7.635375202299979e-06,False
loo_sample,13,P1_FCV03D,46,A508,control_only,True,3,0.019202970235164152,0.0034987307282621227,0.03126163304150631,3,0.0,0.0,7.635375202299979e-06,False
loo_sample,13,P1_FCV03D,50,A512,mixed_control_sensor,True,3,0.0014866971035652672,0.0002567299423823499,0.0023224570790598698,3,0.0,0.0,7.635375202299979e-06,False
loo_sample,15,P1_LCV01D,3,A103,control_only,True,3,-0.005807989818682173,-0.02585682935812228,0.008687118665181792,1,0.0,0.0,7.635375202399725e-06,False
loo_sample,15,P1_LCV01D,8,A203,control_only,True,3,0.1891903938220744,0.15194081164172013,0.21773271924116844,3,0.0,0.0,7.635375202399725e-06,True
loo_sample,15,P1_LCV01D,18,A213,mixed_control_sensor,True,3,-0.007518320807425427,-0.018333721083269694,7.584654009296088e-06,1,0.0,0.0,7.635375202399725e-06,False
loo_sample,15,P1_LCV01D,26,A301,control_only,True,3,0.008122032196593798,0.0016024828397369628,0.019190269024213502,3,0.0,0.6666666666666666,7.635375202399725e-06,False
loo_sample,15,P1_LCV01D,28,A303,control_only,True,3,-0.003093913066421372,-0.012609251860262294,0.005824081094837119,1,0.0,0.0,7.635375202399725e-06,False
loo_sample,15,P1_LCV01D,33,A308,mixed_control_sensor,True,3,-0.00282231810815207,-0.006660490600161051,0.002901643648184127,1,0.0,0.0,7.635375202399725e-06,False
loo_sample,15,P1_LCV01D,37,A404,mixed_control_sensor,True,3,-0.004469589065129842,-0.012013707905677684,0.0009284099345268082,1,0.0,0.0,7.635375202399725e-06,False
loo_sample,15,P1_LCV01D,46,A508,control_only,True,3,0.0439464426639938,0.014683728662934659,0.06406880684819494,3,0.0,1.6666666666666667,7.635375202399725e-06,False
loo_sample,15,P1_LCV01D,48,A510,mixed_control_sensor,True,3,0.008302050860202895,-0.0029194424980403255,0.0187872287003219,2,0.0,1.0,7.635375202399725e-06,False
loo_sample,17,P1_PCV01D,15,A210,mixed_control_sensor,False,3,-7.529616238547791e-05,-0.00044162106347428454,0.00027762858147312164,1,0.0,-0.6666666666666666,0.0,False
loo_sample,17,P1_PCV01D,19,A214,control_only,False,3,-0.00026118720144243285,-0.0006820483264532995,3.975228450542323e-05,1,0.0,0.0,0.0,False
loo_sample,17,P1_PCV01D,28,A303,control_only,False,3,-0.0002810009302052959,-0.0015517571100525096,0.0004217901959542303,2,0.0,0.0,0.0,False
loo_sample,17,P1_PCV01D,34,A401,mixed_control_sensor,False,3,-0.00032257137032113786,-0.0010805392104549227,0.0003203388746690905,1,0.0,0.0,0.0,False
loo_sample,17,P1_PCV01D,39,A501,control_only,False,3,-0.002390813240382409,-0.011011061873160699,0.002761741470440171,2,0.0,0.0,0.0,False
loo_sample,17,P1_PCV01D,47,A509,control_only,False,3,0.00014750992583245637,-0.000431483148781997,0.0005723075141437772,2,0.0,0.0,0.0,False
loo_sample,20,P2_CO_rpm,4,A104,control_only,True,3,0.04209068978744668,-0.1711446144489206,0.24979054845657522,2,0.0,0.0,2.545125067449994e-05,False
loo_sample,20,P2_CO_rpm,20,A215,mixed_control_sensor,True,3,0.0907039649270529,0.04515013693897407,0.16656102473416012,3,0.6666666666666666,100.66666666666667,2.545125067449994e-05,True
loo_sample,20,P2_CO_rpm,30,A305,control_only,True,3,0.21457088444062103,0.1663195704862801,0.25888884044370997,3,0.0,0.0,2.545125067449994e-05,True
loo_sample,20,P2_CO_rpm,37,A404,mixed_control_sensor,True,3,0.04992947489832641,0.03521237513104625,0.07141125844791629,3,0.0,0.0,2.545125067449994e-05,False
loo_sample,20,P2_CO_rpm,40,A502,mixed_control_sensor,True,3,0.02265998133676428,0.013273861947574073,0.027451887887305793,3,0.0,0.0,2.545125067449994e-05,False
loo_sample,20,P2_CO_rpm,41,A503,mixed_control_sensor,True,3,0.04078795116997913,0.03136077460062081,0.05093307423299143,3,0.0,0.0,2.545125067449994e-05,False
loo_sample,20,P2_CO_rpm,44,A506,mixed_control_sensor,True,3,0.10777439280586987,0.08272415655291654,0.12931840498344627,3,0.0,0.0,2.545125067449994e-05,True
loo_sample,21,P3_LCP01D,24,A219,control_only,False,3,-0.0008015975722870938,-0.0055650462626712915,0.006641589752762411,1,0.0,0.0,7.635375202299979e-06,False
loo_sample,22,P3_LCV01D,25,A220,control_only,False,3,0.08463571205628184,0.07057392781445287,0.11045384203482228,3,0.0,0.0,0.0,False
loo_sample,22,P3_LCV01D,35,A402,mixed_control_sensor,False,3,0.010404522531420213,0.0018505824517811575,0.018499578199204558,3,0.0,0.6666666666666666,0.0,False
loo_sample,22,P3_LCV01D,36,A403,mixed_control_sensor,False,3,0.006183365147267879,-0.0057005572315533826,0.016707898400475596,2,0.0,2.0,0.0,False
loo_sample,22,P3_LCV01D,38,A405,control_only,False,3,0.02846380827948547,0.024597618059705395,0.03550929102799616,3,0.0,0.0,0.0,False
loo_sample,22,P3_LCV01D,42,A504,control_only,False,3,0.02653397809722476,0.020874313803392663,0.03234847160565968,3,0.0,0.0,0.0,False
loo_sample,22,P3_LCV01D,44,A506,mixed_control_sensor,False,3,0.03377549634646093,0.014041466798990876,0.05285722946834093,3,0.0,0.0,0.0,False
loo_sample,22,P3_LCV01D,49,A511,control_only,False,3,0.035074046482357346,0.017970166870561854,0.048432750404291625,3,0.0,0.0,0.0,False
zero,2,P1_B2016,1,A101,control_only,True,3,0.006580263051273756,0.00499195329344615,0.007859685277075368,3,0.0,0.0,1.0180500269800236e-05,False
zero,2,P1_B2016,7,A202,mixed_control_sensor,True,3,0.01628406067386538,0.008158562317096774,0.024380927425605492,3,0.0,0.0,1.0180500269800236e-05,False
zero,2,P1_B2016,10,A205,control_only,True,3,-0.05405517181306807,-0.0671552847441354,-0.04485421638411208,0,0.0,0.0,1.0180500269800236e-05,False
zero,2,P1_B2016,27,A302,mixed_control_sensor,True,3,0.01535336582949376,0.008888183633213531,0.022293313180060892,3,0.0,0.0,1.0180500269800236e-05,False
zero,2,P1_B2016,31,A306,control_only,True,3,0.005901688857224603,-0.007984822810040537,0.017051027017505938,2,0.0,0.0,1.0180500269800236e-05,False
zero,2,P1_B2016,47,A509,control_only,True,3,-0.007600229959112322,-0.00967668937111782,-0.004983513324208488,0,0.0,0.0,1.0180500269800236e-05,False
zero,3,P1_B3004,13,A208,mixed_control_sensor,False,3,0.018705575449547467,0.013366001164545782,0.021641231805886285,3,0.0,0.0,3.0541500809400275e-05,False
zero,3,P1_B3004,14,A209,control_only,False,3,0.011798283896626405,0.006085610137404052,0.016377435533046825,3,0.0,0.0,3.0541500809400275e-05,False
zero,3,P1_B3004,34,A401,mixed_control_sensor,False,3,0.013360345782333619,0.00554370766745893,0.019800066373911074,3,0.0,0.0,3.0541500809400275e-05,False
zero,3,P1_B3004,36,A403,mixed_control_sensor,False,3,0.015146455983277685,0.005565973779280142,0.022570753464347337,3,0.0,0.0,3.0541500809400275e-05,False
zero,3,P1_B3004,41,A503,mixed_control_sensor,False,3,0.02136368863526143,0.016431909032324832,0.025443808556442793,3,0.0,0.0,3.0541500809400275e-05,False
zero,3,P1_B3004,43,A505,control_only,False,3,0.01863376680287132,0.011326532215748086,0.022834800658994903,3,0.0,0.0,3.0541500809400275e-05,False
zero,3,P1_B3004,48,A510,mixed_control_sensor,False,3,0.025763667174732035,0.016883071404458327,0.03036350952969613,3,0.0,0.6666666666666666,3.0541500809400275e-05,False
zero,4,P1_B3005,2,A102,control_only,False,3,0.04572308434187333,0.0380017454521796,0.052240380384527274,3,0.0,0.0,6.87183768211001e-05,False
zero,4,P1_B3005,9,A204,mixed_control_sensor,False,3,0.029895197429009073,0.022141932479908033,0.03571756390362835,3,0.0,0.3333333333333333,6.87183768211001e-05,False
zero,4,P1_B3005,26,A301,control_only,False,3,0.0357942449229998,0.0321590276257433,0.03905698567080618,3,0.0,0.3333333333333333,6.87183768211001e-05,False
zero,4,P1_B3005,27,A302,mixed_control_sensor,False,3,0.09058670964404802,0.07721229860215839,0.09838179977130324,3,0.0,0.0,6.87183768211001e-05,False
zero,4,P1_B3005,35,A402,mixed_control_sensor,False,3,0.06363493815203358,0.05859556173264768,0.06855650332062879,3,0.0,0.3333333333333333,6.87183768211001e-05,False
zero,4,P1_B3005,50,A512,mixed_control_sensor,False,3,0.060059321524527975,0.05283573707274236,0.06923367492899102,3,0.0,0.0,6.87183768211001e-05,False
zero,13,P1_FCV03D,11,A206,mixed_control_sensor,True,3,0.004411913584956166,-0.0023008466587349785,0.013306333491532873,2,0.0,0.0,2.7996375741900018e-05,False
zero,13,P1_FCV03D,21,A216,control_only,True,3,0.03853819957849617,0.02669524974682952,0.05702828947260519,3,0.0,0.0,2.7996375741900018e-05,False
zero,13,P1_FCV03D,23,A218,control_only,True,3,0.031237627930316886,0.02616399239452205,0.03733013251011075,3,0.0,0.0,2.7996375741900018e-05,False
zero,13,P1_FCV03D,32,A307,control_only,True,3,0.31243401719660824,0.2555226932369017,0.35203468126129067,3,0.0,0.0,2.7996375741900018e-05,True
zero,13,P1_FCV03D,40,A502,mixed_control_sensor,True,3,0.00548113198190503,0.0018607546075481984,0.009565973763720592,3,0.0,0.0,2.7996375741900018e-05,False
zero,13,P1_FCV03D,42,A504,control_only,True,3,0.02231466596845137,0.013038796508151318,0.029847726813541087,3,0.0,0.0,2.7996375741900018e-05,False
zero,13,P1_FCV03D,46,A508,control_only,True,3,0.018153954587788013,0.0020534704769785694,0.03356785412024932,3,0.0,0.0,2.7996375741900018e-05,False
zero,13,P1_FCV03D,50,A512,mixed_control_sensor,True,3,0.03946195161836467,0.023511401619663808,0.05986745692433204,3,0.0,0.0,2.7996375741900018e-05,False
zero,15,P1_LCV01D,3,A103,control_only,True,3,0.011027965587234956,-0.009719337278727203,0.02823978009728778,2,0.0,0.0,3.5631750944300176e-05,False
zero,15,P1_LCV01D,8,A203,control_only,True,3,0.17919560775375534,0.15245038533995814,0.19893919899118262,3,0.0,0.0,3.5631750944300176e-05,True
zero,15,P1_LCV01D,18,A213,mixed_control_sensor,True,3,-0.01369817446375802,-0.04224540097692575,0.001275372362175009,1,0.0,0.0,3.5631750944300176e-05,False
zero,15,P1_LCV01D,26,A301,control_only,True,3,0.012213165040453852,0.007689800786742751,0.017634701641065176,3,0.0,0.6666666666666666,3.5631750944300176e-05,False
zero,15,P1_LCV01D,28,A303,control_only,True,3,0.005856631556290163,-0.006524515519975793,0.028881031594296225,1,0.0,0.0,3.5631750944300176e-05,False
zero,15,P1_LCV01D,33,A308,mixed_control_sensor,True,3,-0.002719806878650921,-0.009827958197187403,0.0036755762550333415,1,0.0,0.0,3.5631750944300176e-05,False
zero,15,P1_LCV01D,37,A404,mixed_control_sensor,True,3,-0.0017178263407669665,-0.022965620498147654,0.014655380501965354,2,0.0,0.0,3.5631750944300176e-05,False
zero,15,P1_LCV01D,46,A508,control_only,True,3,0.05652299847068668,0.02892674585438826,0.07193544856270373,3,0.0,0.6666666666666666,3.5631750944300176e-05,True
zero,15,P1_LCV01D,48,A510,mixed_control_sensor,True,3,-0.009879282383344457,-0.03762943125354701,0.006284593670619287,2,0.0,1.3333333333333333,3.5631750944300176e-05,False
zero,17,P1_PCV01D,15,A210,mixed_control_sensor,False,3,0.004959476824212013,-0.006087519535844688,0.011915277568460614,2,0.0,-0.6666666666666666,3.0541500809400275e-05,False
zero,17,P1_PCV01D,19,A214,control_only,False,3,-0.009938501156315838,-0.014339852141643905,-0.006496230042231821,0,0.0,0.0,3.0541500809400275e-05,False
zero,17,P1_PCV01D,28,A303,control_only,False,3,0.019936691190506856,0.011568206019292315,0.02664539053315007,3,0.0,0.0,3.0541500809400275e-05,False
zero,17,P1_PCV01D,34,A401,mixed_control_sensor,False,3,0.013618896554619267,0.00702398969750373,0.020274757406718802,3,0.0,0.0,3.0541500809400275e-05,False
zero,17,P1_PCV01D,39,A501,control_only,False,3,0.14538627979263788,0.11628205393023272,0.1913294717307572,3,0.0,0.0,3.0541500809400275e-05,False
zero,17,P1_PCV01D,47,A509,control_only,False,3,-0.006002375965368512,-0.007695927289672999,-0.003884815295796318,0,0.0,0.0,3.0541500809400275e-05,False
zero,20,P2_CO_rpm,4,A104,control_only,True,3,0.054372378357656924,-0.2581941458196524,0.3824716815501743,2,0.0,0.0,1.0180500269800236e-05,False
zero,20,P2_CO_rpm,20,A215,mixed_control_sensor,True,3,0.09186157264126171,0.04697355034347084,0.16677821912919233,3,0.6666666666666666,100.66666666666667,1.0180500269800236e-05,True
zero,20,P2_CO_rpm,30,A305,control_only,True,3,0.23701775264448818,0.07606499726700022,0.3218872872850831,3,0.0,0.0,1.0180500269800236e-05,True
zero,20,P2_CO_rpm,37,A404,mixed_control_sensor,True,3,0.03770912408875008,0.02729565675969603,0.05853181302492105,3,0.0,0.0,1.0180500269800236e-05,False
zero,20,P2_CO_rpm,40,A502,mixed_control_sensor,True,3,0.04301919614913071,0.019284862893063748,0.05497901565980645,3,0.0,0.0,1.0180500269800236e-05,False
zero,20,P2_CO_rpm,41,A503,mixed_control_sensor,True,3,0.049174437536663916,0.036221599055050735,0.0750231673010866,3,0.0,0.0,1.0180500269800236e-05,False
zero,20,P2_CO_rpm,44,A506,mixed_control_sensor,True,3,0.12261279399914644,0.09871872080539734,0.16395268778455785,3,0.0,0.0,1.0180500269800236e-05,True
zero,21,P3_LCP01D,24,A219,control_only,False,3,-0.024557279233533496,-0.029433894765848012,-0.015133086600260803,0,0.0,0.0,5.344762641639996e-05,False
zero,22,P3_LCV01D,25,A220,control_only,False,3,0.0690764600821353,0.05875696050156198,0.08662295053176716,3,0.0,0.0,5.344762641639996e-05,False
zero,22,P3_LCV01D,35,A402,mixed_control_sensor,False,3,0.05117519610780589,0.04753254418286801,0.05702303847182977,3,0.0,0.6666666666666666,5.344762641639996e-05,False
zero,22,P3_LCV01D,36,A403,mixed_control_sensor,False,3,0.05902923571137412,0.04381334361849487,0.0674522001129616,3,0.0,2.0,5.344762641639996e-05,False
zero,22,P3_LCV01D,38,A405,control_only,False,3,0.03437619762471774,0.022875216600335202,0.05254616160767078,3,0.0,0.0,5.344762641639996e-05,False
zero,22,P3_LCV01D,42,A504,control_only,False,3,0.050709602990773726,0.041550267310786815,0.057119693966834806,3,0.0,0.0,5.344762641639996e-05,False
zero,22,P3_LCV01D,44,A506,mixed_control_sensor,False,3,0.03732948214225477,0.02088223772596587,0.052212337265396314,3,0.0,0.0,5.344762641639996e-05,False
zero,22,P3_LCV01D,49,A511,control_only,False,3,0.4829341217788971,0.39355631774624733,0.5539654984301787,3,0.0,0.0,5.344762641639996e-05,False
