seed,mode,channel,feature,reliable_imputer,threshold,rows,attack_rows,events,auroc,auprc,fpr,event_detected_ratio,censored_delay_mean,etap,etar,etaf1,false_alarm_seconds,n_false_alarms,original_threshold,original_auroc,original_auprc,original_etaf1,original_fpr,original_event_detected_ratio,original_censored_delay_mean,delta_auroc,delta_auprc,delta_etaf1,delta_event_detected_ratio,delta_fpr,delta_censored_delay
42,loo_sample,1,P1_B2004,True,0.5975660681724548,401855,8947,50,0.8491914196829833,0.5065479301436016,0.0026901971962902,0.84,43.94,0.6823023557295324,0.558525805907946,0.6142405288478049,1306,61,0.597582995891571,0.8491918146652294,0.5065547069720158,0.6142405288478049,0.0026901971962902,0.84,43.94,3.9498224613243593e-07,6.776828414212233e-06,0.0,0.0,0.0,0.0
42,loo_sample,2,P1_B2016,True,0.5973185300827026,401855,8947,50,0.8491942845488103,0.5065371657380865,0.0026876520712227,0.84,43.96,0.6831634699296241,0.5584963957658686,0.6145714236497197,1305,61,0.597582995891571,0.8491918146652294,0.5065547069720158,0.6142405288478049,0.0026901971962902,0.84,43.94,-2.4698835808800723e-06,1.7541233929274647e-05,-0.00033089480191483833,0.0,-2.545125067499824e-06,0.020000000000003126
42,loo_sample,3,P1_B3004,False,0.5975028276443481,401855,8947,50,0.848242219456519,0.5049584568662353,0.0026723813208181,0.84,43.92,0.684609995678047,0.5581843327864054,0.6149667163811569,1299,60,0.597582995891571,0.8491918146652294,0.5065547069720158,0.6142405288478049,0.0026901971962902,0.84,43.94,0.0009495952087104076,0.0015962501057804612,-0.000726187533351963,0.0,-1.781587547209978e-05,-0.01999999999999602
42,loo_sample,4,P1_B3005,False,0.5976120829582214,401855,8947,50,0.8476358629662972,0.5044146858189403,0.0026851069461553,0.84,43.96,0.6814817609396548,0.5576811492668657,0.6133972030875176,1305,62,0.597582995891571,0.8491918146652294,0.5065547069720158,0.6142405288478049,0.0026901971962902,0.84,43.94,0.0015559516989321898,0.002140021153075433,0.000843325760287339,0.0,-5.090250134899901e-06,0.020000000000003126
42,loo_sample,5,P1_B4002,True,0.5975707173347473,401855,8947,50,0.8491961112528028,0.5065573469308684,0.0026901971962902,0.84,43.94,0.6823023557295324,0.558525805907946,0.6142405288478049,1306,61,0.597582995891571,0.8491918146652294,0.5065547069720158,0.6142405288478049,0.0026901971962902,0.84,43.94,-4.296587573393573e-06,-2.639958852634905e-06,0.0,0.0,0.0,0.0
42,loo_sample,6,P1_B4005,False,0.5975496172904968,401855,8947,50,0.8492709172205977,0.5066247812873631,0.0026825618210878,0.84,43.94,0.6821849861118038,0.5585907353885101,0.6142322201508302,1303,62,0.597582995891571,0.8491918146652294,0.5065547069720158,0.6142405288478049,0.0026901971962902,0.84,43.94,-7.910255536824895e-05,-7.007431534733488e-05,8.308696974657082e-06,0.0,-7.635375202399725e-06,0.0
42,loo_sample,7,P1_B400B,False,0.5974262952804565,401855,8947,50,0.8491873505266709,0.5065519581369887,0.0026901971962902,0.84,43.94,0.6829343558578036,0.5586565248621943,0.6145756059858867,1306,61,0.597582995891571,0.8491918146652294,0.5065547069720158,0.6142405288478049,0.0026901971962902,0.84,43.94,4.464138558479824e-06,2.7488350270443718e-06,-0.0003350771380817852,0.0,0.0,0.0
42,loo_sample,8,P1_B4022,True,0.5974763631820679,401855,8947,50,0.8491789369923514,0.5065457034197394,0.0026901971962902,0.84,43.94,0.6823023557295324,0.558525805907946,0.6142405288478049,1306,61,0.597582995891571,0.8491918146652294,0.5065547069720158,0.6142405288478049,0.0026901971962902,0.84,43.94,1.2877672878053303e-05,9.003552276398707e-06,0.0,0.0,0.0,0.0
42,loo_sample,9,P1_FCV01D,False,0.5975092053413391,401855,8947,50,0.8491841398913659,0.506549910773258,0.0026876520712227,0.84,43.94,0.6838963633811367,0.5586565248621943,0.6149648346518966,1305,60,0.597582995891571,0.8491918146652294,0.5065547069720158,0.6142405288478049,0.0026901971962902,0.84,43.94,7.674773863541873e-06,4.796198757817116e-06,-0.0007243058040916628,0.0,-2.545125067499824e-06,0.0
42,loo_sample,10,P1_FCV01Z,False,0.5975279211997986,401855,8947,50,0.8491937025295985,0.5065578487697364,0.0026876520712227,0.84,43.94,0.6832653914716361,0.558525805907946,0.6146304696409478,1305,60,0.597582995891571,0.8491918146652294,0.5065547069720158,0.6142405288478049,0.0026901971962902,0.84,43.94,-1.887864369054526e-06,-3.1417977206515957e-06,-0.00038994079314291774,0.0,-2.545125067499824e-06,0.0
42,loo_sample,11,P1_FCV02D,False,0.5973633527755737,401855,8947,50,0.849285483204337,0.506495359301809,0.0026927423213576,0.84,43.98,0.6825433402353408,0.558317321340081,0.6142120243136494,1307,61,0.597582995891571,0.8491918146652294,0.5065547069720158,0.6142405288478049,0.0026901971962902,0.84,43.94,-9.366853910763862e-05,5.9347670206766345e-05,2.8504534155482375e-05,0.0,2.5451250674000774e-06,0.03999999999999915
42,loo_sample,12,P1_FCV02Z,False,0.5972488522529602,401855,8947,50,0.8494039278120081,0.5066367216843022,0.0026901971962902,0.84,43.94,0.6823023557295324,0.558525805907946,0.6142405288478049,1306,61,0.597582995891571,0.8491918146652294,0.5065547069720158,0.6142405288478049,0.0026901971962902,0.84,43.94,-0.00021211314677871407,-8.201471228641566e-05,0.0,0.0,0.0,0.0
42,loo_sample,13,P1_FCV03D,True,0.5969919562339783,401855,8947,50,0.8482575468158304,0.5063124052485267,0.0026978325714925,0.84,43.96,0.6810738124572842,0.5588903097247399,0.6139622061319335,1309,62,0.597582995891571,0.8491918146652294,0.5065547069720158,0.6142405288478049,0.0026901971962902,0.84,43.94,0.0009342678493989842,0.00024230172348904677,0.0002783227158713597,0.0,7.635375202299979e-06,0.020000000000003126
42,loo_sample,14,P1_FCV03Z,True,0.5970547199249268,401855,8947,50,0.8487322618536772,0.5059167011099567,0.00270037769656,0.84,43.94,0.6804357666021161,0.5586565248621943,0.6135618523018311,1310,63,0.597582995891571,0.8491918146652294,0.5065547069720158,0.6142405288478049,0.0026901971962902,0.84,43.94,0.0004595528115521885,0.0006380058620590878,0.0006786765459737554,0.0,1.0180500269800236e-05,0.0
42,loo_sample,15,P1_LCV01D,True,0.5972660779953003,401855,8947,50,0.8489160001415461,0.5066756175112527,0.0026825618210878,0.84,43.94,0.6817712802760494,0.5588445742166689,0.6142178168355147,1301,62,0.597582995891571,0.8491918146652294,0.5065547069720158,0.6142405288478049,0.0026901971962902,0.84,43.94,0.0002758145236833043,-0.00012091053923690698,2.2712012290204697e-05,0.0,-7.635375202399725e-06,0.0
42,loo_sample,16,P1_LCV01Z,True,0.5970184206962585,401855,8947,50,0.84951435528994,0.5073773780008585,0.0026851069461553,0.84,43.94,0.6938246388632836,0.5601942005183544,0.6198894732069754,1140,59,0.597582995891571,0.8491918146652294,0.5065547069720158,0.6142405288478049,0.0026901971962902,0.84,43.94,-0.00032254062471059886,-0.000822671028842703,-0.005648944359170516,0.0,-5.090250134899901e-06,0.0
42,loo_sample,17,P1_PCV01D,False,0.597167432308197,401855,8947,50,0.8490378098500315,0.5065864057226109,0.0026901971962902,0.84,43.9,0.6826137914437086,0.5586565248621943,0.6144457714671855,1308,61,0.597582995891571,0.8491918146652294,0.5065547069720158,0.6142405288478049,0.0026901971962902,0.84,43.94,0.00015400481519789455,-3.1698750595166025e-05,-0.00020524261938059674,0.0,0.0,-0.03999999999999915
42,loo_sample,18,P1_PCV01Z,False,0.5972232818603516,401855,8947,50,0.8490458333802751,0.5065589237796717,0.0026901971962902,0.84,43.94,0.6829343558578036,0.5586565248621943,0.6145756059858867,1306,61,0.597582995891571,0.8491918146652294,0.5065547069720158,0.6142405288478049,0.0026901971962902,0.84,43.94,0.00014598128495435514,-4.216807655943455e-06,-0.0003350771380817852,0.0,0.0,0.0
42,loo_sample,19,P1_PCV02Z,False,0.598151445388794,401855,8947,50,0.8504914299980934,0.504910157592526,0.0026876520712227,0.84,44.46,0.685268029579958,0.5585236940765265,0.6154381381287385,1230,57,0.597582995891571,0.8491918146652294,0.5065547069720158,0.6142405288478049,0.0026901971962902,0.84,43.94,-0.0012996153328639348,0.001644549379489768,-0.001197609280933598,0.0,-2.545125067499824e-06,0.5200000000000031
42,loo_sample,20,P2_CO_rpm,True,0.5988863706588745,401855,8947,50,0.8497483890268617,0.502580326711263,0.00270037769656,0.82,46.62,0.6645789009906239,0.5347181236408105,0.5926178013460638,1316,64,0.597582995891571,0.8491918146652294,0.5065547069720158,0.6142405288478049,0.0026901971962902,0.84,43.94,-0.000556574361632256,0.003974380260752808,0.0216227275017411,0.020000000000000018,1.0180500269800236e-05,2.6799999999999997
42,loo_sample,21,P3_LCP01D,False,0.5968486666679382,401855,8947,50,0.8503998201457089,0.5076159382571445,0.0026978325714925,0.84,44.12,0.6865547727269834,0.5594457906839352,0.6165168603529877,1147,62,0.597582995891571,0.8491918146652294,0.5065547069720158,0.6142405288478049,0.0026901971962902,0.84,43.94,-0.0012080054804795015,-0.0010612312851286942,-0.002276331505182805,0.0,7.635375202299979e-06,0.17999999999999972
42,loo_sample,22,P3_LCV01D,False,0.597458004951477,401855,8947,50,0.84522958319019,0.5034907253200441,0.0026901971962902,0.84,43.98,0.6707142448463875,0.5463785924640202,0.6021954838787279,1317,65,0.597582995891571,0.8491918146652294,0.5065547069720158,0.6142405288478049,0.0026901971962902,0.84,43.94,0.0039622314750393794,0.0030639816519716367,0.01204504496907699,0.0,0.0,0.03999999999999915
42,loo_sample,23,P4_HT_LD,False,0.597271203994751,401855,8947,50,0.8492370760463537,0.5067025777438023,0.0026901971962902,0.84,43.94,0.6825362446864347,0.5588407353885101,0.6145257452524235,1306,61,0.597582995891571,0.8491918146652294,0.5065547069720158,0.6142405288478049,0.0026901971962902,0.84,43.94,-4.5261381124261924e-05,-0.00014787077178657348,-0.00028521640461864894,0.0,0.0,0.0
42,loo_sample,24,P4_HT_PS,False,0.5972210764884949,401855,8947,50,0.8491891457970745,0.5065525364585389,0.0026901971962902,0.84,43.94,0.6829343558578036,0.5586565248621943,0.6145756059858867,1306,61,0.597582995891571,0.8491918146652294,0.5065547069720158,0.6142405288478049,0.0026901971962902,0.84,43.94,2.6688681549202897e-06,2.1705134768401635e-06,-0.0003350771380817852,0.0,0.0,0.0
42,loo_sample,25,P4_LD,True,0.5974624156951904,401855,8947,50,0.8491822988217966,0.5065552124020999,0.0026825618210878,0.84,43.94,0.683972107841074,0.558525805907946,0.6149162401372985,1303,60,0.597582995891571,0.8491918146652294,0.5065547069720158,0.6142405288478049,0.0026901971962902,0.84,43.94,9.515843432783555e-06,-5.05430084118963e-07,-0.000675711289493619,0.0,-7.635375202399725e-06,0.0
42,loo_sample,26,P4_ST_GOV,True,0.5974425673484802,401855,8947,50,0.8491905002860661,0.5065478559532333,0.0026901971962902,0.84,43.94,0.6829343558578036,0.5586565248621943,0.6145756059858867,1306,61,0.597582995891571,0.8491918146652294,0.5065547069720158,0.6142405288478049,0.0026901971962902,0.84,43.94,1.314379163286361e-06,6.851018782505491e-06,-0.0003350771380817852,0.0,0.0,0.0
42,loo_sample,27,P4_ST_LD,True,0.5977985262870789,401855,8947,50,0.8492168171694198,0.5065771615809552,0.0026749264458855,0.84,43.94,0.6846249544463582,0.5585907353885101,0.6152193217901112,1300,60,0.597582995891571,0.8491918146652294,0.5065547069720158,0.6142405288478049,0.0026901971962902,0.84,43.94,-2.5002504190352326e-05,-2.2454608939459497e-05,-0.0009787929423062947,0.0,-1.5270750404699704e-05,0.0
42,loo_sample,28,P4_ST_PS,False,0.5975472331047058,401855,8947,50,0.8491918341512099,0.5065518829186754,0.0026901971962902,0.84,43.94,0.6823023557295324,0.558525805907946,0.6142405288478049,1306,61,0.597582995891571,0.8491918146652294,0.5065547069720158,0.6142405288478049,0.0026901971962902,0.84,43.94,-1.948598049583694e-08,2.8240533404000345e-06,0.0,0.0,0.0,0.0
42,zero,1,P1_B2004,True,0.5976513624191284,401855,8947,50,0.8488871887682277,0.506312161479626,0.0026800166960204,0.84,43.96,0.682898279664132,0.5582511729948263,0.6143156488397602,1302,61,0.597582995891571,0.8491918146652294,0.5065547069720158,0.6142405288478049,0.0026901971962902,0.84,43.94,0.00030462589700175347,0.00024254549238977852,-7.511999195530805e-05,0.0,-1.0180500269799803e-05,0.020000000000003126
42,zero,2,P1_B2016,True,0.6007870435714722,401855,8947,50,0.8458137896677398,0.5045694328471956,0.0026901971962902,0.84,43.94,0.6840441523896303,0.5584145849414704,0.6148779351156869,1309,59,0.597582995891571,0.8491918146652294,0.5065547069720158,0.6142405288478049,0.0026901971962902,0.84,43.94,0.003378024997489626,0.001985274124820191,-0.0006374062678820014,0.0,0.0,0.0
42,zero,3,P1_B3004,False,0.6015232801437378,401855,8947,50,0.8491827569556875,0.5064725197442078,0.0026800166960204,0.84,43.98,0.6852046358976157,0.5575868118485784,0.6148434141333791,1299,58,0.597582995891571,0.8491918146652294,0.5065547069720158,0.6142405288478049,0.0026901971962902,0.84,43.94,9.057709541959724e-06,8.218722780795051e-05,-0.0006028852855741729,0.0,-1.0180500269799803e-05,0.03999999999999915
42,zero,4,P1_B3005,False,0.6248876452445984,401855,8947,50,0.8422773274345494,0.5004923403823065,0.002649475195211,0.84,44.28,0.6830318454807947,0.5556022430827686,0.6127621207102244,1278,59,0.597582995891571,0.8491918146652294,0.5065547069720158,0.6142405288478049,0.0026901971962902,0.84,43.94,0.00691448723068,0.006062366589709267,0.0014784081375804892,0.0,-4.072200107920008e-05,0.3400000000000034
42,zero,5,P1_B4002,True,0.6015105247497559,401855,8947,50,0.8440146193656539,0.5039219465982658,0.0026851069461553,0.84,43.98,0.6846105854941937,0.5576450691320801,0.6146395322971051,1301,59,0.597582995891571,0.8491918146652294,0.5065547069720158,0.6142405288478049,0.0026901971962902,0.84,43.94,0.005177195299575499,0.0026327603737499317,-0.00039900344930021703,0.0,-5.090250134899901e-06,0.03999999999999915
42,zero,6,P1_B4005,False,0.6076703667640686,401855,8947,50,0.844405184694728,0.5031784177386682,0.0026876520712227,0.84,43.98,0.6810285048340774,0.5581522542383226,0.61349822032136,1305,63,0.597582995891571,0.8491918146652294,0.5065547069720158,0.6142405288478049,0.0026901971962902,0.84,43.94,0.004786629970501388,0.0033762892333475403,0.000742308526444857,0.0,-2.545125067499824e-06,0.03999999999999915
42,zero,7,P1_B400B,False,0.6232054829597473,401855,8947,50,0.8399125222166206,0.4984207299899824,0.002626569069604,0.84,44.32,0.6814908359706134,0.5554576415900929,0.612053451506706,1273,62,0.597582995891571,0.8491918146652294,0.5065547069720158,0.6142405288478049,0.0026901971962902,0.84,43.94,0.009279292448608811,0.008133976982033386,0.0021870773410989086,0.0,-6.362812668619976e-05,0.38000000000000256
42,zero,8,P1_B4022,True,0.6057133674621582,401855,8947,50,0.8410769433903957,0.5022642122127067,0.0026774715709529,0.84,43.96,0.6821414458371605,0.5578807804399734,0.6137851307981903,1303,59,0.597582995891571,0.8491918146652294,0.5065547069720158,0.6142405288478049,0.0026901971962902,0.84,43.94,0.00811487127483368,0.004290494759309094,0.00045539804961458596,0.0,-1.272562533730006e-05,0.020000000000003126
42,zero,9,P1_FCV01D,False,0.6060024499893188,401855,8947,50,0.8489462469346803,0.5053844544538328,0.0026672910706832,0.84,43.96,0.687231727937531,0.5577074271898773,0.6157316802074065,1297,58,0.597582995891571,0.8491918146652294,0.5065547069720158,0.6142405288478049,0.0026901971962902,0.84,43.94,0.0002455677305490678,0.0011702525181829238,-0.0014911513596016501,0.0,-2.2906125606999683e-05,0.020000000000003126
42,zero,10,P1_FCV01Z,False,0.6026859283447266,401855,8947,50,0.845868741270487,0.5029858503542673,0.0026876520712227,0.84,44.22,0.6787831767861541,0.5567104319885641,0.6117161155531222,1303,62,0.597582995891571,0.8491918146652294,0.5065547069720158,0.6142405288478049,0.0026901971962902,0.84,43.94,0.0033230733947424707,0.003568856617748417,0.0025244132946826703,0.0,-2.545125067499824e-06,0.28000000000000114
42,zero,11,P1_FCV02D,False,0.5981032848358154,401855,8947,50,0.8487894301644928,0.5065462742914889,0.0026901971962902,0.84,43.92,0.6830540874993841,0.5581793508106383,0.6143351852461622,1308,60,0.597582995891571,0.8491918146652294,0.5065547069720158,0.6142405288478049,0.0026901971962902,0.84,43.94,0.0004023845007365967,8.432680526859748e-06,-9.465639835726236e-05,0.0,0.0,-0.01999999999999602
42,zero,12,P1_FCV02Z,False,0.6008651256561279,401855,8947,50,0.8499744069141452,0.5060168893159394,0.0026876520712227,0.84,44.0,0.6799444198995751,0.5584082636660161,0.6132123553239874,1307,62,0.597582995891571,0.8491918146652294,0.5065547069720158,0.6142405288478049,0.0026901971962902,0.84,43.94,-0.0007825922489157477,0.0005378176560764114,0.001028173523817455,0.0,-2.545125067499824e-06,0.060000000000002274
42,zero,13,P1_FCV03D,True,0.6067966222763062,401855,8947,50,0.8441803713823969,0.5033014624883153,0.0026622008205483,0.84,43.98,0.6865697459165101,0.5571667634120082,0.6151364703371669,1294,57,0.597582995891571,0.8491918146652294,0.5065547069720158,0.6142405288478049,0.0026901971962902,0.84,43.94,0.0050114432828325395,0.003253244483700457,-0.0008959414893620066,0.0,-2.7996375741900018e-05,0.03999999999999915
42,zero,14,P1_FCV03Z,True,0.607085645198822,401855,8947,50,0.8462088397592205,0.5053175342603281,0.0026749264458855,0.84,44.06,0.6871445926360678,0.5579976128174199,0.615873497295321,1296,57,0.597582995891571,0.8491918146652294,0.5065547069720158,0.6142405288478049,0.0026901971962902,0.84,43.94,0.0029829749060089616,0.0012371727116876619,-0.0016329684475161477,0.0,-1.5270750404699704e-05,0.12000000000000455
42,zero,15,P1_LCV01D,True,0.6009847521781921,401855,8947,50,0.8494149864614992,0.5075076520212151,0.0026927423213576,0.84,43.96,0.6944259402208514,0.5597201872075079,0.6198388030893432,1138,59,0.597582995891571,0.8491918146652294,0.5065547069720158,0.6142405288478049,0.0026901971962902,0.84,43.94,-0.00022317179626973882,-0.0009529450491992941,-0.005598274241538359,0.0,2.5451250674000774e-06,0.020000000000003126
42,zero,16,P1_LCV01Z,True,0.6026367545127869,401855,8947,50,0.8500761282835838,0.5089118940172082,0.0026978325714925,0.84,43.92,0.6903657622678075,0.5595126303836855,0.6180895130987409,1144,61,0.597582995891571,0.8491918146652294,0.5065547069720158,0.6142405288478049,0.0026901971962902,0.84,43.94,-0.0008843136183543931,-0.002357187045192388,-0.0038489842509360495,0.0,7.635375202299979e-06,-0.01999999999999602
42,zero,17,P1_PCV01D,False,0.6025404930114746,401855,8947,50,0.8471529087723209,0.5053503128472251,0.0026825618210878,0.84,44.04,0.685958028606395,0.5576483238420753,0.6151839673788104,1300,58,0.597582995891571,0.8491918146652294,0.5065547069720158,0.6142405288478049,0.0026901971962902,0.84,43.94,0.00203890589290856,0.0012043941247906753,-0.000943438531005536,0.0,-7.635375202399725e-06,0.10000000000000142
42,zero,18,P1_PCV01Z,False,0.6024601459503174,401855,8947,50,0.8500300681194944,0.5051013761003363,0.0026774715709529,0.84,43.98,0.6836310565703215,0.5571815368440789,0.6139631476273709,1300,59,0.597582995891571,0.8491918146652294,0.5065547069720158,0.6142405288478049,0.0026901971962902,0.84,43.94,-0.0008382534542650255,0.0014533308716794258,0.00027738122043396984,0.0,-1.272562533730006e-05,0.03999999999999915
42,zero,19,P1_PCV02Z,False,0.6003115773200989,401855,8947,50,0.8428498070499353,0.4982472796113314,0.0026825618210878,0.84,44.54,0.6735063982927332,0.553770906203442,0.6077978418569306,1385,58,0.597582995891571,0.8491918146652294,0.5065547069720158,0.6142405288478049,0.0026901971962902,0.84,43.94,0.006342007615294132,0.00830742736068435,0.006442686990874247,0.0,-7.635375202399725e-06,0.6000000000000014
42,zero,20,P2_CO_rpm,True,0.5991360545158386,401855,8947,50,0.8481527092540869,0.5002322334341133,0.0026978325714925,0.82,46.6,0.6634750919303016,0.5340989003750402,0.5917986183785667,1318,65,0.597582995891571,0.8491918146652294,0.5065547069720158,0.6142405288478049,0.0026901971962902,0.84,43.94,0.0010391054111424936,0.0063224735379024954,0.022441910469238158,0.020000000000000018,7.635375202299979e-06,2.6600000000000037
42,zero,21,P3_LCP01D,False,0.6080438494682312,401855,8947,50,0.8516818931179942,0.5044134646329151,0.0026647459456157,0.84,44.06,0.6860120454804962,0.5576269998051305,0.6151927123896502,1295,58,0.597582995891571,0.8491918146652294,0.5065547069720158,0.6142405288478049,0.0026901971962902,0.84,43.94,-0.0024900784527648323,0.002141242339100624,-0.0009521835418453417,0.0,-2.545125067449994e-05,0.12000000000000455
42,zero,22,P3_LCV01D,False,0.6183477640151978,401855,8947,50,0.8388791471060658,0.5008021664067812,0.0026367495698738,0.84,43.94,0.674351866071457,0.5453057085627756,0.6030019077428435,1298,65,0.597582995891571,0.8491918146652294,0.5065547069720158,0.6142405288478049,0.0026901971962902,0.84,43.94,0.010312667559163602,0.005752540565234554,0.011238621104961433,0.0,-5.344762641639996e-05,0.0
42,zero,23,P4_HT_LD,False,0.6135789752006531,401855,8947,50,0.8479974094034727,0.5052032716989624,0.0026622008205483,0.84,44.04,0.6875705402971505,0.5566445235878601,0.6152190034441292,1295,57,0.597582995891571,0.8491918146652294,0.5065547069720158,0.6142405288478049,0.0026901971962902,0.84,43.94,0.0011944052617567369,0.0013514352730533696,-0.0009784745963242747,0.0,-2.7996375741900018e-05,0.10000000000000142
42,zero,24,P4_HT_PS,False,0.6077483296394348,401855,8947,50,0.8415357693891005,0.5000084121788646,0.0026647459456157,0.84,44.02,0.687848218126968,0.5573976868248849,0.6157900285332238,1293,57,0.597582995891571,0.8491918146652294,0.5065547069720158,0.6142405288478049,0.0026901971962902,0.84,43.94,0.007656045276128953,0.006546294793151164,-0.0015494996854189536,0.0,-2.545125067449994e-05,0.0800000000000054
42,zero,25,P4_LD,True,0.6020016074180603,401855,8947,50,0.8445123975548189,0.5040669034701519,0.0026774715709529,0.84,44.22,0.6836604301489254,0.5587898960452649,0.6149502038658895,1299,60,0.597582995891571,0.8491918146652294,0.5065547069720158,0.6142405288478049,0.0026901971962902,0.84,43.94,0.004679417110410533,0.002487803501863839,-0.0007096750180846101,0.0,-1.272562533730006e-05,0.28000000000000114
42,zero,26,P4_ST_GOV,True,0.6049795746803284,401855,8947,50,0.8460921726427737,0.5031852298402445,0.0026927423213576,0.84,44.02,0.6877724090853725,0.5688961006145662,0.6227116198405903,1299,57,0.597582995891571,0.8491918146652294,0.5065547069720158,0.6142405288478049,0.0026901971962902,0.84,43.94,0.0030996420224557175,0.00336947713177127,-0.008471090992785424,0.0,2.5451250674000774e-06,0.0800000000000054
42,zero,27,P4_ST_LD,True,0.6131846904754639,401855,8947,50,0.8475230954639097,0.5016495870956309,0.0026749264458855,0.84,44.02,0.6800168836113288,0.5570104512102791,0.6123979648769485,1299,61,0.597582995891571,0.8491918146652294,0.5065547069720158,0.6142405288478049,0.0026901971962902,0.84,43.94,0.0016687192013197238,0.004905119876384867,0.001842563970856359,0.0,-1.5270750404699704e-05,0.0800000000000054
42,zero,28,P4_ST_PS,False,0.6057837605476379,401855,8947,50,0.8465240516640123,0.5041220017353688,0.0026545654453459,0.84,44.04,0.6855664634495727,0.5571738337683142,0.6147377623439398,1290,58,0.597582995891571,0.8491918146652294,0.5065547069720158,0.6142405288478049,0.0026901971962902,0.84,43.94,0.0026677630012170717,0.0024327052366469593,-0.0004972334961349523,0.0,-3.563175094429974e-05,0.10000000000000142
43,loo_sample,1,P1_B2004,True,0.5936840176582336,401855,8947,50,0.8535229847334745,0.5049975798582221,0.0026927423213576,0.84,43.7,0.688710299263481,0.5503978681199498,0.611834689569235,1132,57,0.5937371850013733,0.8535237075637859,0.504999405540468,0.611834689569235,0.0026927423213576,0.84,43.7,7.228303113837597e-07,1.8256822458262434e-06,0.0,0.0,0.0,0.0
43,loo_sample,2,P1_B2016,True,0.5936431288719177,401855,8947,50,0.8535012642657731,0.5049785208867328,0.0026927423213576,0.84,43.7,0.6886561568971702,0.5503978681199498,0.611813323666243,1133,57,0.5937371850013733,0.8535237075637859,0.504999405540468,0.611834689569235,0.0026927423213576,0.84,43.7,2.2443298012819746e-05,2.0884653735175895e-05,2.1365902992065422e-05,0.0,0.0,0.0
43,loo_sample,3,P1_B3004,False,0.5943230390548706,401855,8947,50,0.8500083231876423,0.5016059680150653,0.0027054679466949,0.84,43.74,0.6897853233379457,0.5501878114275721,0.6121285482107339,1130,56,0.5937371850013733,0.8535237075637859,0.504999405540468,0.611834689569235,0.0026927423213576,0.84,43.7,0.0035153843761436265,0.003393437525402665,-0.00029385864149888974,0.0,1.272562533730006e-05,0.03999999999999915
43,loo_sample,4,P1_B3005,False,0.594778299331665,401855,8947,50,0.8505092390463606,0.5014445078423156,0.0026774715709529,0.84,43.74,0.6894959652850599,0.5495752793083724,0.6116354315491652,1123,56,0.5937371850013733,0.8535237075637859,0.504999405540468,0.611834689569235,0.0026927423213576,0.84,43.7,0.0030144685174253727,0.003554897698152315,0.00019925802006981463,0.0,-1.5270750404700138e-05,0.03999999999999915
43,loo_sample,5,P1_B4002,True,0.5937332510948181,401855,8947,50,0.8535242176128801,0.5049950327619606,0.0026927423213576,0.84,43.7,0.688710299263481,0.5503978681199498,0.611834689569235,1132,57,0.5937371850013733,0.8535237075637859,0.504999405540468,0.611834689569235,0.0026927423213576,0.84,43.7,-5.100490941822855e-07,4.3727785073999215e-06,0.0,0.0,0.0,0.0
43,loo_sample,6,P1_B4005,False,0.5935096144676208,401855,8947,50,0.8531819877561386,0.5048439282556981,0.0026927423213576,0.84,43.7,0.688710299263481,0.5503978681199498,0.611834689569235,1132,57,0.5937371850013733,0.8535237075637859,0.504999405540468,0.611834689569235,0.0026927423213576,0.84,43.7,0.0003417198076473005,0.0001554772847698338,0.0,0.0,0.0,0.0
43,loo_sample,7,P1_B400B,False,0.5935364365577698,401855,8947,50,0.8535207555088639,0.5049937623019476,0.0026927423213576,0.84,43.7,0.688710299263481,0.5503978681199498,0.611834689569235,1132,57,0.5937371850013733,0.8535237075637859,0.504999405540468,0.611834689569235,0.0026927423213576,0.84,43.7,2.952054922067404e-06,5.643238520369742e-06,0.0,0.0,0.0,0.0
43,loo_sample,8,P1_B4022,True,0.5937267541885376,401855,8947,50,0.8535175474337607,0.5049912752254793,0.0026927423213576,0.84,43.7,0.688710299263481,0.5503978681199498,0.611834689569235,1132,57,0.5937371850013733,0.8535237075637859,0.504999405540468,0.611834689569235,0.0026927423213576,0.84,43.7,6.160130025190114e-06,8.130314988696874e-06,0.0,0.0,0.0,0.0
43,loo_sample,9,P1_FCV01D,False,0.5937519669532776,401855,8947,50,0.8534982950006055,0.5049929271024046,0.0026927423213576,0.84,43.7,0.688710299263481,0.5503978681199498,0.611834689569235,1132,57,0.5937371850013733,0.8535237075637859,0.504999405540468,0.611834689569235,0.0026927423213576,0.84,43.7,2.5412563180449155e-05,6.478438063339809e-06,0.0,0.0,0.0,0.0
43,loo_sample,10,P1_FCV01Z,False,0.5937507152557373,401855,8947,50,0.8535106414316078,0.5049948089065649,0.0026927423213576,0.84,43.7,0.688710299263481,0.5503978681199498,0.611834689569235,1132,57,0.5937371850013733,0.8535237075637859,0.504999405540468,0.611834689569235,0.0026927423213576,0.84,43.7,1.3066132178107814e-05,4.596633903064529e-06,0.0,0.0,0.0,0.0
43,loo_sample,11,P1_FCV02D,False,0.5952235460281372,401855,8947,50,0.853650032899333,0.5049446958803272,0.0026901971962902,0.84,43.72,0.688299172638113,0.5501456858193459,0.611516641688073,1132,57,0.5937371850013733,0.8535237075637859,0.504999405540468,0.611834689569235,0.0026927423213576,0.84,43.7,-0.0001263253355470173,5.470966014076151e-05,0.0003180478811620757,0.0,-2.5451250674000774e-06,0.01999999999999602
43,loo_sample,12,P1_FCV02Z,False,0.5935720205307007,401855,8947,50,0.8535130767524642,0.5049979968750611,0.0026927423213576,0.84,43.7,0.6886561568971702,0.5503978681199498,0.611813323666243,1133,57,0.5937371850013733,0.8535237075637859,0.504999405540468,0.611834689569235,0.0026927423213576,0.84,43.7,1.0630811321687972e-05,1.4086654068767857e-06,2.1365902992065422e-05,0.0,0.0,0.0
43,loo_sample,13,P1_FCV03D,True,0.5942506194114685,401855,8947,50,0.8527062799289228,0.5050030641975308,0.0026927423213576,0.84,43.7,0.688710299263481,0.5503978681199498,0.611834689569235,1132,57,0.5937371850013733,0.8535237075637859,0.504999405540468,0.611834689569235,0.0026927423213576,0.84,43.7,0.0008174276348631437,-3.6586570628660553e-06,0.0,0.0,0.0,0.0
43,loo_sample,14,P1_FCV03Z,True,0.5938495397567749,401855,8947,50,0.8528349027611286,0.5040983354031771,0.0026927423213576,0.84,43.7,0.6886518011687728,0.5503221105441923,0.6117647983810937,1132,57,0.5937371850013733,0.8535237075637859,0.504999405540468,0.611834689569235,0.0026927423213576,0.84,43.7,0.0006888048026573168,0.0009010701372909047,6.989118814137996e-05,0.0,0.0,0.0
43,loo_sample,15,P1_LCV01D,True,0.5938014984130859,401855,8947,50,0.8526202551567901,0.5045955256420248,0.0026952874464251,0.84,43.82,0.6881909539262556,0.5495075944904859,0.6110795817380218,1134,56,0.5937371850013733,0.8535237075637859,0.504999405540468,0.611834689569235,0.0026927423213576,0.84,43.7,0.0009034524069958527,0.0004038798984431491,0.000755107831213242,0.0,2.5451250675002576e-06,0.11999999999999744
43,loo_sample,16,P1_LCV01Z,True,0.5949837565422058,401855,8947,50,0.8532711321341786,0.5048592418149752,0.0026952874464251,0.84,43.74,0.6882693929219176,0.5498089811357861,0.6112968316038262,1132,57,0.5937371850013733,0.8535237075637859,0.504999405540468,0.611834689569235,0.0026927423213576,0.84,43.7,0.0002525754296073268,0.00014016372549274791,0.0005378579654088389,0.0,2.5451250675002576e-06,0.03999999999999915
43,loo_sample,17,P1_PCV01D,False,0.5937728881835938,401855,8947,50,0.8535572281438698,0.5049755485284605,0.0026927423213576,0.84,43.7,0.688710299263481,0.5503978681199498,0.611834689569235,1132,57,0.5937371850013733,0.8535237075637859,0.504999405540468,0.611834689569235,0.0026927423213576,0.84,43.7,-3.3520580083878926e-05,2.3857012007466594e-05,0.0,0.0,0.0,0.0
43,loo_sample,18,P1_PCV01Z,False,0.5937026739120483,401855,8947,50,0.8535462060483712,0.5050047017227929,0.0026927423213576,0.84,43.7,0.688710299263481,0.5503978681199498,0.611834689569235,1132,57,0.5937371850013733,0.8535237075637859,0.504999405540468,0.611834689569235,0.0026927423213576,0.84,43.7,-2.249848458524273e-05,-5.296182324920906e-06,0.0,0.0,0.0,0.0
43,loo_sample,19,P1_PCV02Z,False,0.5959199666976929,401855,8947,50,0.8565315542614594,0.5035209797170936,0.0027181935720321,0.84,44.1,0.6838556439819308,0.547779907150678,0.6083006954783107,1181,55,0.5937371850013733,0.8535237075637859,0.504999405540468,0.611834689569235,0.0026927423213576,0.84,43.7,-0.0030078466976735108,0.0014784258233743186,0.003533994090924364,0.0,2.545125067449994e-05,0.3999999999999986
43,loo_sample,20,P2_CO_rpm,True,0.5975385904312134,401855,8947,50,0.8528015896996249,0.4976904743162814,0.0026825618210878,0.84,44.02,0.6809512598104075,0.5348812965306426,0.5991418650898447,1128,61,0.5937371850013733,0.8535237075637859,0.504999405540468,0.611834689569235,0.0026927423213576,0.84,43.7,0.0007221178641609871,0.007308931224186577,0.012692824479390352,0.0,-1.0180500269799803e-05,0.3200000000000003
43,loo_sample,21,P3_LCP01D,False,0.5953330993652344,401855,8947,50,0.8552392529984705,0.506411297024314,0.0026978325714925,0.84,43.72,0.6856991993334964,0.5500948676934092,0.6104570662688317,1137,59,0.5937371850013733,0.8535237075637859,0.504999405540468,0.611834689569235,0.0026927423213576,0.84,43.7,-0.0017155454346845511,-0.0014118914838460173,0.0013776233004033633,0.0,5.090250134899901e-06,0.01999999999999602
43,loo_sample,22,P3_LCV01D,False,0.5936508178710938,401855,8947,50,0.8484347484817745,0.5017372850359273,0.0026927423213576,0.84,43.7,0.6885298976307582,0.5503145347866165,0.6117120122370472,1132,57,0.5937371850013733,0.8535237075637859,0.504999405540468,0.611834689569235,0.0026927423213576,0.84,43.7,0.005088959082011457,0.0032621205045406665,0.00012267733218784826,0.0,0.0,0.0
43,loo_sample,23,P4_HT_LD,False,0.5936940312385559,401855,8947,50,0.8536538760467187,0.5052423582556208,0.0026927423213576,0.84,43.7,0.688710299263481,0.5503978681199498,0.611834689569235,1132,57,0.5937371850013733,0.8535237075637859,0.504999405540468,0.611834689569235,0.0026927423213576,0.84,43.7,-0.00013016848293279093,-0.00024295271515284433,0.0,0.0,0.0,0.0
43,loo_sample,24,P4_HT_PS,False,0.5937118530273438,401855,8947,50,0.8535216293910822,0.5049881700363837,0.0026927423213576,0.84,43.7,0.688710299263481,0.5503978681199498,0.611834689569235,1132,57,0.5937371850013733,0.8535237075637859,0.504999405540468,0.611834689569235,0.0026927423213576,0.84,43.7,2.078172703701142e-06,1.123550408421714e-05,0.0,0.0,0.0,0.0
43,loo_sample,25,P4_LD,True,0.5939872860908508,401855,8947,50,0.8535079395652961,0.5049879431156991,0.0026927423213576,0.84,43.7,0.688710299263481,0.5503978681199498,0.611834689569235,1132,57,0.5937371850013733,0.8535237075637859,0.504999405540468,0.611834689569235,0.0026927423213576,0.84,43.7,1.5767998489790713e-05,1.1462424768904356e-05,0.0,0.0,0.0,0.0
43,loo_sample,26,P4_ST_GOV,True,0.5936510562896729,401855,8947,50,0.8535077172544389,0.5049964083180497,0.0026927423213576,0.84,43.7,0.688710299263481,0.5503978681199498,0.611834689569235,1132,57,0.5937371850013733,0.8535237075637859,0.504999405540468,0.611834689569235,0.0026927423213576,0.84,43.7,1.5990309347069243e-05,2.9972224182550633e-06,0.0,0.0,0.0,0.0
43,loo_sample,27,P4_ST_LD,True,0.5937396287918091,401855,8947,50,0.8535296179319011,0.5050088654285586,0.0026901971962902,0.84,43.7,0.6889103004810542,0.5503978681199498,0.6119135987599897,1131,57,0.5937371850013733,0.8535237075637859,0.504999405540468,0.611834689569235,0.0026927423213576,0.84,43.7,-5.910368115147335e-06,-9.459888090646018e-06,-7.89091907547057e-05,0.0,-2.5451250674000774e-06,0.0
43,loo_sample,28,P4_ST_PS,False,0.5937245488166809,401855,8947,50,0.8535231384878166,0.5049996916091553,0.0026927423213576,0.84,43.7,0.688710299263481,0.5503978681199498,0.611834689569235,1132,57,0.5937371850013733,0.8535237075637859,0.504999405540468,0.611834689569235,0.0026927423213576,0.84,43.7,5.690759693477432e-07,-2.860686872940832e-07,0.0,0.0,0.0,0.0
43,zero,1,P1_B2004,True,0.5941298007965088,401855,8947,50,0.8537013862806675,0.5050683500286202,0.0026952874464251,0.84,43.72,0.6884165117138746,0.5502463529684347,0.6116251414237158,1133,57,0.5937371850013733,0.8535237075637859,0.504999405540468,0.611834689569235,0.0026927423213576,0.84,43.7,-0.00017767871688156855,-6.894448815220056e-05,0.00020954814551921164,0.0,2.5451250675002576e-06,0.01999999999999602
43,zero,2,P1_B2016,True,0.5992061495780945,401855,8947,50,0.850570976464009,0.5029100926642317,0.0026927423213576,0.84,43.74,0.6926483374355504,0.5504080371947425,0.6133900596221799,1126,55,0.5937371850013733,0.8535237075637859,0.504999405540468,0.611834689569235,0.0026927423213576,0.84,43.7,0.002952731099776895,0.00208931287623626,-0.0015553700529448156,0.0,0.0,0.03999999999999915
43,zero,3,P1_B3004,False,0.6014594435691833,401855,8947,50,0.8541288791072693,0.504177985508669,0.0026672910706832,0.84,43.76,0.6925001085958165,0.5496258211779232,0.6128459791868415,1121,54,0.5937371850013733,0.8535237075637859,0.504999405540468,0.611834689569235,0.0026927423213576,0.84,43.7,-0.0006051715434833849,0.0008214200317989695,-0.0010112896176064368,0.0,-2.545125067439976e-05,0.05999999999999517
43,zero,4,P1_B3005,False,0.6300886273384094,401855,8947,50,0.8458512903660065,0.497927780999192,0.0026672910706832,0.82,49.08,0.6824516365325631,0.5477062280667195,0.607699259484827,1117,61,0.5937371850013733,0.8535237075637859,0.504999405540468,0.611834689569235,0.0026927423213576,0.84,43.7,0.007672417197779446,0.007071624541275967,0.004135430084408087,0.020000000000000018,-2.545125067439976e-05,5.3799999999999955
43,zero,5,P1_B4002,True,0.5973584055900574,401855,8947,50,0.8496413842542848,0.5029569011865239,0.0026774715709529,0.82,48.94,0.6940811776526111,0.5501651310550201,0.6138001123952692,1121,54,0.5937371850013733,0.8535237075637859,0.504999405540468,0.611834689569235,0.0026927423213576,0.84,43.7,0.0038823233095011123,0.0020425043539440413,-0.00196542282603418,0.020000000000000018,-1.5270750404700138e-05,5.239999999999995
43,zero,6,P1_B4005,False,0.6136283278465271,401855,8947,50,0.8458750237212654,0.4997040856157519,0.0026647459456157,0.82,48.98,0.6925646636152504,0.5489468926562582,0.6124489427982028,1120,52,0.5937371850013733,0.8535237075637859,0.504999405540468,0.611834689569235,0.0026927423213576,0.84,43.7,0.007648683842520487,0.0052953199247160465,-0.0006142532289677982,0.020000000000000018,-2.7996375741900018e-05,5.279999999999994
43,zero,7,P1_B400B,False,0.6112330555915833,401855,8947,50,0.8488237893529033,0.5021424306338008,0.0026622008205483,0.82,48.98,0.6913768476278594,0.5487251245393038,0.6118462115743645,1115,54,0.5937371850013733,0.8535237075637859,0.504999405540468,0.611834689569235,0.0026927423213576,0.84,43.7,0.00469991821088267,0.0028569749066671424,-1.1522005129438462e-05,0.020000000000000018,-3.0541500809300095e-05,5.279999999999994
43,zero,8,P1_B4022,True,0.6007447242736816,401855,8947,50,0.8472168758412801,0.5025893254004691,0.0026774715709529,0.84,43.72,0.6899151650560884,0.5496233942507902,0.6118301232601554,1127,55,0.5937371850013733,0.8535237075637859,0.504999405540468,0.611834689569235,0.0026927423213576,0.84,43.7,0.00630683172250579,0.0024100801399988825,4.566309079634401e-06,0.0,-1.5270750404700138e-05,0.01999999999999602
43,zero,9,P1_FCV01D,False,0.6061537265777588,401855,8947,50,0.8500881694816368,0.5015834471178409,0.0026647459456157,0.84,43.72,0.6925949471610395,0.5492578339548332,0.6126542634851012,1122,53,0.5937371850013733,0.8535237075637859,0.504999405540468,0.611834689569235,0.0026927423213576,0.84,43.7,0.0034355380821491366,0.0034159584226270967,-0.0008195739158661786,0.0,-2.7996375741900018e-05,0.01999999999999602
43,zero,10,P1_FCV01Z,False,0.6054887771606445,401855,8947,50,0.8537597783679489,0.502507981096459,0.0026647459456157,0.82,48.98,0.6913650270865336,0.5491738407540034,0.6121204214246554,1118,55,0.5937371850013733,0.8535237075637859,0.504999405540468,0.611834689569235,0.0026927423213576,0.84,43.7,-0.0002360708041629911,0.0024914244440089606,-0.00028573185542035695,0.020000000000000018,-2.7996375741900018e-05,5.279999999999994
43,zero,11,P1_FCV02D,False,0.5951802134513855,401855,8947,50,0.8535236596311186,0.5045472781283391,0.0026749264458855,0.84,43.7,0.691752593826009,0.5503840314522447,0.6130236780872924,1126,55,0.5937371850013733,0.8535237075637859,0.504999405540468,0.611834689569235,0.0026927423213576,0.84,43.7,4.7932667279759755e-08,0.00045212741212885543,-0.0011889885180573767,0.0,-1.781587547209978e-05,0.0
43,zero,12,P1_FCV02Z,False,0.5972749590873718,401855,8947,50,0.8535350758554628,0.5043359619252299,0.0026876520712227,0.84,43.72,0.6888199157266933,0.5498101163845398,0.6115145737071419,1129,57,0.5937371850013733,0.8535237075637859,0.504999405540468,0.611834689569235,0.0026927423213576,0.84,43.7,-1.1368291676916442e-05,0.0006634436152380685,0.0003201158620931288,0.0,-5.090250134899901e-06,0.01999999999999602
43,zero,13,P1_FCV03D,True,0.6043713688850403,401855,8947,50,0.8485650772617873,0.5016298796101324,0.0026825618210878,0.82,48.94,0.6885003931180826,0.549514557560665,0.6112058480347106,1124,56,0.5937371850013733,0.8535237075637859,0.504999405540468,0.611834689569235,0.0026927423213576,0.84,43.7,0.004958630301998612,0.0033695259303355707,0.0006288415345244713,0.020000000000000018,-1.0180500269799803e-05,5.239999999999995
43,zero,14,P1_FCV03Z,True,0.5986995100975037,401855,8947,50,0.8495169070999788,0.5028376441198101,0.0026851069461553,0.82,49.06,0.6938147553510853,0.5495311446292868,0.6133012811234417,1126,53,0.5937371850013733,0.8535237075637859,0.504999405540468,0.611834689569235,0.0026927423213576,0.84,43.7,0.004006800463807081,0.002161761420657826,-0.0014665915542066976,0.020000000000000018,-7.635375202299979e-06,5.359999999999999
43,zero,15,P1_LCV01D,True,0.6010791659355164,401855,8947,50,0.8536429370155456,0.5017748269129784,0.0027105581968297,0.84,43.78,0.6851102590226359,0.5495124951852479,0.6098650727591395,1179,58,0.5937371850013733,0.8535237075637859,0.504999405540468,0.611834689569235,0.0026927423213576,0.84,43.7,-0.00011922945175968369,0.003224578627489594,0.0019696168100955536,0.0,1.7815875472100215e-05,0.0799999999999983
43,zero,16,P1_LCV01Z,True,0.598700225353241,401855,8947,50,0.8543169610619783,0.5081368555642618,0.0026876520712227,0.84,43.58,0.6911029751013733,0.5512429326748058,0.6133004155937527,1135,55,0.5937371850013733,0.8535237075637859,0.504999405540468,0.611834689569235,0.0026927423213576,0.84,43.7,-0.00079325349819237,-0.003137450023793842,-0.0014657260245176662,0.0,-5.090250134899901e-06,-0.12000000000000455
43,zero,17,P1_PCV01D,False,0.5989952683448792,401855,8947,50,0.8544643521647302,0.5049815091366286,0.0026851069461553,0.84,43.66,0.6878117350889001,0.5500617203830387,0.6112723471534522,1131,57,0.5937371850013733,0.8535237075637859,0.504999405540468,0.611834689569235,0.0026927423213576,0.84,43.7,-0.0009406446009442293,1.789640383931257e-05,0.0005623424157827905,0.0,-7.635375202299979e-06,-0.04000000000000625
43,zero,18,P1_PCV01Z,False,0.5998049974441528,401855,8947,50,0.8516370501876327,0.5022140943765989,0.0026800166960204,0.82,48.96,0.692782604452945,0.5494629441516035,0.6128552763619654,1125,53,0.5937371850013733,0.8535237075637859,0.504999405540468,0.611834689569235,0.0026927423213576,0.84,43.7,0.0018866573761532335,0.002785311163869042,-0.0010205867927303158,0.020000000000000018,-1.272562533719988e-05,5.259999999999998
43,zero,19,P1_PCV02Z,False,0.5977333188056946,401855,8947,50,0.84888314052023,0.4976935036922851,0.0026927423213576,0.84,44.18,0.6823529561572137,0.5476349888976606,0.6076162861137153,1174,56,0.5937371850013733,0.8535237075637859,0.504999405540468,0.611834689569235,0.0026927423213576,0.84,43.7,0.0046405670435559765,0.007305901848182861,0.004218403455519715,0.0,0.0,0.4799999999999969
43,zero,20,P2_CO_rpm,True,0.5969296097755432,401855,8947,50,0.8519580747461706,0.4971346709796228,0.0026952874464251,0.84,44.02,0.6798844764584705,0.5354487832119775,0.5990839347935151,1134,62,0.5937371850013733,0.8535237075637859,0.504999405540468,0.611834689569235,0.0026927423213576,0.84,43.7,0.0015656328176153478,0.007864734560845188,0.012750754775719964,0.0,2.5451250675002576e-06,0.3200000000000003
43,zero,21,P3_LCP01D,False,0.6047420501708984,401855,8947,50,0.8550684676249662,0.5024845601069702,0.0026774715709529,0.82,49.06,0.6948646076943243,0.5498313813857441,0.6138982859694209,1122,53,0.5937371850013733,0.8535237075637859,0.504999405540468,0.611834689569235,0.0026927423213576,0.84,43.7,-0.001544760061180317,0.002514845433497781,-0.00206359640018583,0.020000000000000018,-1.5270750404700138e-05,5.359999999999999
43,zero,22,P3_LCV01D,False,0.6158369183540344,401855,8947,50,0.8430712680624614,0.4985234825032453,0.0026571105704134,0.84,43.82,0.6921728372275671,0.5485870680478468,0.6120717888167799,1117,53,0.5937371850013733,0.8535237075637859,0.504999405540468,0.611834689569235,0.0026927423213576,0.84,43.7,0.010452439501324573,0.006475923037222664,-0.00023709924754489187,0.0,-3.5631750944199996e-05,0.11999999999999744
43,zero,23,P4_HT_LD,False,0.6119318008422852,401855,8947,50,0.8503230499341909,0.5030471688066077,0.0026647459456157,0.84,43.72,0.690715389252042,0.5491859758242122,0.6118731953163941,1125,53,0.5937371850013733,0.8535237075637859,0.504999405540468,0.611834689569235,0.0026927423213576,0.84,43.7,0.003200657629594983,0.0019522367338602464,-3.850574715902333e-05,0.0,-2.7996375741900018e-05,0.01999999999999602
43,zero,24,P4_HT_PS,False,0.6025832295417786,401855,8947,50,0.8485555779174329,0.5011128201717091,0.0026723813208181,0.82,48.94,0.6921012414334284,0.5494939496961123,0.6126077927200321,1122,54,0.5937371850013733,0.8535237075637859,0.504999405540468,0.611834689569235,0.0026927423213576,0.84,43.7,0.00496812964635307,0.0038865853687588547,-0.0007731031507970387,0.020000000000000018,-2.036100053949986e-05,5.239999999999995
43,zero,25,P4_LD,True,0.6000381112098694,401855,8947,50,0.8488553178115109,0.5017354391069779,0.0027105581968297,0.84,43.7,0.6870410192405884,0.550050575978915,0.6109609180351314,1140,57,0.5937371850013733,0.8535237075637859,0.504999405540468,0.611834689569235,0.0026927423213576,0.84,43.7,0.004668389752275015,0.0032639664334900287,0.0008737715341036179,0.0,1.7815875472100215e-05,0.0
43,zero,26,P4_ST_GOV,True,0.6039817929267883,401855,8947,50,0.8487724897358068,0.4997654593185455,0.0026749264458855,0.84,43.66,0.7017222263257342,0.5606536420539125,0.623305834267397,1118,50,0.5937371850013733,0.8535237075637859,0.504999405540468,0.611834689569235,0.0026927423213576,0.84,43.7,0.0047512178279791595,0.00523394622192247,-0.011471144698162017,0.0,-1.781587547209978e-05,-0.04000000000000625
43,zero,27,P4_ST_LD,True,0.6095514893531799,401855,8947,50,0.8535715560288406,0.5027677578787729,0.0026571105704134,0.82,48.96,0.6943421004461897,0.5494790244494852,0.613474739013424,1114,52,0.5937371850013733,0.8535237075637859,0.504999405540468,0.611834689569235,0.0026927423213576,0.84,43.7,-4.7848465054678435e-05,0.0022316476616950354,-0.0016400494441889402,0.020000000000000018,-3.5631750944199996e-05,5.259999999999998
43,zero,28,P4_ST_PS,False,0.6045610904693604,401855,8947,50,0.849957758775166,0.5013994795988551,0.0026647459456157,0.82,48.98,0.6934262751118251,0.5489409851465726,0.6127819281187962,1116,53,0.5937371850013733,0.8535237075637859,0.504999405540468,0.611834689569235,0.0026927423213576,0.84,43.7,0.0035659487886199326,0.003599925941612847,-0.0009472385495611357,0.020000000000000018,-2.7996375741900018e-05,5.279999999999994
44,loo_sample,1,P1_B2004,True,0.5930978655815125,401855,8947,50,0.8526880800231789,0.5030628246795162,0.0027283740723019,0.84,43.58,0.6930152240234029,0.5651774787584195,0.6226019212935573,1159,61,0.5930403470993042,0.852687150527688,0.503059853990985,0.6226019212935573,0.0027283740723019,0.84,43.58,-9.29495490908927e-07,-2.970688531278576e-06,0.0,0.0,0.0,0.0
44,loo_sample,2,P1_B2016,True,0.5931794047355652,401855,8947,50,0.8526600883411404,0.5030462907485372,0.0027283740723019,0.84,43.58,0.6916146498280313,0.5651245687055094,0.6220040322296139,1161,62,0.5930403470993042,0.852687150527688,0.503059853990985,0.6226019212935573,0.0027283740723019,0.84,43.58,2.7062186547577305e-05,1.3563242447722779e-05,0.0005978890639434242,0.0,0.0,0.0
44,loo_sample,3,P1_B3004,False,0.5926278233528137,401855,8947,50,0.8498405255696521,0.499497639228451,0.0027207386970995,0.84,43.64,0.6914970133873924,0.5644982182649769,0.6215769330257706,1166,61,0.5930403470993042,0.852687150527688,0.503059853990985,0.6226019212935573,0.0027283740723019,0.84,43.58,0.0028466249580358927,0.0035622147625339884,0.0010249882677867417,0.0,-7.635375202400159e-06,0.060000000000002274
44,loo_sample,4,P1_B3005,False,0.5938228368759155,401855,8947,50,0.8503497947979474,0.5005915696764243,0.0027283740723019,0.84,43.66,0.6916293183399989,0.5638994017615377,0.621267124532404,1159,60,0.5930403470993042,0.852687150527688,0.503059853990985,0.6226019212935573,0.0027283740723019,0.84,43.58,0.0023373557297405867,0.002468284314560698,0.001334796761153334,0.0,0.0,0.0799999999999983
44,loo_sample,5,P1_B4002,True,0.5930750966072083,401855,8947,50,0.8526909912571053,0.5030665427055392,0.0027283740723019,0.84,43.58,0.6930152240234029,0.5651774787584195,0.6226019212935573,1159,61,0.5930403470993042,0.852687150527688,0.503059853990985,0.6226019212935573,0.0027283740723019,0.84,43.58,-3.840729417392552e-06,-6.6887145542260384e-06,0.0,0.0,0.0,0.0
44,loo_sample,6,P1_B4005,False,0.594020664691925,401855,8947,50,0.8526270115293705,0.5030464203694851,0.0027258289472344,0.84,43.6,0.6930661434725244,0.5649957073946349,0.6225121534885139,1158,60,0.5930403470993042,0.852687150527688,0.503059853990985,0.6226019212935573,0.0027283740723019,0.84,43.58,6.0138998317471604e-05,1.3433621499858717e-05,8.976780504343917e-05,0.0,-2.5451250675002576e-06,0.020000000000003126
44,loo_sample,7,P1_B400B,False,0.5930862426757812,401855,8947,50,0.8526773422523148,0.5030539308485487,0.0027283740723019,0.84,43.58,0.6930152240234029,0.5651774787584195,0.6226019212935573,1159,61,0.5930403470993042,0.852687150527688,0.503059853990985,0.6226019212935573,0.0027283740723019,0.84,43.58,9.80827537311324e-06,5.923142436303763e-06,0.0,0.0,0.0,0.0
44,loo_sample,8,P1_B4022,True,0.593093752861023,401855,8947,50,0.8526881748928794,0.5030523565468268,0.0027283740723019,0.84,43.58,0.6925832476811302,0.5651393108194882,0.6224043874131473,1159,61,0.5930403470993042,0.852687150527688,0.503059853990985,0.6226019212935573,0.0027283740723019,0.84,43.58,-1.0243651914487728e-06,7.497444158177657e-06,0.00019753388040999464,0.0,0.0,0.0
44,loo_sample,9,P1_FCV01D,False,0.5931010842323303,401855,8947,50,0.8526901640274535,0.5030519383073956,0.0027283740723019,0.84,43.58,0.6930152240234029,0.5651774787584195,0.6226019212935573,1159,61,0.5930403470993042,0.852687150527688,0.503059853990985,0.6226019212935573,0.0027283740723019,0.84,43.58,-3.013499765502914e-06,7.915683589376776e-06,0.0,0.0,0.0,0.0
44,loo_sample,10,P1_FCV01Z,False,0.5931352972984314,401855,8947,50,0.8527046914659322,0.5030575650502389,0.0027283740723019,0.84,43.58,0.6925832476811302,0.5651393108194882,0.6224043874131473,1159,61,0.5930403470993042,0.852687150527688,0.503059853990985,0.6226019212935573,0.0027283740723019,0.84,43.58,-1.7540938244242632e-05,2.2889407460535693e-06,0.00019753388040999464,0.0,0.0,0.0
44,loo_sample,11,P1_FCV02D,False,0.5943515300750732,401855,8947,50,0.8528654318876292,0.5031029286760227,0.0027283740723019,0.84,43.6,0.6918403854897888,0.5651102112114288,0.6220866076913365,1159,61,0.5930403470993042,0.852687150527688,0.503059853990985,0.6226019212935573,0.0027283740723019,0.84,43.58,-0.00017828135994124583,-4.307468503772505e-05,0.0005153136022207905,0.0,0.0,0.020000000000003126
44,loo_sample,12,P1_FCV02Z,False,0.5934627652168274,401855,8947,50,0.8526870136991245,0.5030960702006414,0.0027283740723019,0.84,43.6,0.6927018353788106,0.5650726350234886,0.62241182439951,1159,61,0.5930403470993042,0.852687150527688,0.503059853990985,0.6226019212935573,0.0027283740723019,0.84,43.58,1.3682856347951855e-07,-3.621620965643668e-05,0.0001900968940472536,0.0,0.0,0.020000000000003126
44,loo_sample,13,P1_FCV03D,True,0.5930987000465393,401855,8947,50,0.852004309572917,0.5029937277078605,0.0027283740723019,0.84,43.58,0.6917727747467438,0.565245478226783,0.6221412170603171,1162,61,0.5930403470993042,0.852687150527688,0.503059853990985,0.6226019212935573,0.0027283740723019,0.84,43.58,0.0006828409547710024,6.612628312441249e-05,0.0004607042332401834,0.0,0.0,0.0
44,loo_sample,14,P1_FCV03Z,True,0.5938069820404053,401855,8947,50,0.8516888814733055,0.5026020771581932,0.0027258289472344,0.84,43.58,0.6938692257133721,0.5652542567359609,0.6229929612457235,1161,60,0.5930403470993042,0.852687150527688,0.503059853990985,0.6226019212935573,0.0027283740723019,0.84,43.58,0.0009982690543824946,0.0004577768327918008,-0.00039103995216616116,0.0,-2.5451250675002576e-06,0.0
44,loo_sample,15,P1_LCV01D,True,0.5931704640388489,401855,8947,50,0.851018320526523,0.5009535908616743,0.0027309191973693,0.84,43.7,0.6945176306861018,0.5642469091203042,0.6226413503902163,1163,59,0.5930403470993042,0.852687150527688,0.503059853990985,0.6226019212935573,0.0027283740723019,0.84,43.58,0.0016688300011649115,0.002106263129310615,-3.9429096658993856e-05,0.0,2.5451250674000774e-06,0.12000000000000455
44,loo_sample,16,P1_LCV01Z,True,0.5929537415504456,401855,8947,50,0.8520749978827984,0.5021526132124957,0.0027283740723019,0.84,43.64,0.6912325046428903,0.564649830368148,0.621561918040877,1164,62,0.5930403470993042,0.852687150527688,0.503059853990985,0.6226019212935573,0.0027283740723019,0.84,43.58,0.0006121526448895631,0.0009072407784892489,0.0010400032526802772,0.0,0.0,0.060000000000002274
44,loo_sample,17,P1_PCV01D,False,0.5931425094604492,401855,8947,50,0.852776581079397,0.503074492602073,0.0027283740723019,0.84,43.58,0.6925832476811302,0.5651393108194882,0.6224043874131473,1159,61,0.5930403470993042,0.852687150527688,0.503059853990985,0.6226019212935573,0.0027283740723019,0.84,43.58,-8.943055170906877e-05,-1.4638611088080289e-05,0.00019753388040999464,0.0,0.0,0.0
44,loo_sample,18,P1_PCV01Z,False,0.5931411385536194,401855,8947,50,0.8527745595156,0.5031042396930312,0.0027283740723019,0.84,43.58,0.6931937991144366,0.565216238448342,0.622697499155368,1159,61,0.5930403470993042,0.852687150527688,0.503059853990985,0.6226019212935573,0.0027283740723019,0.84,43.58,-8.740898791204099e-05,-4.43857020462346e-05,-9.557786181069172e-05,0.0,0.0,0.0
44,loo_sample,19,P1_PCV02Z,False,0.5965784788131714,401855,8947,50,0.8540575386570931,0.5068450993789595,0.0026901971962902,0.84,44.3,0.7037911569162859,0.5743169992732811,0.6324961207669221,1173,54,0.5930403470993042,0.852687150527688,0.503059853990985,0.6226019212935573,0.0027283740723019,0.84,43.58,-0.0013703881294051534,-0.003785245387974534,-0.009894199473364784,0.0,-3.8176876011700254e-05,0.7199999999999989
44,loo_sample,20,P2_CO_rpm,True,0.595999538898468,401855,8947,50,0.8526627974613571,0.4959114190356846,0.0027029228216274,0.82,46.34,0.6800741365076083,0.5264251228385128,0.5934659438487193,1163,60,0.5930403470993042,0.852687150527688,0.503059853990985,0.6226019212935573,0.0027283740723019,0.84,43.58,2.4353066330862205e-05,0.007148434955300376,0.02913597744483798,0.020000000000000018,-2.545125067449994e-05,2.760000000000005
44,loo_sample,21,P3_LCP01D,False,0.5951810479164124,401855,8947,50,0.8533367542313756,0.50444673821763,0.0027283740723019,0.84,43.62,0.7043779698505857,0.5764587466768459,0.63403060897209,1148,55,0.5930403470993042,0.852687150527688,0.503059853990985,0.6226019212935573,0.0027283740723019,0.84,43.58,-0.0006496037036876068,-0.0013868842266450132,-0.011428687678532667,0.0,0.0,0.03999999999999915
44,loo_sample,22,P3_LCV01D,False,0.5932014584541321,401855,8947,50,0.8487796078080098,0.4999451853481876,0.0027283740723019,0.84,43.74,0.6928065827871382,0.5647215999753485,0.6222410714415006,1158,60,0.5930403470993042,0.852687150527688,0.503059853990985,0.6226019212935573,0.0027283740723019,0.84,43.58,0.003907542719678192,0.003114668642797358,0.0003608498520566439,0.0,0.0,0.1600000000000037
44,loo_sample,23,P4_HT_LD,False,0.5934299826622009,401855,8947,50,0.8527272678944392,0.5031912725543901,0.0027283740723019,0.84,43.58,0.6911053218892398,0.5650559774861549,0.621756447042564,1161,62,0.5930403470993042,0.852687150527688,0.503059853990985,0.6226019212935573,0.0027283740723019,0.84,43.58,-4.0117366751246664e-05,-0.00013141856340515012,0.0008454742509932389,0.0,0.0,0.0
44,loo_sample,24,P4_HT_PS,False,0.5930996537208557,401855,8947,50,0.8526869600771199,0.5030621097454665,0.0027283740723019,0.84,43.58,0.6930152240234029,0.5651774787584195,0.6226019212935573,1159,61,0.5930403470993042,0.852687150527688,0.503059853990985,0.6226019212935573,0.0027283740723019,0.84,43.58,1.904505680938584e-07,-2.2557544815393626e-06,0.0,0.0,0.0,0.0
44,loo_sample,25,P4_LD,True,0.5931538939476013,401855,8947,50,0.8526254855068575,0.5030230634846367,0.0027283740723019,0.84,43.58,0.6930152240234029,0.5651774787584195,0.6226019212935573,1159,61,0.5930403470993042,0.852687150527688,0.503059853990985,0.6226019212935573,0.0027283740723019,0.84,43.58,6.166502083049252e-05,3.6790506348305385e-05,0.0,0.0,0.0,0.0
44,loo_sample,26,P4_ST_GOV,True,0.5930832624435425,401855,8947,50,0.8527065643957907,0.5030646688718904,0.0027283740723019,0.84,43.58,0.6930152240234029,0.5651774787584195,0.6226019212935573,1159,61,0.5930403470993042,0.852687150527688,0.503059853990985,0.6226019212935573,0.0027283740723019,0.84,43.58,-1.9413868102780008e-05,-4.814880905423813e-06,0.0,0.0,0.0,0.0
44,loo_sample,27,P4_ST_LD,True,0.5933934450149536,401855,8947,50,0.85271451111998,0.5030792857795996,0.0027283740723019,0.84,43.6,0.6927018353788105,0.5650865504178906,0.6224202656703848,1159,61,0.5930403470993042,0.852687150527688,0.503059853990985,0.6226019212935573,0.0027283740723019,0.84,43.58,-2.7360592292025032e-05,-1.943178861463224e-05,0.00018165562317251638,0.0,0.0,0.020000000000003126
44,loo_sample,28,P4_ST_PS,False,0.5930818915367126,401855,8947,50,0.852687838510808,0.5030622003017919,0.0027283740723019,0.84,43.58,0.6930152240234029,0.5651774787584195,0.6226019212935573,1159,61,0.5930403470993042,0.852687150527688,0.503059853990985,0.6226019212935573,0.0027283740723019,0.84,43.58,-6.879831200290454e-07,-2.3463108069776695e-06,0.0,0.0,0.0,0.0
44,zero,1,P1_B2004,True,0.5934091806411743,401855,8947,50,0.8521601777883333,0.5028427997434993,0.0027283740723019,0.84,43.58,0.6921591199978947,0.5650872274861549,0.6222014943715385,1159,61,0.5930403470993042,0.852687150527688,0.503059853990985,0.6226019212935573,0.0027283740723019,0.84,43.58,0.0005269727393546475,0.0002170542474856374,0.0004004269220188039,0.0,0.0,0.0
44,zero,2,P1_B2016,True,0.6010252237319946,401855,8947,50,0.8476022628777238,0.4992276242105102,0.0027181935720321,0.84,43.6,0.6923114140226228,0.5650435642304075,0.6222365452916888,1159,60,0.5930403470993042,0.852687150527688,0.503059853990985,0.6226019212935573,0.0027283740723019,0.84,43.58,0.005084887649964176,0.0038322297804747607,0.0003653760018684782,0.0,-1.0180500269800236e-05,0.020000000000003126
44,zero,3,P1_B3004,False,0.6004021167755127,401855,8947,50,0.851725347138873,0.5018818345817355,0.0026978325714925,0.84,43.62,0.6963668937311058,0.5643278004795337,0.6234327776117067,1148,57,0.5930403470993042,0.852687150527688,0.503059853990985,0.6226019212935573,0.0027283740723019,0.84,43.58,0.000961803388814908,0.0011780194092494423,-0.0008308563181493867,0.0,-3.0541500809400275e-05,0.03999999999999915
44,zero,4,P1_B3005,False,0.6270139217376709,401855,8947,50,0.8489232450859723,0.4985034727578837,0.0026596556954808,0.84,43.88,0.687962484248683,0.5623987033862222,0.618875910330636,1130,67,0.5930403470993042,0.852687150527688,0.503059853990985,0.6226019212935573,0.0027283740723019,0.84,43.58,0.003763905441715676,0.004556381233101259,0.0037260109629212446,0.0,-6.87183768211001e-05,0.30000000000000426
44,zero,5,P1_B4002,True,0.597670316696167,401855,8947,50,0.8496498087405788,0.5010936687288531,0.0026978325714925,0.84,43.64,0.6936450115633354,0.5645377469515995,0.6224672677511234,1147,60,0.5930403470993042,0.852687150527688,0.503059853990985,0.6226019212935573,0.0027283740723019,0.84,43.58,0.003037341787109127,0.001966185262131881,0.0001346535424339157,0.0,-3.0541500809400275e-05,0.060000000000002274
44,zero,6,P1_B4005,False,0.6137656569480896,401855,8947,50,0.8484734574530626,0.5001643217503158,0.0026647459456157,0.84,43.78,0.6992418644672079,0.5633558811314445,0.6239865674623749,1135,56,0.5930403470993042,0.852687150527688,0.503059853990985,0.6226019212935573,0.0027283740723019,0.84,43.58,0.00421369307462538,0.0028955322406691852,-0.001384646168817616,0.0,-6.36281266862002e-05,0.20000000000000284
44,zero,7,P1_B400B,False,0.6144772171974182,401855,8947,50,0.8491611371892572,0.5007526467994318,0.0026672910706832,0.84,43.6,0.6997234459390779,0.5642398906606505,0.6247204633189258,1137,57,0.5930403470993042,0.852687150527688,0.503059853990985,0.6226019212935573,0.0027283740723019,0.84,43.58,0.0035260133384307224,0.0023072071915531955,-0.0021185420253685416,0.0,-6.108300161869994e-05,0.020000000000003126
44,zero,8,P1_B4022,True,0.5997936129570007,401855,8947,50,0.8456426811398736,0.501010488170718,0.0026952874464251,0.84,43.6,0.6953724968608864,0.5642458621603524,0.6229840192528538,1148,58,0.5930403470993042,0.852687150527688,0.503059853990985,0.6226019212935573,0.0027283740723019,0.84,43.58,0.007044469387814334,0.002049365820266935,-0.00038209795929655677,0.0,-3.308662587679992e-05,0.020000000000003126
44,zero,9,P1_FCV01D,False,0.6026173233985901,401855,8947,50,0.8525416566767118,0.5018660007301021,0.0026851069461553,0.84,43.62,0.6982703079915719,0.5639335560317984,0.6239531807514975,1143,57,0.5930403470993042,0.852687150527688,0.503059853990985,0.6226019212935573,0.0027283740723019,0.84,43.58,0.00014549385097617495,0.0011938532608828378,-0.0013512594579402348,0.0,-4.3267126146600155e-05,0.03999999999999915
44,zero,10,P1_FCV01Z,False,0.6011185050010681,401855,8947,50,0.8485244549663454,0.4996586294477828,0.0026876520712227,0.84,43.62,0.6972369173665872,0.5643817007049813,0.6238141250945461,1143,57,0.5930403470993042,0.852687150527688,0.503059853990985,0.6226019212935573,0.0027283740723019,0.84,43.58,0.004162695561342522,0.003401224543202186,-0.0012122038009888536,0.0,-4.072200107920008e-05,0.03999999999999915
44,zero,11,P1_FCV02D,False,0.5950234532356262,401855,8947,50,0.8524953804600361,0.5029293535385662,0.0027283740723019,0.84,43.72,0.691450432394293,0.5647507798334843,0.6217111830649484,1159,61,0.5930403470993042,0.852687150527688,0.503059853990985,0.6226019212935573,0.0027283740723019,0.84,43.58,0.0001917700676518086,0.00013050045241880248,0.0008907382286088561,0.0,0.0,0.14000000000000057
44,zero,12,P1_FCV02Z,False,0.5958554744720459,401855,8947,50,0.8511043421695201,0.5020548132284859,0.0027054679466949,0.84,43.46,0.6947998740797939,0.5647581841255485,0.6230660232924223,1152,60,0.5930403470993042,0.852687150527688,0.503059853990985,0.6226019212935573,0.0027283740723019,0.84,43.58,0.0015828083581678198,0.0010050407624990765,-0.0004641019988650408,0.0,-2.2906125607000116e-05,-0.11999999999999744
44,zero,13,P1_FCV03D,True,0.6016947627067566,401855,8947,50,0.8514151465446602,0.5037301599904744,0.0027029228216274,0.84,43.76,0.6913633620412805,0.5654509702070165,0.6220999773808978,1152,60,0.5930403470993042,0.852687150527688,0.503059853990985,0.6226019212935573,0.0027283740723019,0.84,43.58,0.0012720039830277363,-0.0006703059994894733,0.0005019439126594527,0.0,-2.545125067449994e-05,0.17999999999999972
44,zero,14,P1_FCV03Z,True,0.6114127039909363,401855,8947,50,0.8467624765737409,0.4991725137246702,0.0026876520712227,0.84,43.78,0.6939222835120696,0.5635142108719761,0.6219559711305052,1145,60,0.5930403470993042,0.852687150527688,0.503059853990985,0.6226019212935573,0.0027283740723019,0.84,43.58,0.005924673953947024,0.003887340266314765,0.0006459501630521336,0.0,-4.072200107920008e-05,0.20000000000000284
44,zero,15,P1_LCV01D,True,0.6021930575370789,401855,8947,50,0.8517078963766259,0.501848932818269,0.0026927423213576,0.84,43.68,0.7003180454252997,0.5632145613263028,0.6243278861748357,1149,55,0.5930403470993042,0.852687150527688,0.503059853990985,0.6226019212935573,0.0027283740723019,0.84,43.58,0.0009792541510620367,0.0012109211727159286,-0.0017259648812784079,0.0,-3.5631750944300176e-05,0.10000000000000142
44,zero,16,P1_LCV01Z,True,0.6037481427192688,401855,8947,50,0.8540810626447373,0.5056355105461402,0.0026927423213576,0.84,43.68,0.6916835706029928,0.5643582747668493,0.6215674231381014,1152,61,0.5930403470993042,0.852687150527688,0.503059853990985,0.6226019212935573,0.0027283740723019,0.84,43.58,-0.0013939121170493118,-0.002575656555155237,0.0010344981554558652,0.0,-3.5631750944300176e-05,0.10000000000000142
44,zero,17,P1_PCV01D,False,0.6011091470718384,401855,8947,50,0.8511754523437668,0.5017131575212953,0.0026978325714925,0.84,43.72,0.6948369481945516,0.5641223338309851,0.6226937541885631,1147,57,0.5930403470993042,0.852687150527688,0.503059853990985,0.6226019212935573,0.0027283740723019,0.84,43.58,0.0015116981839211618,0.0013466964696896566,-9.18328950058056e-05,0.0,-3.0541500809400275e-05,0.14000000000000057
44,zero,18,P1_PCV01Z,False,0.6016945242881775,401855,8947,50,0.8548384743132034,0.5027360777122939,0.0026927423213576,0.84,43.76,0.696527902486344,0.5638164807251137,0.6231850848670891,1146,57,0.5930403470993042,0.852687150527688,0.503059853990985,0.6226019212935573,0.0027283740723019,0.84,43.58,-0.0021513237855154133,0.00032377627869106806,-0.0005831635735318308,0.0,-3.5631750944300176e-05,0.17999999999999972
44,zero,19,P1_PCV02Z,False,0.5994131565093994,401855,8947,50,0.8451628752829582,0.495636907627004,0.0026876520712227,0.84,44.18,0.6903172830552637,0.5615823529628434,0.6193308040924856,1184,59,0.5930403470993042,0.852687150527688,0.503059853990985,0.6226019212935573,0.0027283740723019,0.84,43.58,0.007524275244729761,0.007422946363980942,0.0032711172010716494,0.0,-4.072200107920008e-05,0.6000000000000014
44,zero,20,P2_CO_rpm,True,0.5961737632751465,401855,8947,50,0.851605103847196,0.4966074004299396,0.0027181935720321,0.82,46.44,0.6781963939798801,0.5256470486154917,0.592256302212571,1172,61,0.5930403470993042,0.852687150527688,0.503059853990985,0.6226019212935573,0.0027283740723019,0.84,43.58,0.0010820466804919437,0.006452453561045346,0.03034561908098632,0.020000000000000018,-1.0180500269800236e-05,2.8599999999999994
44,zero,21,P3_LCP01D,False,0.6033229827880859,401855,8947,50,0.8519320276796413,0.5005034036753641,0.0026749264458855,0.84,43.74,0.70292671424663,0.5643912897200172,0.6260870808914198,1139,54,0.5930403470993042,0.852687150527688,0.503059853990985,0.6226019212935573,0.0027283740723019,0.84,43.58,0.0007551228480466854,0.002556450315620906,-0.0034851595978625527,0.0,-5.344762641639996e-05,0.1600000000000037
44,zero,22,P3_LCV01D,False,0.6080270409584045,401855,8947,50,0.8451363092066283,0.497633211050337,0.0026851069461553,0.84,43.6,0.7030748608342453,0.5638986982020773,0.6258425772746082,1140,54,0.5930403470993042,0.852687150527688,0.503059853990985,0.6226019212935573,0.0027283740723019,0.84,43.58,0.007550841321059654,0.0054266429406479855,-0.003240655981050944,0.0,-4.3267126146600155e-05,0.020000000000003126
44,zero,23,P4_HT_LD,False,0.6171114444732666,401855,8947,50,0.8475100446929423,0.5004227146036425,0.0026469300701436,0.84,43.8,0.6989802631967188,0.5630734396817259,0.623709149888247,1130,56,0.5930403470993042,0.852687150527688,0.503059853990985,0.6226019212935573,0.0027283740723019,0.84,43.58,0.005177105834745621,0.0026371393873424465,-0.001107228594689702,0.0,-8.144400215829998e-05,0.21999999999999886
44,zero,24,P4_HT_PS,False,0.6008217930793762,401855,8947,50,0.8503149235691745,0.5006621246265177,0.0026851069461553,0.84,43.48,0.6986162561294874,0.5640579979931866,0.624167453341627,1143,56,0.5930403470993042,0.852687150527688,0.503059853990985,0.6226019212935573,0.0027283740723019,0.84,43.58,0.002372226958513468,0.0023977293644672493,-0.001565532048069751,0.0,-4.3267126146600155e-05,-0.10000000000000142
44,zero,25,P4_LD,True,0.5970557928085327,401855,8947,50,0.8514654337441738,0.503616100454684,0.0027258289472344,0.84,43.6,0.6879343829710173,0.5659383056022209,0.6210015141284199,1163,65,0.5930403470993042,0.852687150527688,0.503059853990985,0.6226019212935573,0.0027283740723019,0.84,43.58,0.0012217167835141263,-0.0005562464636990061,0.0016004071651374296,0.0,-2.5451250675002576e-06,0.020000000000003126
44,zero,26,P4_ST_GOV,True,0.5993149280548096,401855,8947,50,0.8496691492162297,0.5014162177314365,0.0027131033218972,0.84,43.6,0.6941819216086511,0.5645177532995601,0.6226712004136559,1157,59,0.5930403470993042,0.852687150527688,0.503059853990985,0.6226019212935573,0.0027283740723019,0.84,43.58,0.0030180013114582405,0.0016436362595484422,-6.92791200985754e-05,0.0,-1.5270750404700138e-05,0.020000000000003126
44,zero,27,P4_ST_LD,True,0.614769697189331,401855,8947,50,0.850173137743822,0.4988930051580721,0.0026469300701436,0.84,43.82,0.6993610908341682,0.5635070626958134,0.6241267751635419,1126,57,0.5930403470993042,0.852687150527688,0.503059853990985,0.6226019212935573,0.0027283740723019,0.84,43.58,0.002514012783865982,0.004166848832912851,-0.001524853869984577,0.0,-8.144400215829998e-05,0.240000000000002
44,zero,28,P4_ST_PS,False,0.6022986173629761,401855,8947,50,0.8472934783595796,0.4991053006361017,0.0026851069461553,0.84,43.72,0.6987460823931034,0.5635622977538728,0.623915604036668,1142,56,0.5930403470993042,0.852687150527688,0.503059853990985,0.6226019212935573,0.0027283740723019,0.84,43.58,0.005393672168108377,0.003954553354883261,-0.0013136827431107223,0.0,-4.3267126146600155e-05,0.14000000000000057
